Player,Tm,Age,Birthday,League_Entry_Date,G,GS,G%,GS%,Cmp,Att,Cmp%,Yds,TD,TD%,Int,Int%,1D,Lng,Y/A,AY/A,Y/C,Y/G,Rate,Sk,Yds-s,Sk%,NY/A,ANY/A,Year,Games_In_Season,Contract_Value,Contract_APY,Contract_Source,Contract_Year_Signed,Contract_Length,issue
Emmanuel Sanders,2TM,32,17/03/1987,22/04/2010,17,16,106.25,100.0,1,1,100.0,35,1,100.0,0,0.0,0.1,35,35.0,55.0,35.0,2.1,158.3,0,0,0.0,35.0,55.0,2019,16,,,,,,games exceeds team schedule (review only)
Kurt Warner,STL,30,22/06/1971,18/04/1998,16,16,100.0,100.0,375,546,68.7,4830,36,6.6,22,4.0,23.3,65,8.8,8.4,12.9,301.9,101.4,38,233,6.5,7.87,7.41,2001,16,46500000.0,6642857.0,OverTheCap – Quarterback Contract History,2000.0,7.0,fractional first-down count
Peyton Manning,IND,25,24/03/1976,18/04/1998,16,16,100.0,100.0,343,547,62.7,4131,26,4.8,23,4.2,20.1,86,7.6,6.6,12.0,258.2,84.1,29,232,5.0,6.77,5.88,2001,16,46314000.0,7719000.0,OverTheCap – Quarterback Contract History,1998.0,6.0,fractional first-down count
Brett Favre,GNB,32,01/07/1973,21/04/1991,16,16,100.0,100.0,314,510,61.6,3921,32,6.3,15,2.9,18.7,67,7.7,7.6,12.5,245.1,94.1,22,151,4.1,7.09,7.02,2001,16,80600000.0,11514286.0,OverTheCap – Quarterback Contract History,2001.0,7.0,fractional first-down count
Aaron Brooks,NOR,25,24/03/1976,15/04/2000,16,16,100.0,100.0,312,558,55.9,3832,26,4.7,22,3.9,18.2,63,6.9,6.0,12.3,239.5,76.4,50,330,8.2,5.76,4.99,2001,16,,,,,,fractional first-down count
Rich Gannon,OAK,36,20/12/1965,28/04/1987,16,16,100.0,100.0,361,549,65.8,3828,27,4.9,9,1.6,19.5,49,7.0,7.2,10.6,239.3,95.5,27,155,4.7,6.38,6.61,2001,16,,,,,,fractional first-down count
Trent Green,KAN,31,09/07/1970,19/04/1997,16,16,100.0,100.0,296,523,56.6,3783,17,3.3,24,4.6,17.6,67,7.2,5.8,12.8,236.4,71.1,39,198,6.9,6.38,5.06,2001,16,,,,,,fractional first-down count
Kerry Collins,NYG,29,30/12/1972,22/04/1995,16,16,100.0,100.0,327,568,57.6,3764,19,3.3,16,2.8,18.9,76,6.6,6.0,11.5,235.3,77.1,36,206,6.0,5.89,5.33,2001,16,,,,,,fractional first-down count
Jake Plummer,ARI,27,19/12/1974,19/04/1997,16,16,100.0,100.0,304,525,57.9,3653,18,3.4,14,2.7,17.7,68,7.0,6.4,12.0,228.3,79.6,29,204,5.2,6.23,5.74,2001,16,29491200.0,7372800.0,OverTheCap – Quarterback Contract History,1998.0,4.0,fractional first-down count
Jeff Garcia,SFO,31,24/02/1970,17/04/1999,16,16,100.0,100.0,316,504,62.7,3538,32,6.3,12,2.4,18.4,61,7.0,7.2,11.2,221.1,94.8,26,114,4.9,6.46,6.65,2001,16,28177087.3125,7044271.828125,Spotrac 2026 Rookie Scale – 1st-round average fallback (pick not found),1999.0,4.0,fractional first-down count
Doug Flutie,SDG,39,23/10/1962,30/04/1985,16,16,100.0,100.0,294,521,56.4,3464,15,2.9,18,3.5,16.8,78,6.6,5.7,11.8,216.5,72.0,25,168,4.6,6.04,5.1,2001,16,,,,,,fractional first-down count
Brad Johnson,TAM,33,13/09/1968,24/04/1994,16,16,100.0,100.0,340,559,60.8,3406,13,2.3,11,2.0,18.1,47,6.1,5.7,10.0,212.9,77.7,44,269,7.3,5.2,4.81,2001,16,,,,,,fractional first-down count
Steve McNair,TEN,28,14/02/1973,22/04/1995,15,15,93.75,93.75,264,431,61.3,3350,21,4.9,12,2.8,16.1,71,7.8,7.5,12.7,223.3,90.2,37,251,7.9,6.62,6.37,2001,16,42542500.0,8508500.0,OverTheCap – Quarterback Contract History,2001.0,5.0,fractional first-down count
Mark Brunell,JAX,31,19/03/1971,24/04/1994,15,15,93.75,93.75,289,473,61.1,3309,19,4.0,13,2.7,16.5,44,7.0,6.6,11.4,220.6,84.1,57,387,10.8,5.51,5.13,2001,16,30000000.0,7500000.0,OverTheCap – Quarterback Contract History,2001.0,4.0,fractional first-down count
Jay Fiedler,MIA,30,06/12/1970,24/04/1994,16,16,100.0,100.0,273,450,60.7,3290,20,4.4,19,4.2,15.2,74,7.3,6.3,12.1,205.6,80.3,27,178,5.7,6.52,5.57,2001,16,,,,,,fractional first-down count
Donovan McNabb,PHI,25,25/11/1976,17/04/1999,16,16,100.0,100.0,285,493,57.8,3233,25,5.1,12,2.4,13.4,64,6.6,6.5,11.3,202.1,84.3,39,273,7.3,5.56,5.49,2001,16,39550000.0,5650000.0,OverTheCap – Quarterback Contract History,1999.0,7.0,fractional first-down count
Jon Kitna,CIN,29,01/11/1977,19/04/1997,16,15,100.0,93.75,313,581,53.9,3216,12,2.1,22,3.8,17.2,49,5.5,4.2,10.3,201.0,61.1,25,185,4.1,5.0,3.76,2001,16,,,,,,fractional first-down count
Kordell Stewart,PIT,29,16/10/1972,22/04/1995,16,16,100.0,100.0,266,442,60.2,3109,14,3.2,11,2.5,14.7,90,7.0,6.5,11.7,194.3,81.7,29,175,6.2,6.23,5.77,2001,16,,,,,,fractional first-down count
Tim Couch,CLE,24,31/07/1977,17/04/1999,16,16,100.0,100.0,272,454,59.9,3040,17,3.7,21,4.6,13.5,78,6.7,5.4,11.2,190.0,73.1,51,353,10.1,5.32,4.12,2001,16,47950000.0,6850000.0,OverTheCap – Quarterback Contract History,1999.0,7.0,fractional first-down count
Elvis Grbac,BAL,31,06/10/1975,25/04/1993,14,14,87.5,87.5,265,467,56.7,3033,15,3.2,18,3.9,15.1,77,6.5,5.4,11.4,216.6,71.1,28,215,5.7,5.69,4.66,2001,16,,,,,,fractional first-down count
Chris Weinke,CAR,29,31/07/1972,21/04/2001,15,15,93.75,93.75,293,540,54.3,2931,11,2.0,19,3.5,13.8,48,5.4,4.3,10.0,195.4,62.0,26,177,4.6,4.87,3.74,2001,16,,,,,,fractional first-down count
Chris Chandler,ATL,36,12/10/1965,24/04/1988,14,14,87.5,87.5,223,365,61.1,2847,16,4.4,14,3.8,12.8,94,7.8,7.0,12.8,203.4,84.1,41,261,10.1,6.37,5.61,2001,16,,,,,,fractional first-down count
Tom Brady,NWE,24,03/08/1977,15/04/2000,15,14,93.75,87.5,264,413,63.9,2843,18,4.4,12,2.9,14.5,91,6.9,6.4,10.8,189.5,86.5,41,216,9.0,5.79,5.39,2001,16,864500.0,288167.0,OverTheCap – Quarterback Contract History,2000.0,3.0,fractional first-down count
Vinny Testaverde,NYJ,38,13/11/1963,28/04/1987,16,16,100.0,100.0,260,441,59.0,2752,15,3.4,14,3.2,14.7,40,6.2,5.5,10.6,172.0,75.3,18,122,3.9,5.73,5.01,2001,16,,,,,,fractional first-down count
Daunte Culpepper,MIN,24,28/01/1977,17/04/1999,11,11,68.75,68.75,235,366,64.2,2612,14,3.8,13,3.6,12.7,57,7.1,6.3,11.1,237.5,83.3,33,186,8.3,6.08,5.32,2001,16,28952410.0,7238102.5,Spotrac 2026 Rookie Scale – exact 1st-round draft slot,1999.0,4.0,fractional first-down count
Charlie Batch,DET,27,05/12/1974,18/04/1998,10,9,62.5,56.25,198,341,58.1,2392,12,3.5,12,3.5,10.8,76,7.0,6.1,12.1,239.2,76.8,33,176,8.8,5.93,5.12,2001,16,,,,,,fractional first-down count
Tony Banks,WAS,28,05/04/1973,20/04/1996,15,14,93.75,87.5,198,370,53.5,2386,10,2.7,10,2.7,10.6,85,6.4,5.8,12.1,159.1,71.3,29,173,7.3,5.55,4.92,2001,16,,,,,,fractional first-down count
Jim Miller,CHI,30,09/02/1971,22/04/1995,14,13,87.5,81.25,228,395,57.7,2299,13,3.3,10,2.5,10.6,66,5.8,5.3,10.1,164.2,74.9,11,72,2.7,5.49,5.02,2001,16,,,,,,fractional first-down count
Alex Van Pelt,BUF,31,01/05/1970,25/04/1993,12,8,75.0,50.0,178,307,58.0,2056,12,3.9,11,3.6,9.9,80,6.7,5.9,11.6,171.3,76.4,14,73,4.4,6.18,5.38,2001,16,,,,,,fractional first-down count
Matt Hasselbeck,SEA,26,25/09/1975,17/04/1999,13,12,81.25,75.0,176,321,54.8,2023,7,2.2,8,2.5,9.2,64,6.3,5.6,11.5,155.6,70.9,38,251,10.6,4.94,4.32,2001,16,18105000.0,4526250.0,OverTheCap – Quarterback Contract History,2000.0,4.0,fractional first-down count
Rob Johnson,BUF,28,18/03/1973,22/04/1995,8,8,50.0,50.0,134,216,62.0,1465,5,2.3,7,3.2,7.1,61,6.8,5.8,10.9,183.1,76.3,31,196,12.6,5.14,4.27,2001,16,24650000.0,6162500.0,OverTheCap – Quarterback Contract History,1998.0,4.0,fractional first-down count
Quincy Carter,DAL,24,13/10/1977,21/04/2001,8,8,50.0,50.0,90,176,51.1,1072,5,2.8,7,4.0,4.6,64,6.1,4.9,11.9,134.0,63.0,12,56,6.4,5.4,4.26,2001,16,,,,,,fractional first-down count
Trent Dilfer,SEA,29,13/03/1972,24/04/1994,6,4,37.5,25.0,73,122,59.8,1014,7,5.7,4,3.3,4.3,54,8.3,8.0,13.9,169.0,92.0,10,72,7.6,7.14,6.83,2001,16,,,,,,fractional first-down count
Ty Detmer,DET,34,30/10/1967,26/04/1992,4,4,25.0,25.0,92,151,60.9,906,3,2.0,10,6.6,4.3,27,6.0,3.4,9.8,226.5,56.9,12,75,7.4,5.1,2.71,2001,16,,,,,,fractional first-down count
Todd Bouman,MIN,29,01/08/1972,21/04/2001,5,3,31.25,18.75,51,89,57.3,795,8,9.0,4,4.5,3.2,80,8.9,8.7,15.6,159.0,98.3,4,27,4.3,8.26,8.04,2001,16,28177087.3125,7044271.828125,Spotrac 2026 Rookie Scale – 1st-round average fallback (pick not found),2001.0,4.0,fractional first-down count
Michael Vick,ATL,21,16/02/1982,21/04/2001,8,2,50.0,12.5,50,113,44.2,785,2,1.8,3,2.7,3.4,52,6.9,6.1,15.7,98.1,62.7,21,113,15.7,5.01,4.31,2001,16,37300000.0,6216667.0,OverTheCap – Quarterback Contract History,2001.0,6.0,fractional first-down count
Shane Matthews,CHI,31,01/06/1970,26/04/1992,4,3,25.0,18.75,84,129,65.1,694,5,3.9,6,4.7,4.5,34,5.4,4.1,8.3,173.5,72.3,6,48,4.4,4.79,3.53,2001,16,,,,,,fractional first-down count
Mike McMahon,DET,22,08/02/1979,21/04/2001,8,3,50.0,18.75,53,115,46.1,671,3,2.6,1,0.9,3.3,69,5.8,6.0,12.7,83.9,69.9,21,122,15.4,4.04,4.15,2001,16,,,,,,fractional first-down count
Randall Cunningham,BAL,38,27/03/1963,30/04/1985,6,2,37.5,12.5,54,89,60.7,573,3,3.4,2,2.2,3.1,30,6.4,6.1,10.6,95.5,81.3,12,66,11.9,5.02,4.72,2001,16,,,,,,fractional first-down count
Anthony Wright,DAL,25,14/02/1976,15/04/2000,4,3,25.0,18.75,48,98,49.0,529,5,5.1,5,5.1,2.3,80,5.4,4.1,11.0,132.3,61.1,5,30,4.9,4.84,3.63,2001,16,28177087.3125,7044271.828125,Spotrac 2026 Rookie Scale – 1st-round average fallback (pick not found),2000.0,4.0,fractional first-down count
Neil O'Donnell,TEN,35,03/07/1966,22/04/1990,5,1,31.25,6.25,42,76,55.3,496,2,2.6,2,2.6,1.9,35,6.5,5.9,11.8,99.2,73.1,6,58,7.3,5.34,4.73,2001,16,,,,,,fractional first-down count
Ryan Leaf,DAL,25,11/05/1978,18/04/1998,4,3,25.0,18.75,45,88,51.1,494,1,1.1,3,3.4,2.4,38,5.6,4.3,11.0,123.5,57.7,12,82,12.0,4.12,2.97,2001,16,54675584.0,13668896.0,Spotrac 2026 Rookie Scale – exact 1st-round draft slot,1998.0,4.0,fractional first-down count
Drew Bledsoe,NWE,29,14/02/1972,25/04/1993,2,2,12.5,12.5,40,66,60.6,400,2,3.0,2,3.0,1.8,58,6.1,5.3,10.0,200.0,75.3,5,21,7.0,5.34,4.63,2001,16,95400000.0,10600000.0,OverTheCap – Quarterback Contract History,2001.0,9.0,fractional first-down count
Jonathan Quinn,JAX,26,27/02/1975,18/04/1998,6,1,37.5,6.25,32,61,52.5,361,1,1.6,1,1.6,1.7,45,5.9,5.5,11.3,60.2,69.1,6,43,9.0,4.75,4.37,2001,16,,,,,,fractional first-down count
Clint Stoerner,DAL,24,29/12/1977,21/04/2001,4,2,25.0,12.5,26,49,53.1,314,3,6.1,5,10.2,1.8,28,6.4,3.0,12.1,78.5,53.8,5,22,9.3,5.41,2.35,2001,16,28177087.3125,7044271.828125,Spotrac 2026 Rookie Scale – 1st-round average fallback (pick not found),2001.0,4.0,fractional first-down count
Gus Frerotte,DEN,30,31/07/1971,24/04/1994,4,1,25.0,6.25,30,48,62.5,308,3,6.3,0,0.0,1.9,26,6.4,7.7,10.3,77.0,101.7,3,21,5.9,5.63,6.8,2001,16,,,,,,fractional first-down count
Drew Brees,SDG,22,15/01/1979,21/04/2001,1,0,6.25,0.0,15,27,55.6,221,1,3.7,0,0.0,1.1,40,8.2,8.9,14.7,221.0,94.8,2,12,6.9,7.21,7.9,2001,16,3605000.0,901250.0,OverTheCap – Quarterback Contract History,2001.0,4.0,fractional first-down count
Travis Brown,BUF,24,17/07/1977,21/04/2001,1,0,6.25,0.0,15,33,45.5,201,1,3.0,2,6.1,1.1,34,6.1,4.0,13.4,201.0,50.2,1,2,2.9,5.85,3.79,2001,16,28177087.3125,7044271.828125,Spotrac 2026 Rookie Scale – 1st-round average fallback (pick not found),2001.0,4.0,fractional first-down count
Jeff George,WAS,34,04/04/1975,21/04/2001,2,2,12.5,12.5,23,42,54.8,168,0,0.0,3,7.1,0.6,17,4.0,0.8,7.3,84.0,34.6,6,38,12.5,2.71,-0.1,2001,16,,,,,,fractional first-down count
Tommy Maddox,PIT,30,02/09/1971,26/04/1992,3,0,18.75,0.0,7,9,77.8,154,1,11.1,1,11.1,0.4,57,17.1,14.3,22.0,51.3,116.2,1,4,10.0,15.0,12.5,2001,16,,,,,,fractional first-down count
A.J. Feeley,PHI,24,16/05/1977,21/04/2001,1,0,6.25,0.0,10,14,71.4,143,2,14.3,1,7.1,0.8,27,10.2,9.9,14.3,143.0,114.0,0,0,0.0,10.21,9.86,2001,16,,,,,,fractional first-down count
Matt Lytle,CAR,26,04/09/1975,19/04/1997,3,1,18.75,6.25,17,30,56.7,133,1,3.3,3,10.0,0.5,28,4.4,0.6,7.8,44.3,39.3,3,24,9.1,3.3,-0.18,2001,16,,,,,,fractional first-down count
Kent Graham,WAS,33,01/11/1968,26/04/1992,3,0,18.75,0.0,13,19,68.4,131,2,10.5,0,0.0,0.9,16,6.9,9.0,10.1,43.7,122.9,2,16,9.5,5.48,7.38,2001,16,,,,,,fractional first-down count
Brock Huard,SEA,25,15/04/1976,17/04/1999,1,0,6.25,0.0,9,17,52.9,127,1,5.9,0,0.0,0.6,44,7.5,8.6,14.1,127.0,96.9,1,5,5.6,6.78,7.89,2001,16,,,,,,fractional first-down count
Kelly Holcomb,CLE,28,09/07/1973,19/04/1997,1,0,6.25,0.0,7,12,58.3,114,1,8.3,0,0.0,0.5,25,9.5,11.2,16.3,114.0,118.1,0,0,0.0,9.5,11.17,2001,16,,,,,,fractional first-down count
Chad Pennington,NYJ,25,26/06/1976,15/04/2000,2,0,12.5,0.0,10,20,50.0,92,1,5.0,0,0.0,0.5,24,4.6,5.6,9.2,46.0,79.6,1,8,4.8,4.0,4.95,2001,16,5755010.0,1151002.0,OverTheCap – Quarterback Contract History,2000.0,5.0,fractional first-down count
Jarious Jackson,DEN,24,03/05/1977,15/04/2000,1,0,6.25,0.0,7,12,58.3,73,0,0.0,0,0.0,0.5,19,6.1,6.1,10.4,73.0,76.0,1,6,7.7,5.15,5.15,2001,16,,,,,,fractional first-down count
David Patten,NWE,27,19/08/1974,19/04/1997,16,14,100.0,87.5,1,2,50.0,60,1,50.0,1,50.0,0.1,60,30.0,17.5,60.0,3.8,95.8,0,0,0.0,30.0,17.5,2001,16,,,,,,fractional first-down count
Mark Rypien,IND,39,02/10/1962,29/04/1986,4,0,25.0,0.0,5,9,55.6,57,0,0.0,0,0.0,0.4,21,6.3,6.3,11.4,14.3,74.8,1,6,10.0,5.1,5.1,2001,16,,,,,,fractional first-down count
Koy Detmer,PHI,28,05/07/1973,18/04/1998,16,0,100.0,0.0,5,14,35.7,51,0,0.0,1,7.1,0.2,16,3.6,0.4,10.2,3.2,17.3,1,9,6.7,2.8,-0.2,2001,16,,,,,,fractional first-down count
Az-Zahir Hakim,STL,24,03/06/1977,18/04/1998,16,1,100.0,6.25,1,1,100.0,51,1,100.0,0,0.0,0.1,51,51.0,71.0,51.0,3.2,158.3,0,0,0.0,51.0,71.0,2001,16,,,,,,fractional first-down count
Ray Lucas,MIA,29,06/08/1972,24/04/1994,10,0,62.5,0.0,2,3,66.7,45,0,0.0,0,0.0,0.2,28,15.0,15.0,22.5,4.5,109.7,0,0,0.0,15.0,15.0,2001,16,,,,,,fractional first-down count
Todd Collins,KAN,30,05/11/1971,22/04/1995,1,0,6.25,0.0,3,4,75.0,40,0,0.0,0,0.0,0.1,26,10.0,10.0,13.3,40.0,106.2,0,0,0.0,10.0,10.0,2001,16,,,,,,fractional first-down count
Tony Gonzalez,KAN,25,27/02/1976,19/04/1997,16,16,100.0,100.0,1,1,100.0,40,0,0.0,0,0.0,0.1,40,40.0,40.0,40.0,2.5,118.7,0,0,0.0,40.0,40.0,2001,16,,,,,,fractional first-down count
Chris Mohr,ATL,35,11/05/1966,23/04/1989,16,0,100.0,0.0,2,2,100.0,40,0,0.0,0,0.0,0.1,42,20.0,20.0,20.0,2.5,118.7,0,0,0.0,20.0,20.0,2001,16,,,,,,fractional first-down count
Ken Dilger,IND,30,02/02/1971,22/04/1995,16,16,100.0,100.0,1,1,100.0,39,1,100.0,0,0.0,0.1,39,39.0,59.0,39.0,2.4,158.3,0,0,0.0,39.0,59.0,2001,16,,,,,,fractional first-down count
Scott Mitchell,CIN,33,02/01/1968,22/04/1990,1,0,6.25,0.0,4,12,33.3,38,0,0.0,3,25.0,0.2,16,3.2,-8.1,9.5,38.0,3.5,2,15,14.3,1.64,-8.0,2001,16,,,,,,fractional first-down count
Akili Smith,CIN,26,21/08/1975,17/04/1999,2,1,12.5,6.25,5,8,62.5,37,0,0.0,0,0.0,0.3,14,4.6,4.6,7.4,18.5,73.4,1,3,11.1,3.78,3.78,2001,16,53023666.0,13255916.5,Spotrac 2026 Rookie Scale – exact 1st-round draft slot,1999.0,4.0,fractional first-down count
Marty Booker,CHI,25,31/07/1976,17/04/1999,16,16,100.0,100.0,1,2,50.0,34,1,50.0,0,0.0,0.1,34,17.0,27.0,34.0,2.1,135.4,0,0,0.0,17.0,27.0,2001,16,,,,,,fractional first-down count
Dameyune Craig,CAR,27,19/04/1974,20/04/1996,2,0,12.5,0.0,4,8,50.0,34,0,0.0,0,0.0,0.2,18,4.3,4.3,8.5,17.0,61.5,2,15,20.0,1.9,1.9,2001,16,,,,,,fractional first-down count
Marques Tuiasosopo,OAK,22,22/03/1979,21/04/2001,1,0,6.25,0.0,3,4,75.0,34,0,0.0,0,0.0,0.1,15,8.5,8.5,11.3,34.0,100.0,0,0,0.0,8.5,8.5,2001,16,,,,,,fractional first-down count
Jerome Bettis,PIT,29,16/02/1972,25/04/1993,11,11,68.75,68.75,1,2,50.0,32,1,50.0,0,0.0,0.1,32,16.0,26.0,32.0,2.9,135.4,0,0,0.0,16.0,26.0,2001,16,,,,,,fractional first-down count
Kevin Lockett,WAS,27,08/09/1974,19/04/1997,16,0,100.0,0.0,1,1,100.0,31,1,100.0,0,0.0,0.1,31,31.0,51.0,31.0,1.9,158.3,0,0,0.0,31.0,51.0,2001,16,,,,,,fractional first-down count
Randy Moss,MIN,24,13/02/1977,18/04/1998,16,16,100.0,100.0,1,1,100.0,29,0,0.0,0,0.0,0.1,29,29.0,29.0,29.0,1.8,118.7,0,0,0.0,29.0,29.0,2001,16,20692654.0,5173163.5,Spotrac 2026 Rookie Scale – exact 1st-round draft slot,1998.0,4.0,fractional first-down count
Brad Maynard,CHI,27,09/02/1974,19/04/1997,16,0,100.0,0.0,1,1,100.0,27,1,100.0,0,0.0,0.1,27,27.0,47.0,27.0,1.7,158.3,0,0,0.0,27.0,47.0,2001,16,,,,,,fractional first-down count
Kevin Faulk,NWE,25,05/06/1976,17/04/1999,15,1,93.75,6.25,1,1,100.0,23,0,0.0,0,0.0,0.1,23,23.0,23.0,23.0,1.5,118.7,0,0,0.0,23.0,23.0,2001,16,,,,,,fractional first-down count
Doug Johnson,ATL,24,27/10/1977,21/04/2001,3,0,18.75,0.0,3,5,60.0,23,1,20.0,0,0.0,0.3,14,4.6,8.6,7.7,7.7,110.8,2,13,28.6,1.43,4.29,2001,16,28177087.3125,7044271.828125,Spotrac 2026 Rookie Scale – 1st-round average fallback (pick not found),2001.0,4.0,fractional first-down count
Jamie Martin,STL,31,08/02/1970,20/04/1996,5,0,31.25,0.0,3,3,100.0,22,0,0.0,0,0.0,0.2,10,7.3,7.3,7.3,4.4,97.2,2,7,40.0,3.0,3.0,2001,16,,,,,,fractional first-down count
Tim Rattay,SFO,24,15/03/1977,15/04/2000,3,0,18.75,0.0,2,2,100.0,21,0,0.0,0,0.0,0.1,20,10.5,10.5,10.5,7.0,110.4,0,0,0.0,10.5,10.5,2001,16,,,,,,fractional first-down count
Frank Wycheck,TEN,30,14/10/1971,25/04/1993,16,16,100.0,100.0,1,1,100.0,21,0,0.0,0,0.0,0.1,21,21.0,21.0,21.0,1.3,118.7,0,0,0.0,21.0,21.0,2001,16,,,,,,fractional first-down count
Leon Johnson,CHI,27,13/07/1974,19/04/1997,12,0,75.0,0.0,1,1,100.0,18,0,0.0,0,0.0,0.1,18,18.0,18.0,18.0,1.5,118.7,0,0,0.0,18.0,18.0,2001,16,,,,,,fractional first-down count
Curtis Martin,NYJ,28,01/05/1973,22/04/1995,16,16,100.0,100.0,1,1,100.0,18,1,100.0,0,0.0,0.1,18,18.0,38.0,18.0,1.1,158.3,0,0,0.0,18.0,38.0,2001,16,,,,,,fractional first-down count
Deuce McAllister,NOR,23,27/12/1978,21/04/2001,16,4,100.0,25.0,1,2,50.0,12,1,50.0,0,0.0,0.1,12,6.0,16.0,12.0,0.8,108.3,0,0,0.0,6.0,16.0,2001,16,20220666.0,5055166.5,Spotrac 2026 Rookie Scale – exact 1st-round draft slot,2001.0,4.0,fractional first-down count
Tom Tupa,NYJ,35,06/02/1966,24/04/1988,15,0,93.75,0.0,1,1,100.0,9,0,0.0,0,0.0,0.1,9,9.0,9.0,9.0,0.6,104.2,0,0,0.0,9.0,9.0,2001,16,,,,,,fractional first-down count
Rich Gannon,OAK,37,20/12/1965,28/04/1987,16,16,100.0,100.0,418,618,67.6,4689,26,4.2,10,1.6,22.7,75,7.6,7.7,11.2,293.1,97.3,36,214,5.5,6.84,6.95,2002,16,,,,,,fractional first-down count
Drew Bledsoe,BUF,30,14/02/1972,25/04/1993,16,16,100.0,100.0,375,610,61.5,4359,24,3.9,15,2.5,22.2,73,7.1,6.8,11.6,272.4,86.0,54,369,8.1,6.01,5.72,2002,16,95400000.0,10600000.0,OverTheCap – Quarterback Contract History,2001.0,9.0,fractional first-down count
Peyton Manning,IND,26,24/03/1976,18/04/1998,16,16,100.0,100.0,392,591,66.3,4200,27,4.6,19,3.2,21.3,69,7.1,6.6,10.7,262.5,88.8,23,145,3.7,6.6,6.09,2002,16,46314000.0,7719000.0,OverTheCap – Quarterback Contract History,1998.0,6.0,fractional first-down count
Kerry Collins,NYG,30,30/12/1972,22/04/1995,16,16,100.0,100.0,335,545,61.5,4073,19,3.5,14,2.6,19.3,82,7.5,7.0,12.2,254.6,85.4,24,152,4.2,6.89,6.45,2002,16,,,,,,fractional first-down count
Daunte Culpepper,MIN,25,28/01/1977,17/04/1999,16,16,100.0,100.0,333,549,60.7,3853,18,3.3,23,4.2,18.9,61,7.0,5.8,11.6,240.8,75.3,47,244,7.9,6.06,4.92,2002,16,28952410.0,7238102.5,Spotrac 2026 Rookie Scale – exact 1st-round draft slot,1999.0,4.0,fractional first-down count
Tom Brady,NWE,25,03/08/1977,15/04/2000,16,16,100.0,100.0,373,601,62.1,3764,28,4.7,14,2.3,18.5,49,6.3,6.1,10.1,235.3,85.7,31,190,4.9,5.66,5.54,2002,16,29625000.0,7406250.0,OverTheCap – Quarterback Contract History,2002.0,4.0,fractional first-down count
Trent Green,KAN,32,09/07/1970,19/04/1997,16,16,100.0,100.0,287,470,61.1,3690,26,5.5,13,2.8,17.7,99,7.9,7.7,12.9,230.6,92.6,26,141,5.2,7.16,7.02,2002,16,,,,,,fractional first-down count
Brett Favre,GNB,33,01/07/1973,21/04/1991,16,16,100.0,100.0,341,551,61.9,3658,27,4.9,16,2.9,18.9,85,6.6,6.3,10.7,228.6,85.6,26,188,4.5,6.01,5.7,2002,16,80600000.0,11514286.0,OverTheCap – Quarterback Contract History,2001.0,7.0,fractional first-down count
Aaron Brooks,NOR,26,24/03/1976,15/04/2000,16,16,100.0,100.0,283,528,53.6,3572,27,5.1,15,2.8,16.5,64,6.8,6.5,12.6,223.3,80.1,36,236,6.4,5.91,5.68,2002,16,,,,,,fractional first-down count
Steve McNair,TEN,29,14/02/1973,22/04/1995,16,16,100.0,100.0,301,492,61.2,3387,22,4.5,15,3.0,17.9,55,6.9,6.4,11.3,211.7,84.0,21,121,4.1,6.37,5.91,2002,16,42542500.0,8508500.0,OverTheCap – Quarterback Contract History,2001.0,5.0,fractional first-down count
Jeff Garcia,SFO,32,24/02/1970,17/04/1999,16,16,100.0,100.0,328,528,62.1,3344,21,4.0,10,1.9,17.3,76,6.3,6.3,10.2,209.0,85.6,17,93,3.1,5.97,5.91,2002,16,28177087.3125,7044271.828125,Spotrac 2026 Rookie Scale – 1st-round average fallback (pick not found),1999.0,4.0,fractional first-down count
Drew Brees,SDG,23,15/01/1979,21/04/2001,16,16,100.0,100.0,320,526,60.8,3284,17,3.2,16,3.0,16.4,52,6.2,5.5,10.3,205.3,76.9,24,180,4.4,5.64,4.95,2002,16,3605000.0,901250.0,OverTheCap – Quarterback Contract History,2001.0,4.0,fractional first-down count
Brian Griese,DEN,27,18/03/1975,18/04/1998,13,13,81.25,81.25,291,436,66.7,3214,15,3.4,15,3.4,15.7,82,7.4,6.5,11.0,247.2,85.6,34,237,7.2,6.33,5.54,2002,16,39000000.0,6500000.0,OverTheCap – Quarterback Contract History,2001.0,6.0,fractional first-down count
Jon Kitna,CIN,30,01/11/1977,19/04/1997,14,12,87.5,75.0,294,473,62.2,3178,16,3.4,16,3.4,15.9,72,6.7,5.9,10.8,227.0,79.1,24,159,4.8,6.07,5.27,2002,16,,,,,,fractional first-down count
Chad Pennington,NYJ,26,26/06/1976,15/04/2000,15,12,93.75,75.0,275,399,68.9,3120,22,5.5,6,1.5,16.8,47,7.8,8.2,11.3,208.0,104.2,22,135,5.2,7.09,7.49,2002,16,5755010.0,1151002.0,OverTheCap – Quarterback Contract History,2000.0,5.0,fractional first-down count
Brad Johnson,TAM,34,13/09/1968,24/04/1994,13,13,81.25,81.25,281,451,62.3,3049,22,4.9,6,1.3,14.4,76,6.8,7.1,10.9,234.5,92.9,21,121,4.4,6.2,6.56,2002,16,,,,,,fractional first-down count
Jake Plummer,ARI,28,19/12/1974,19/04/1997,16,16,100.0,100.0,284,530,53.6,2972,18,3.4,20,3.8,14.7,80,5.6,4.6,10.5,185.8,65.7,36,248,6.4,4.81,3.86,2002,16,,,,,,fractional first-down count
Tim Couch,CLE,25,31/07/1977,17/04/1999,14,14,87.5,87.5,273,443,61.6,2842,18,4.1,18,4.1,12.9,78,6.4,5.4,10.4,203.0,76.8,30,213,6.3,5.56,4.61,2002,16,47950000.0,6850000.0,OverTheCap – Quarterback Contract History,1999.0,7.0,fractional first-down count
Tommy Maddox,PIT,31,02/09/1971,26/04/1992,15,11,93.75,68.75,234,377,62.1,2836,20,5.3,16,4.2,13.7,72,7.5,6.7,12.1,189.1,85.2,26,148,6.5,6.67,5.88,2002,16,,,,,,fractional first-down count
Rodney Peete,CAR,36,16/03/1966,23/04/1989,14,14,87.5,87.5,223,381,58.5,2630,15,3.9,14,3.7,11.6,69,6.9,6.0,11.8,187.9,77.4,31,192,7.5,5.92,5.12,2002,16,,,,,,fractional first-down count
David Carr,HOU,23,21/07/1979,20/04/2002,16,16,100.0,100.0,233,444,52.5,2592,9,2.0,15,3.4,11.8,81,5.8,4.7,11.1,162.0,62.8,76,411,14.6,4.19,3.24,2002,16,48750000.0,6964286.0,OverTheCap – Quarterback Contract History,2002.0,7.0,fractional first-down count
Joey Harrington,DET,24,21/10/1978,20/04/2002,14,12,87.5,75.0,215,429,50.1,2294,12,2.8,16,3.7,11.1,64,5.3,4.2,10.7,163.9,59.9,8,75,1.8,5.08,3.98,2002,16,53023666.0,13255916.5,Spotrac 2026 Rookie Scale – exact 1st-round draft slot,2002.0,4.0,fractional first-down count
Donovan McNabb,PHI,26,25/11/1976,17/04/1999,10,10,62.5,62.5,211,361,58.4,2289,17,4.7,6,1.7,10.8,59,6.3,6.5,10.8,228.9,86.0,28,166,7.2,5.46,5.64,2002,16,67188235.0,8398529.0,OverTheCap – Quarterback Contract History,2002.0,8.0,fractional first-down count
Jeff Blake,BAL,32,04/12/1970,26/04/1992,11,10,68.75,62.5,165,295,55.9,2084,13,4.4,11,3.7,9.7,77,7.1,6.3,12.6,189.5,77.3,30,203,9.2,5.79,5.06,2002,16,,,,,,fractional first-down count
Jay Fiedler,MIA,31,06/12/1970,24/04/1994,11,10,68.75,62.5,179,292,61.3,2024,14,4.8,9,3.1,11.1,59,6.9,6.5,11.3,184.0,85.2,13,89,4.3,6.34,5.93,2002,16,,,,,,fractional first-down count
Jim Miller,CHI,31,09/02/1971,22/04/1995,10,8,62.5,50.0,180,314,57.3,1944,13,4.1,9,2.9,9.8,54,6.2,5.7,10.8,194.4,77.5,16,101,4.8,5.58,5.15,2002,16,,,,,,fractional first-down count
Marc Bulger,STL,25,05/04/1977,20/04/2002,7,7,43.75,43.75,138,214,64.5,1826,14,6.5,6,2.8,8.7,58,8.5,8.6,13.2,260.9,101.5,12,102,5.3,7.63,7.67,2002,16,,,,,,fractional first-down count
Chad Hutchinson,DAL,25,21/02/1977,17/04/1999,9,9,56.25,56.25,127,250,50.8,1555,7,2.8,8,3.2,6.5,58,6.2,5.3,12.2,172.8,66.3,34,265,12.0,4.54,3.77,2002,16,28177087.3125,7044271.828125,Spotrac 2026 Rookie Scale – 1st-round average fallback (pick not found),1999.0,4.0,fractional first-down count
Patrick Ramsey,WAS,23,14/02/1979,20/04/2002,9,5,56.25,31.25,117,227,51.5,1539,9,4.0,8,3.5,6.7,62,6.8,6.0,13.2,171.0,71.8,18,132,7.3,5.74,5.01,2002,16,16783950.0,4195987.5,Spotrac 2026 Rookie Scale – exact 1st-round draft slot,2002.0,4.0,fractional first-down count
Quincy Carter,DAL,25,13/10/1977,21/04/2001,7,7,43.75,43.75,125,221,56.6,1465,7,3.2,8,3.6,6.7,80,6.6,5.6,11.7,209.3,72.3,19,130,7.9,5.56,4.65,2002,16,,,,,,fractional first-down count
Kurt Warner,STL,31,22/06/1971,18/04/1998,7,6,43.75,37.5,144,220,65.5,1431,3,1.4,11,5.0,6.8,43,6.5,4.5,9.9,204.4,67.4,21,130,8.7,5.4,3.59,2002,16,46500000.0,6642857.0,OverTheCap – Quarterback Contract History,2000.0,7.0,fractional first-down count
Shane Matthews,WAS,32,01/06/1970,26/04/1992,8,7,50.0,43.75,124,237,52.3,1251,11,4.6,6,2.5,6.6,43,5.3,5.1,10.1,156.4,72.6,9,54,3.7,4.87,4.66,2002,16,,,,,,fractional first-down count
Jamie Martin,STL,32,08/02/1970,20/04/1996,5,2,31.25,12.5,124,195,63.6,1216,7,3.6,10,5.1,6.8,33,6.2,4.6,9.8,243.2,71.7,10,77,4.9,5.56,4.04,2002,16,,,,,,fractional first-down count
Trent Dilfer,SEA,30,13/03/1972,24/04/1994,6,6,37.5,37.5,94,168,56.0,1182,4,2.4,6,3.6,5.1,83,7.0,5.9,12.6,197.0,71.1,7,36,4.0,6.55,5.46,2002,16,,,,,,fractional first-down count
Ray Lucas,MIA,30,06/08/1972,24/04/1994,7,6,43.75,37.5,92,160,57.5,1045,4,2.5,6,3.8,4.8,77,6.5,5.3,11.4,149.3,69.9,12,90,7.0,5.55,4.45,2002,16,,,,,,fractional first-down count
Chris Redman,BAL,25,07/07/1977,15/04/2000,6,6,37.5,37.5,97,182,53.3,1034,7,3.8,3,1.6,4.9,36,5.7,5.7,10.7,172.3,76.1,11,68,5.7,5.01,5.03,2002,16,,,,,,fractional first-down count
Chris Chandler,CHI,37,12/10/1965,24/04/1988,9,7,56.25,43.75,103,161,64.0,1023,4,2.5,4,2.5,4.4,76,6.4,5.7,9.9,113.7,79.8,23,144,12.5,4.78,4.23,2002,16,,,,,,fractional first-down count
A.J. Feeley,PHI,25,16/05/1977,21/04/2001,6,5,37.5,31.25,86,154,55.8,1011,6,3.9,5,3.2,4.3,53,6.6,5.9,11.8,168.5,75.4,7,48,4.3,5.98,5.33,2002,16,,,,,,fractional first-down count
Steve Beuerlein,DEN,37,07/03/1965,28/04/1987,8,3,50.0,18.75,68,117,58.1,925,6,5.1,5,4.3,4.3,52,7.9,7.0,13.6,115.6,82.7,12,78,9.3,6.57,5.75,2002,16,,,,,,fractional first-down count
Kelly Holcomb,CLE,29,09/07/1973,19/04/1997,4,2,25.0,12.5,64,106,60.4,790,8,7.5,4,3.8,4.2,44,7.5,7.3,12.3,197.5,92.9,5,40,4.5,6.76,6.58,2002,16,,,,,,fractional first-down count
Danny Wuerffel,WAS,28,27/05/1974,19/04/1997,7,4,43.75,25.0,58,92,63.0,719,3,3.3,6,6.5,3.3,40,7.8,5.5,12.4,102.7,70.9,11,83,10.7,6.17,4.14,2002,16,,,,,,fractional first-down count
Rob Johnson,TAM,29,18/03/1973,22/04/1995,6,2,37.5,12.5,57,88,64.8,536,1,1.1,2,2.3,2.6,23,6.1,5.3,9.4,89.3,75.8,19,94,17.8,4.13,3.48,2002,16,675000.0,675000.0,OverTheCap – Quarterback Contract History,2002.0,1.0,fractional first-down count
Vinny Testaverde,NYJ,39,13/11/1963,28/04/1987,5,4,31.25,25.0,54,83,65.1,499,3,3.6,3,3.6,2.3,35,6.0,5.1,9.2,99.8,78.3,9,62,9.8,4.75,3.93,2002,16,,,,,,fractional first-down count
Doug Johnson,ATL,25,27/10/1977,21/04/2001,6,1,37.5,6.25,37,57,64.9,448,2,3.5,3,5.3,2.4,63,7.9,6.2,12.1,74.7,78.7,3,11,5.0,7.28,5.7,2002,16,28177087.3125,7044271.828125,Spotrac 2026 Rookie Scale – 1st-round average fallback (pick not found),2001.0,4.0,fractional first-down count
Gus Frerotte,CIN,31,31/07/1971,24/04/1994,4,3,25.0,18.75,44,85,51.8,437,1,1.2,5,5.9,2.4,51,5.1,2.7,9.9,109.3,46.1,10,74,10.5,3.82,1.66,2002,16,,,,,,fractional first-down count
Tim Rattay,SFO,25,15/03/1977,15/04/2000,4,0,25.0,0.0,26,43,60.5,232,2,4.7,0,0.0,1.1,27,5.4,6.3,8.9,58.0,90.5,5,26,10.4,4.29,5.13,2002,16,,,,,,fractional first-down count
David Garrard,JAX,24,14/02/1978,20/04/2002,4,1,25.0,6.25,23,46,50.0,231,1,2.2,2,4.3,1.6,22,5.0,3.5,10.0,57.8,53.8,7,40,13.2,3.6,2.28,2002,16,,,,,,fractional first-down count
Henry Burris,CHI,27,04/06/1975,19/04/1997,6,1,37.5,6.25,18,51,35.3,207,3,5.9,5,9.8,0.9,45,4.1,0.8,11.5,34.5,28.4,4,20,7.3,3.4,0.4,2002,16,,,,,,fractional first-down count
Randy Fasani,CAR,24,18/09/1978,20/04/2002,4,1,25.0,6.25,15,44,34.1,171,0,0.0,4,9.1,0.8,27,3.9,-0.2,11.4,42.8,8.8,7,60,13.7,2.18,-1.35,2002,16,,,,,,fractional first-down count
Doug Pederson,GNB,34,31/01/1968,22/04/1990,16,0,100.0,0.0,19,28,67.9,134,1,3.6,0,0.0,0.7,20,4.8,5.5,7.1,8.4,90.5,1,8,3.4,4.34,5.03,2002,16,,,,,,fractional first-down count
Akili Smith,CIN,27,21/08/1975,17/04/1999,1,1,6.25,6.25,12,33,36.4,117,0,0.0,1,3.0,0.6,24,3.5,2.2,9.8,117.0,34.5,3,23,8.3,2.61,1.36,2002,16,53023666.0,13255916.5,Spotrac 2026 Rookie Scale – exact 1st-round draft slot,1999.0,4.0,fractional first-down count
Jake Delhomme,NOR,27,10/01/1975,17/04/1999,4,0,25.0,0.0,8,10,80.0,113,0,0.0,0,0.0,0.4,54,11.3,11.3,14.1,28.3,113.7,0,0,0.0,11.3,11.3,2002,16,28177087.3125,7044271.828125,Spotrac 2026 Rookie Scale – 1st-round average fallback (pick not found),1999.0,4.0,fractional first-down count
Todd Bouman,MIN,30,01/08/1972,21/04/2001,1,0,6.25,0.0,3,6,50.0,85,0,0.0,0,0.0,0.2,48,14.2,14.2,28.3,85.0,95.8,2,22,25.0,7.88,7.88,2002,16,28177087.3125,7044271.828125,Spotrac 2026 Rookie Scale – 1st-round average fallback (pick not found),2001.0,4.0,fractional first-down count
Shaun King,TAM,25,29/05/1977,17/04/1999,3,1,18.75,6.25,10,27,37.0,80,0,0.0,1,3.7,0.4,20,3.0,1.3,8.0,26.7,30.0,1,5,3.6,2.68,1.07,2002,16,,,,,,fractional first-down count
Todd Collins,KAN,31,05/11/1971,22/04/1995,3,0,18.75,0.0,5,6,83.3,73,1,16.7,0,0.0,0.3,29,12.2,15.5,14.6,24.3,156.9,0,0,0.0,12.17,15.5,2002,16,,,,,,fractional first-down count
Josh McCown,ARI,23,04/07/1979,20/04/2002,2,0,12.5,0.0,7,18,38.9,66,0,0.0,2,11.1,0.3,26,3.7,-1.3,9.4,33.0,10.2,5,50,21.7,0.7,-3.22,2002,16,1388000.0,462667.0,OverTheCap – Quarterback Contract History,2002.0,3.0,fractional first-down count
Doug Flutie,SDG,40,23/10/1962,30/04/1985,1,0,6.25,0.0,3,11,27.3,64,0,0.0,0,0.0,0.2,47,5.8,5.8,21.3,64.0,51.3,0,0,0.0,5.82,5.82,2002,16,,,,,,fractional first-down count
Cory Sauter,CHI,28,21/11/1974,20/04/1996,1,0,6.25,0.0,6,9,66.7,59,0,0.0,0,0.0,0.3,31,6.6,6.6,9.8,59.0,85.0,4,20,30.8,3.0,3.0,2002,16,,,,,,fractional first-down count
Brian Mitchell,PHI,34,18/08/1968,21/04/1991,16,0,100.0,0.0,1,1,100.0,57,1,100.0,0,0.0,0.1,57,57.0,77.0,57.0,3.6,158.3,0,0,0.0,57.0,77.0,2002,16,,,,,,fractional first-down count
Antwaan Randle El,PIT,23,17/08/1979,20/04/2002,16,0,100.0,0.0,7,8,87.5,45,0,0.0,0,0.0,0.3,25,5.6,5.6,6.4,2.8,90.1,1,10,11.1,3.89,3.89,2002,16,,,,,,fractional first-down count
Marty Booker,CHI,26,31/07/1976,17/04/1999,16,16,100.0,100.0,1,5,20.0,44,1,20.0,0,0.0,0.1,44,8.8,12.8,44.0,2.8,103.3,0,0,0.0,8.8,12.8,2002,16,,,,,,fractional first-down count
Jabar Gaffney,HOU,22,01/12/1980,20/04/2002,16,14,100.0,87.5,1,1,100.0,39,1,100.0,0,0.0,0.1,39,39.0,59.0,39.0,2.4,158.3,0,0,0.0,39.0,59.0,2002,16,,,,,,fractional first-down count
Kevin Johnson,CLE,26,15/07/1976,17/04/1999,16,15,100.0,93.75,1,2,50.0,33,1,50.0,0,0.0,0.1,33,16.5,26.5,33.0,2.1,135.4,0,0,0.0,16.5,26.5,2002,16,,,,,,fractional first-down count
Bubba Franks,GNB,24,06/01/1978,15/04/2000,16,15,100.0,93.75,1,1,100.0,31,1,100.0,0,0.0,0.1,31,31.0,51.0,31.0,1.9,158.3,0,0,0.0,31.0,51.0,2002,16,24232552.0,6058138.0,Spotrac 2026 Rookie Scale – exact 1st-round draft slot,2000.0,4.0,fractional first-down count
Jesse Palmer,NYG,24,05/10/1978,21/04/2001,2,0,12.5,0.0,3,4,75.0,30,0,0.0,0,0.0,0.2,14,7.5,7.5,10.0,15.0,95.8,0,0,0.0,7.5,7.5,2002,16,,,,,,fractional first-down count
Leon Johnson,CHI,28,13/07/1974,19/04/1997,16,4,100.0,25.0,1,1,100.0,27,0,0.0,0,0.0,0.1,27,27.0,27.0,27.0,1.7,118.7,1,0,50.0,13.5,13.5,2002,16,,,,,,fractional first-down count
Brian Westbrook,PHI,23,02/09/1979,20/04/2002,15,3,93.75,18.75,1,1,100.0,25,1,100.0,0,0.0,0.1,25,25.0,45.0,25.0,1.7,158.3,0,0,0.0,25.0,45.0,2002,16,,,,,,fractional first-down count
Neil O'Donnell,TEN,36,03/07/1966,22/04/1990,4,0,25.0,0.0,3,5,60.0,24,0,0.0,0,0.0,0.2,15,4.8,4.8,8.0,6.0,72.1,0,0,0.0,4.8,4.8,2002,16,,,,,,fractional first-down count
Reche Caldwell,SDG,23,28/03/1979,20/04/2002,16,2,100.0,12.5,1,1,100.0,20,0,0.0,0,0.0,0.1,20,20.0,20.0,20.0,1.3,118.7,0,0,0.0,20.0,20.0,2002,16,,,,,,fractional first-down count
Craig Hentrich,TEN,31,18/05/1971,24/04/1994,16,0,100.0,0.0,1,1,100.0,17,0,0.0,0,0.0,0.1,17,17.0,17.0,17.0,1.1,118.7,0,0,0.0,17.0,17.0,2002,16,,,,,,fractional first-down count
Randy Moss,MIN,25,13/02/1977,18/04/1998,16,16,100.0,100.0,1,3,33.3,13,1,33.3,0,0.0,0.1,13,4.3,11.0,13.0,0.8,87.5,0,0,0.0,4.33,11.0,2002,16,,,,,,fractional first-down count
Frank Wycheck,TEN,31,14/10/1971,25/04/1993,15,15,93.75,93.75,1,2,50.0,13,0,0.0,0,0.0,0.1,13,6.5,6.5,13.0,0.9,70.8,0,0,0.0,6.5,6.5,2002,16,,,,,,fractional first-down count
Brad Maynard,CHI,28,09/02/1974,19/04/1997,16,0,100.0,0.0,1,1,100.0,12,1,100.0,0,0.0,0.1,12,12.0,32.0,12.0,0.8,156.2,0,0,0.0,12.0,32.0,2002,16,,,,,,fractional first-down count
James Allen,HOU,27,11/11/1979,20/04/2002,16,5,100.0,31.25,1,2,50.0,5,1,50.0,0,0.0,0.1,5,2.5,12.5,5.0,0.3,95.8,0,0,0.0,2.5,12.5,2002,16,,,,,,fractional first-down count
Peyton Manning,IND,27,24/03/1976,18/04/1998,16,16,100.0,100.0,379,566,67.0,4267,29,5.1,10,1.8,21.3,79,7.5,7.8,11.3,266.7,99.0,18,107,3.1,7.12,7.35,2003,16,46314000.0,7719000.0,OverTheCap – Quarterback Contract History,1998.0,6.0,fractional first-down count
Trent Green,KAN,33,09/07/1970,19/04/1997,16,16,100.0,100.0,330,523,63.1,4039,24,4.6,12,2.3,19.8,67,7.7,7.6,12.2,252.4,92.6,20,130,3.7,7.2,7.09,2003,16,,,,,,fractional first-down count
Marc Bulger,STL,26,05/04/1977,20/04/2002,15,15,93.75,93.75,336,532,63.2,3845,22,4.1,22,4.1,19.3,48,7.2,6.2,11.4,256.3,81.4,37,288,6.5,6.25,5.28,2003,16,,,,,,fractional first-down count
Matt Hasselbeck,SEA,28,25/09/1975,17/04/1999,16,16,100.0,100.0,313,513,61.0,3841,26,5.1,15,2.9,18.9,80,7.5,7.2,12.3,240.1,88.8,42,246,7.6,6.48,6.2,2003,16,18105000.0,4526250.0,OverTheCap – Quarterback Contract History,2000.0,4.0,fractional first-down count
Brad Johnson,TAM,35,13/09/1968,24/04/1994,16,16,100.0,100.0,354,570,62.1,3811,26,4.6,21,3.7,18.8,76,6.7,5.9,10.8,238.2,81.5,20,111,3.4,6.27,5.55,2003,16,,,,,,fractional first-down count
Tom Brady,NWE,26,03/08/1977,15/04/2000,16,16,100.0,100.0,317,527,60.2,3620,23,4.4,12,2.3,17.5,82,6.9,6.7,11.4,226.3,85.9,32,219,5.7,6.08,5.94,2003,16,29625000.0,7406250.0,OverTheCap – Quarterback Contract History,2002.0,4.0,fractional first-down count
Jon Kitna,CIN,31,01/11/1977,19/04/1997,16,16,100.0,100.0,324,520,62.3,3591,26,5.0,15,2.9,18.4,82,6.9,6.6,11.1,224.4,87.4,37,249,6.6,6.0,5.72,2003,16,,,,,,fractional first-down count
Aaron Brooks,NOR,27,24/03/1976,15/04/2000,16,16,100.0,100.0,306,518,59.1,3546,24,4.6,8,1.5,17.4,76,6.8,7.1,11.6,221.6,88.8,34,195,6.2,6.07,6.29,2003,16,,,,,,fractional first-down count
Daunte Culpepper,MIN,26,28/01/1977,17/04/1999,14,14,87.5,87.5,295,454,65.0,3479,25,5.5,11,2.4,17.1,59,7.7,7.7,11.8,248.5,96.4,37,196,7.5,6.69,6.7,2003,16,,,,,,fractional first-down count
Brett Favre,GNB,34,01/07/1973,21/04/1991,16,16,100.0,100.0,308,471,65.4,3361,32,6.8,21,4.5,16.8,66,7.1,6.5,10.9,210.1,90.4,19,137,3.9,6.58,5.96,2003,16,80600000.0,11514286.0,OverTheCap – Quarterback Contract History,2001.0,7.0,fractional first-down count
Quincy Carter,DAL,26,13/10/1977,21/04/2001,16,16,100.0,100.0,292,505,57.8,3302,17,3.4,21,4.2,14.8,64,6.5,5.3,11.3,206.4,71.4,37,185,6.8,5.75,4.63,2003,16,,,,,,fractional first-down count
Jake Delhomme,CAR,28,10/01/1975,17/04/1999,16,15,100.0,93.75,266,449,59.2,3219,19,4.2,16,3.6,14.7,67,7.2,6.4,12.1,201.2,80.6,23,168,4.9,6.46,5.74,2003,16,,,,,,fractional first-down count
Donovan McNabb,PHI,27,25/11/1976,17/04/1999,16,16,100.0,100.0,275,478,57.5,3216,16,3.3,11,2.3,15.3,59,6.7,6.4,11.7,201.0,79.6,43,253,8.3,5.69,5.35,2003,16,67188235.0,8398529.0,OverTheCap – Quarterback Contract History,2002.0,8.0,fractional first-down count
Steve McNair,TEN,30,14/02/1973,22/04/1995,14,14,87.5,87.5,250,400,62.5,3215,24,6.0,7,1.8,16.5,73,8.0,8.5,12.9,229.6,100.4,19,108,4.5,7.42,7.81,2003,16,42542500.0,8508500.0,OverTheCap – Quarterback Contract History,2001.0,5.0,fractional first-down count
Kerry Collins,NYG,31,30/12/1972,22/04/1995,13,13,81.25,81.25,284,500,56.8,3110,13,2.6,16,3.2,15.8,77,6.2,5.3,11.0,239.2,70.7,28,164,5.3,5.58,4.71,2003,16,,,,,,fractional first-down count
Joey Harrington,DET,25,21/10/1978,20/04/2002,16,16,100.0,100.0,309,554,55.8,2880,17,3.1,22,4.0,14.9,72,5.2,4.0,9.3,180.0,63.9,9,55,1.6,5.02,3.86,2003,16,53023666.0,13255916.5,Spotrac 2026 Rookie Scale – exact 1st-round draft slot,2002.0,4.0,fractional first-down count
Drew Bledsoe,BUF,31,14/02/1972,25/04/1993,16,16,100.0,100.0,274,471,58.2,2860,11,2.3,12,2.5,14.1,54,6.1,5.4,10.4,178.8,73.0,49,371,9.4,4.79,4.17,2003,16,95400000.0,10600000.0,OverTheCap – Quarterback Contract History,2001.0,9.0,fractional first-down count
Byron Leftwich,JAX,23,14/01/1980,26/04/2003,15,13,93.75,81.25,239,418,57.2,2819,14,3.3,16,3.8,13.4,84,6.7,5.7,11.8,187.9,73.0,19,90,4.3,6.24,5.24,2003,16,37212138.0,9303034.5,Spotrac 2026 Rookie Scale – exact 1st-round draft slot,2003.0,4.0,fractional first-down count
Jeff Blake,ARI,33,04/12/1970,26/04/1992,13,13,81.25,81.25,208,367,56.7,2247,13,3.5,15,4.1,9.5,71,6.1,5.0,10.8,172.8,69.6,19,132,4.9,5.48,4.4,2003,16,,,,,,fractional first-down count
Jake Plummer,DEN,29,19/12/1974,19/04/1997,11,11,68.75,68.75,189,302,62.6,2182,15,5.0,7,2.3,11.5,60,7.2,7.2,11.5,198.4,91.2,14,73,4.4,6.67,6.63,2003,16,40834725.0,5833532.0,OverTheCap – Quarterback Contract History,2003.0,7.0,fractional first-down count
Patrick Ramsey,WAS,24,14/02/1979,20/04/2002,11,11,68.75,68.75,179,337,53.1,2166,14,4.2,9,2.7,9.6,64,6.4,6.1,12.1,196.9,75.8,30,206,8.2,5.34,5.0,2003,16,16783950.0,4195987.5,Spotrac 2026 Rookie Scale – exact 1st-round draft slot,2002.0,4.0,fractional first-down count
Chad Pennington,NYJ,27,26/06/1976,15/04/2000,10,9,62.5,56.25,189,297,63.6,2139,13,4.4,12,4.0,11.6,65,7.2,6.3,11.3,213.9,82.9,25,160,7.8,6.15,5.28,2003,16,5755010.0,1151002.0,OverTheCap – Quarterback Contract History,2000.0,5.0,fractional first-down count
Jay Fiedler,MIA,32,06/12/1970,24/04/1994,12,11,75.0,68.75,179,314,57.0,2138,11,3.5,13,4.1,10.7,59,6.8,5.6,11.9,178.2,72.4,19,126,5.7,6.04,4.95,2003,16,,,,,,fractional first-down count
Drew Brees,SDG,24,15/01/1979,21/04/2001,11,11,68.75,68.75,205,356,57.6,2108,11,3.1,15,4.2,9.4,68,5.9,4.6,10.3,191.6,67.5,21,178,5.6,5.12,3.91,2003,16,3605000.0,901250.0,OverTheCap – Quarterback Contract History,2001.0,4.0,fractional first-down count
David Carr,HOU,24,21/07/1979,20/04/2002,12,11,75.0,68.75,167,295,56.6,2013,9,3.1,13,4.4,8.5,78,6.8,5.5,12.1,167.8,69.5,15,90,4.8,6.2,4.9,2003,16,48750000.0,6964286.0,OverTheCap – Quarterback Contract History,2002.0,7.0,fractional first-down count
Kelly Holcomb,CLE,30,09/07/1973,19/04/1997,10,8,62.5,50.0,193,302,63.9,1797,10,3.3,12,4.0,9.9,68,6.0,4.8,9.3,179.7,74.6,21,166,6.5,5.05,4.0,2003,16,,,,,,fractional first-down count
Doug Johnson,ATL,26,27/10/1977,21/04/2001,10,8,62.5,50.0,136,243,56.0,1655,8,3.3,12,4.9,7.3,86,6.8,5.2,12.2,165.5,67.5,19,121,7.3,5.85,4.4,2003,16,28177087.3125,7044271.828125,Spotrac 2026 Rookie Scale – 1st-round average fallback (pick not found),2001.0,4.0,fractional first-down count
Kordell Stewart,CHI,31,16/10/1972,22/04/1995,9,7,56.25,43.75,126,251,50.2,1418,7,2.8,12,4.8,6.9,61,5.6,4.1,11.3,157.6,56.8,25,146,9.1,4.61,3.16,2003,16,,,,,,fractional first-down count
Vinny Testaverde,NYJ,40,13/11/1963,28/04/1987,7,7,43.75,43.75,123,198,62.1,1385,7,3.5,2,1.0,6.5,61,7.0,7.2,11.3,197.9,90.6,6,48,2.9,6.55,6.8,2003,16,,,,,,fractional first-down count
Rich Gannon,OAK,38,20/12/1965,28/04/1987,7,7,43.75,43.75,125,225,55.6,1274,6,2.7,4,1.8,5.3,46,5.7,5.4,10.2,182.0,73.5,17,90,7.0,4.89,4.64,2003,16,,,,,,fractional first-down count
Rick Mirer,OAK,33,03/03/1970,25/04/1993,9,8,56.25,50.0,116,221,52.5,1267,3,1.4,5,2.3,6.3,47,5.7,5.0,10.9,140.8,64.8,22,122,9.1,4.71,4.03,2003,16,,,,,,fractional first-down count
Kyle Boller,BAL,22,17/06/1981,26/04/2003,11,9,68.75,56.25,116,224,51.8,1260,7,3.1,9,4.0,6.2,73,5.6,4.4,10.9,114.5,62.4,17,92,7.1,4.85,3.75,2003,16,20928640.0,5232160.0,Spotrac 2026 Rookie Scale – exact 1st-round draft slot,2003.0,4.0,fractional first-down count
Anthony Wright,BAL,27,14/02/1976,15/04/2000,7,7,43.75,43.75,94,178,52.8,1199,9,5.1,8,4.5,5.5,64,6.7,5.7,12.8,171.3,72.3,19,125,9.6,5.45,4.54,2003,16,28177087.3125,7044271.828125,Spotrac 2026 Rookie Scale – 1st-round average fallback (pick not found),2000.0,4.0,fractional first-down count
Chris Chandler,CHI,38,12/10/1965,24/04/1988,8,6,50.0,37.5,107,192,55.7,1050,3,1.6,7,3.6,5.1,37,5.5,4.1,9.8,131.3,61.3,14,101,6.8,4.61,3.37,2003,16,,,,,,fractional first-down count
Josh McCown,ARI,24,04/07/1979,20/04/2002,8,3,50.0,18.75,95,166,57.2,1018,5,3.0,6,3.6,5.1,60,6.1,5.1,10.7,127.3,70.3,25,174,13.1,4.42,3.53,2003,16,1388000.0,462667.0,OverTheCap – Quarterback Contract History,2002.0,3.0,fractional first-down count
Tim Hasselbeck,WAS,25,06/04/1978,20/04/2002,7,5,43.75,31.25,95,177,53.7,1012,5,2.8,7,4.0,5.2,40,5.7,4.5,10.7,144.6,63.6,9,44,4.8,5.2,4.05,2003,16,28177087.3125,7044271.828125,Spotrac 2026 Rookie Scale – 1st-round average fallback (pick not found),2002.0,4.0,fractional first-down count
Tim Rattay,SFO,26,15/03/1977,15/04/2000,11,3,68.75,18.75,73,118,61.9,856,7,5.9,2,1.7,4.1,61,7.3,7.7,11.7,77.8,96.6,7,54,5.6,6.42,6.82,2003,16,,,,,,fractional first-down count
Brian Griese,MIA,28,18/03/1975,18/04/1998,5,5,31.25,31.25,74,130,56.9,813,5,3.8,6,4.6,3.7,80,6.3,4.9,11.0,162.6,69.2,12,83,8.5,5.14,3.94,2003,16,8000000.0,4000000.0,OverTheCap – Quarterback Contract History,2003.0,2.0,fractional first-down count
Tony Banks,HOU,30,05/04/1973,20/04/1996,7,3,43.75,18.75,61,102,59.8,693,5,4.9,3,2.9,3.4,46,6.8,6.5,11.4,99.0,84.3,13,57,11.3,5.53,5.23,2003,16,,,,,,fractional first-down count
Gus Frerotte,MIN,32,31/07/1971,24/04/1994,16,2,100.0,12.5,38,65,58.5,690,7,10.8,2,3.1,2.5,72,10.6,11.4,18.2,43.1,118.1,5,22,7.1,9.54,10.26,2003,16,,,,,,fractional first-down count
Michael Vick,ATL,23,16/02/1982,21/04/2001,5,4,31.25,25.0,50,100,50.0,585,4,4.0,3,3.0,3.2,49,5.9,5.3,11.7,117.0,69.0,9,64,8.3,4.78,4.28,2003,16,37300000.0,6216667.0,OverTheCap – Quarterback Contract History,2001.0,6.0,fractional first-down count
Billy Volek,TEN,27,28/04/1976,21/04/2001,7,1,43.75,6.25,44,69,63.8,545,4,5.8,1,1.4,3.1,50,7.9,8.4,12.4,77.9,101.4,6,45,8.0,6.67,7.13,2003,16,28177087.3125,7044271.828125,Spotrac 2026 Rookie Scale – 1st-round average fallback (pick not found),2001.0,4.0,fractional first-down count
Jesse Palmer,NYG,25,05/10/1978,21/04/2001,6,3,37.5,18.75,60,116,51.7,532,3,2.6,4,3.4,2.6,40,4.6,3.6,8.9,88.7,58.5,16,95,12.1,3.31,2.4,2003,16,,,,,,fractional first-down count
Mark Brunell,JAX,33,19/03/1971,24/04/1994,3,3,18.75,18.75,54,82,65.9,484,2,2.4,0,0.0,2.2,65,5.9,6.4,9.0,161.3,89.7,9,46,9.9,4.81,5.25,2003,16,30000000.0,7500000.0,OverTheCap – Quarterback Contract History,2001.0,4.0,fractional first-down count
Danny Kanell,DEN,30,21/11/1973,20/04/1996,5,2,31.25,12.5,53,103,51.5,442,2,1.9,5,4.9,2.6,26,4.3,2.5,8.3,88.4,49.1,2,24,1.9,3.98,2.22,2003,16,,,,,,fractional first-down count
Rex Grossman,CHI,23,23/08/1980,26/04/2003,3,3,18.75,18.75,38,72,52.8,437,2,2.8,1,1.4,2.2,59,6.1,6.0,11.5,145.7,74.8,4,41,5.3,5.21,5.14,2003,16,20456656.0,5114164.0,Spotrac 2026 Rookie Scale – exact 1st-round draft slot,2003.0,4.0,fractional first-down count
Kurt Kittner,ATL,23,23/01/1980,20/04/2002,7,4,43.75,25.0,44,114,38.6,391,2,1.8,6,5.3,2.3,31,3.4,1.4,8.9,55.9,32.5,5,30,4.2,3.03,1.1,2003,16,,,,,,fractional first-down count
Steve Beuerlein,DEN,38,07/03/1965,28/04/1987,4,2,25.0,12.5,33,63,52.4,389,2,3.2,5,7.9,1.8,38,6.2,3.2,11.8,97.3,49.0,9,60,12.5,4.57,2.0,2003,16,,,,,,fractional first-down count
Kurt Warner,STL,32,22/06/1971,18/04/1998,2,1,12.5,6.25,38,65,58.5,365,1,1.5,1,1.5,1.5,37,5.6,5.2,9.6,182.5,72.9,6,38,8.5,4.61,4.25,2003,16,46500000.0,6642857.0,OverTheCap – Quarterback Contract History,2000.0,7.0,fractional first-down count
Marques Tuiasosopo,OAK,24,22/03/1979,21/04/2001,4,1,25.0,6.25,25,45,55.6,324,0,0.0,3,6.7,1.4,35,7.2,4.2,13.0,81.0,50.6,2,14,4.3,6.6,3.72,2003,16,,,,,,fractional first-down count
Neil O'Donnell,TEN,37,03/07/1966,22/04/1990,1,1,6.25,6.25,18,27,66.7,232,2,7.4,1,3.7,1.3,34,8.6,8.4,12.9,232.0,102.7,0,0,0.0,8.59,8.41,2003,16,,,,,,fractional first-down count
Travis Brown,BUF,26,17/07/1977,21/04/2001,2,0,12.5,0.0,14,18,77.8,160,0,0.0,1,5.6,0.7,28,8.9,6.4,11.4,80.0,80.6,1,7,5.3,8.05,5.68,2003,16,28177087.3125,7044271.828125,Spotrac 2026 Rookie Scale – 1st-round average fallback (pick not found),2001.0,4.0,fractional first-down count
Dave Ragone,HOU,24,03/10/1979,26/04/2003,2,2,12.5,12.5,20,40,50.0,135,0,0.0,1,2.5,0.8,24,3.4,2.3,6.8,67.5,47.4,8,39,16.7,2.0,1.06,2003,16,,,,,,fractional first-down count
Shaun King,TAM,26,29/05/1977,17/04/1999,3,0,18.75,0.0,15,22,68.2,130,1,4.5,1,4.5,0.7,20,5.9,4.8,8.7,43.3,79.7,3,25,12.0,4.2,3.2,2003,16,,,,,,fractional first-down count
Mike McMahon,DET,24,08/02/1979,21/04/2001,3,0,18.75,0.0,9,31,29.0,87,0,0.0,2,6.5,0.4,26,2.8,-0.1,9.7,29.0,12.7,2,9,6.1,2.36,-0.36,2003,16,,,,,,fractional first-down count
David Garrard,JAX,25,14/02/1978,20/04/2002,2,0,12.5,0.0,9,12,75.0,86,1,8.3,0,0.0,0.5,28,7.2,8.8,9.6,43.0,122.2,0,0,0.0,7.17,8.83,2003,16,,,,,,fractional first-down count
Todd Bouman,NOR,31,01/08/1972,21/04/2001,4,0,25.0,0.0,7,13,53.8,81,1,7.7,0,0.0,0.4,19,6.2,7.8,11.6,20.3,98.6,2,8,13.3,4.87,6.2,2003,16,28177087.3125,7044271.828125,Spotrac 2026 Rookie Scale – 1st-round average fallback (pick not found),2001.0,4.0,fractional first-down count
Josh Miller,PIT,33,14/07/1970,20/04/1996,16,0,100.0,0.0,1,1,100.0,81,1,100.0,0,0.0,0.1,81,81.0,101.0,81.0,5.1,158.3,0,0,0.0,81.0,101.0,2003,16,,,,,,fractional first-down count
Todd Collins,KAN,32,05/11/1971,22/04/1995,5,0,31.25,0.0,9,12,75.0,74,0,0.0,0,0.0,0.3,20,6.2,6.2,8.2,14.8,90.3,0,0,0.0,6.17,6.17,2003,16,,,,,,fractional first-down count
Rod Smith,DEN,33,15/05/1970,22/04/1995,15,15,93.75,93.75,1,1,100.0,72,0,0.0,0,0.0,0.1,72,72.0,72.0,72.0,4.8,118.7,0,0,0.0,72.0,72.0,2003,16,,,,,,fractional first-down count
Tee Martin,OAK,25,25/07/1978,15/04/2000,2,0,12.5,0.0,6,16,37.5,69,0,0.0,1,6.3,0.5,17,4.3,1.5,11.5,34.5,25.3,1,5,5.9,3.76,1.12,2003,16,,,,,,fractional first-down count
Isaac Bruce,STL,31,10/11/1972,24/04/1994,15,15,93.75,93.75,2,2,100.0,66,0,0.0,0,0.0,0.2,41,33.0,33.0,33.0,4.4,118.7,0,0,0.0,33.0,33.0,2003,16,,,,,,fractional first-down count
Chris Redman,BAL,26,07/07/1977,15/04/2000,2,0,12.5,0.0,7,13,53.8,58,0,0.0,2,15.4,0.4,16,4.5,-2.5,8.3,29.0,26.0,6,45,31.6,0.68,-4.05,2003,16,,,,,,fractional first-down count
Sage Rosenfels,MIA,25,06/03/1978,20/04/2002,2,0,12.5,0.0,4,6,66.7,50,1,16.7,0,0.0,0.2,21,8.3,11.7,12.5,25.0,131.9,0,0,0.0,8.33,11.67,2003,16,,,,,,fractional first-down count
Alex Van Pelt,BUF,33,01/05/1970,25/04/1993,6,0,37.5,0.0,5,12,41.7,49,0,0.0,3,25.0,0.1,14,4.1,-7.2,9.8,8.2,14.2,1,7,7.7,3.23,-7.15,2003,16,,,,,,fractional first-down count
Charlie Batch,PIT,29,05/12/1974,18/04/1998,4,0,25.0,0.0,4,8,50.0,47,0,0.0,0,0.0,0.2,22,5.9,5.9,11.8,11.8,68.2,1,2,11.1,5.0,5.0,2003,16,,,,,,fractional first-down count
Rod Gardner,WAS,26,26/10/1977,21/04/2001,16,16,100.0,100.0,2,3,66.7,46,2,66.7,0,0.0,0.2,36,15.3,28.7,23.0,2.9,149.3,0,0,0.0,15.33,28.67,2003,16,23760590.0,5940147.5,Spotrac 2026 Rookie Scale – exact 1st-round draft slot,2001.0,4.0,fractional first-down count
Jarious Jackson,DEN,26,03/05/1977,15/04/2000,1,1,6.25,6.25,4,9,44.4,41,0,0.0,1,11.1,0.3,16,4.6,-0.4,10.3,41.0,18.5,0,0,0.0,4.56,-0.44,2003,16,,,,,,fractional first-down count
Aveion Cason,DAL,24,12/07/1979,21/04/2001,10,0,62.5,0.0,1,1,100.0,37,0,0.0,0,0.0,0.1,37,37.0,37.0,37.0,3.7,118.7,0,0,0.0,37.0,37.0,2003,16,28177087.3125,7044271.828125,Spotrac 2026 Rookie Scale – 1st-round average fallback (pick not found),2001.0,4.0,fractional first-down count
Koy Detmer,PHI,30,05/07/1973,18/04/1998,16,0,100.0,0.0,3,5,60.0,32,0,0.0,0,0.0,0.3,15,6.4,6.4,10.7,2.0,78.7,0,0,0.0,6.4,6.4,2003,16,,,,,,fractional first-down count
LaBrandon Toefield,JAX,23,24/09/1980,26/04/2003,16,0,100.0,0.0,1,2,50.0,32,0,0.0,0,0.0,0.1,32,16.0,16.0,32.0,2.0,95.8,0,0,0.0,16.0,16.0,2003,16,,,,,,fractional first-down count
Rohan Davey,NWE,25,14/04/1979,20/04/2002,1,0,6.25,0.0,3,7,42.9,31,0,0.0,0,0.0,0.2,16,4.4,4.4,10.3,31.0,56.2,0,0,0.0,4.43,4.43,2003,16,,,,,,fractional first-down count
Trent Dilfer,SEA,31,13/03/1972,24/04/1994,5,0,31.25,0.0,4,8,50.0,31,1,12.5,1,12.5,0.3,14,3.9,0.8,7.8,6.2,59.9,1,8,11.1,2.56,-0.22,2003,16,,,,,,fractional first-down count
Craig Hentrich,TEN,32,18/05/1971,24/04/1994,16,0,100.0,0.0,2,5,40.0,25,0,0.0,0,0.0,0.2,15,5.0,5.0,12.5,1.6,56.2,0,0,0.0,5.0,5.0,2003,16,,,,,,fractional first-down count
Freddie Mitchell,PHI,25,28/11/1978,21/04/2001,16,6,100.0,37.5,1,1,100.0,25,1,100.0,0,0.0,0.1,25,25.0,45.0,25.0,1.6,158.3,0,0,0.0,25.0,45.0,2003,16,19512698.0,4878174.5,Spotrac 2026 Rookie Scale – exact 1st-round draft slot,2001.0,4.0,fractional first-down count
Brock Huard,IND,27,15/04/1976,17/04/1999,2,0,12.5,0.0,2,3,66.7,22,0,0.0,0,0.0,0.2,13,7.3,7.3,11.0,11.0,88.2,1,3,25.0,4.75,4.75,2003,16,,,,,,fractional first-down count
Az-Zahir Hakim,DET,26,03/06/1977,18/04/1998,14,12,87.5,75.0,1,1,100.0,21,0,0.0,0,0.0,0.1,21,21.0,21.0,21.0,1.5,118.7,0,0,0.0,21.0,21.0,2003,16,,,,,,fractional first-down count
LaDainian Tomlinson,SDG,24,23/06/1979,21/04/2001,16,16,100.0,100.0,1,1,100.0,21,1,100.0,0,0.0,0.1,21,21.0,41.0,21.0,1.3,158.3,0,0,0.0,21.0,41.0,2003,16,47831802.0,11957950.5,Spotrac 2026 Rookie Scale – exact 1st-round draft slot,2001.0,4.0,fractional first-down count
Drew Bennett,TEN,25,26/08/1978,21/04/2001,12,8,75.0,50.0,1,1,100.0,14,0,0.0,0,0.0,0.1,14,14.0,14.0,14.0,1.2,118.7,0,0,0.0,14.0,14.0,2003,16,28177087.3125,7044271.828125,Spotrac 2026 Rookie Scale – 1st-round average fallback (pick not found),2001.0,4.0,fractional first-down count
Joe Horn,NOR,31,16/01/1972,20/04/1996,15,14,93.75,87.5,1,1,100.0,14,0,0.0,0,0.0,0.1,14,14.0,14.0,14.0,0.9,118.7,0,0,0.0,14.0,14.0,2003,16,,,,,,fractional first-down count
Dane Looker,STL,27,05/05/1976,20/04/2002,16,2,100.0,12.5,1,1,100.0,11,0,0.0,0,0.0,0.1,11,11.0,11.0,11.0,0.7,112.5,0,0,0.0,11.0,11.0,2003,16,28177087.3125,7044271.828125,Spotrac 2026 Rookie Scale – 1st-round average fallback (pick not found),2002.0,4.0,fractional first-down count
Bryan Barker,WAS,39,28/06/1964,29/04/1986,16,0,100.0,0.0,1,1,100.0,3,0,0.0,0,0.0,0.1,3,3.0,3.0,3.0,0.2,79.2,0,0,0.0,3.0,3.0,2003,16,,,,,,fractional first-down count
Daunte Culpepper,MIN,27,28/01/1977,17/04/1999,16,16,100.0,100.0,379,548,69.2,4717,39,7.1,11,2.0,22.4,82,8.6,9.1,12.4,294.8,110.9,46,238,7.7,7.54,8.02,2004,16,,,,,,fractional first-down count
Peyton Manning,IND,28,24/03/1976,18/04/1998,16,16,100.0,100.0,336,497,67.6,4557,49,9.9,10,2.0,23.3,80,9.2,10.2,13.6,284.8,121.1,13,101,2.5,8.74,9.78,2004,16,98000000.0,14000000.0,OverTheCap – Quarterback Contract History,2004.0,7.0,fractional first-down count
Jake Plummer,DEN,30,19/12/1974,19/04/1997,16,16,100.0,100.0,303,521,58.2,4089,27,5.2,20,3.8,18.5,85,7.8,7.2,13.5,255.6,84.5,15,90,2.8,7.46,6.79,2004,16,40834725.0,5833532.0,OverTheCap – Quarterback Contract History,2003.0,7.0,fractional first-down count
Brett Favre,GNB,35,01/07/1973,21/04/1991,16,16,100.0,100.0,346,540,64.1,4088,30,5.6,17,3.1,20.5,79,7.6,7.3,11.8,255.5,92.4,12,93,2.2,7.24,6.94,2004,16,80600000.0,11514286.0,OverTheCap – Quarterback Contract History,2001.0,7.0,fractional first-down count
Marc Bulger,STL,27,05/04/1977,20/04/2002,14,14,87.5,87.5,321,485,66.2,3964,21,4.3,14,2.9,18.1,56,8.2,7.7,12.3,283.1,93.7,41,302,7.8,6.96,6.56,2004,16,,,,,,fractional first-down count
Jake Delhomme,CAR,29,10/01/1975,17/04/1999,16,16,100.0,100.0,310,533,58.2,3886,29,5.4,15,2.8,19.3,63,7.3,7.1,12.5,242.9,87.3,33,246,5.8,6.43,6.26,2004,16,,,,,,fractional first-down count
Donovan McNabb,PHI,28,25/11/1976,17/04/1999,15,15,93.75,93.75,300,469,64.0,3875,31,6.6,8,1.7,17.4,80,8.3,8.8,12.9,258.3,104.7,32,192,6.4,7.35,7.87,2004,16,67188235.0,8398529.0,OverTheCap – Quarterback Contract History,2002.0,8.0,fractional first-down count
Aaron Brooks,NOR,28,24/03/1976,15/04/2000,16,16,100.0,100.0,309,542,57.0,3810,21,3.9,16,3.0,17.9,57,7.0,6.5,12.3,238.1,79.5,41,223,7.0,6.15,5.64,2004,16,,,,,,fractional first-down count
Tom Brady,NWE,27,03/08/1977,15/04/2000,16,16,100.0,100.0,288,474,60.8,3692,28,5.9,14,3.0,18.7,50,7.8,7.6,12.8,230.8,92.6,26,162,5.2,7.06,6.92,2004,16,29625000.0,7406250.0,OverTheCap – Quarterback Contract History,2002.0,4.0,fractional first-down count
Vinny Testaverde,DAL,41,13/11/1963,28/04/1987,16,15,100.0,93.75,297,495,60.0,3532,17,3.4,20,4.0,16.3,53,7.1,6.0,11.9,220.8,76.4,34,182,6.4,6.33,5.27,2004,16,,,,,,fractional first-down count
David Carr,HOU,25,21/07/1979,20/04/2002,16,16,100.0,100.0,285,466,61.2,3531,16,3.4,14,3.0,17.2,69,7.6,6.9,12.4,220.7,83.5,49,301,9.5,6.27,5.67,2004,16,48750000.0,6964286.0,OverTheCap – Quarterback Contract History,2002.0,7.0,fractional first-down count
Kerry Collins,OAK,32,30/12/1972,22/04/1995,14,13,87.5,81.25,289,513,56.3,3495,21,4.1,20,3.9,15.5,63,6.8,5.9,12.1,249.6,74.8,25,144,4.6,6.23,5.34,2004,16,,,,,,fractional first-down count
Matt Hasselbeck,SEA,29,25/09/1975,17/04/1999,14,14,87.5,87.5,279,474,58.9,3382,22,4.6,15,3.2,17.6,60,7.1,6.6,12.1,241.6,83.1,30,155,6.0,6.4,5.94,2004,16,,,,,,fractional first-down count
Drew Brees,SDG,25,15/01/1979,21/04/2001,15,15,93.75,93.75,262,400,65.5,3159,27,6.8,7,1.8,14.2,79,7.9,8.5,12.1,210.6,104.8,18,131,4.3,7.24,7.78,2004,16,3605000.0,901250.0,OverTheCap – Quarterback Contract History,2001.0,4.0,fractional first-down count
Joey Harrington,DET,26,21/10/1978,20/04/2002,16,16,100.0,100.0,274,489,56.0,3047,19,3.9,12,2.5,14.1,62,6.2,5.9,11.1,190.4,77.5,36,196,6.9,5.43,5.13,2004,16,53023666.0,13255916.5,Spotrac 2026 Rookie Scale – exact 1st-round draft slot,2002.0,4.0,fractional first-down count
Byron Leftwich,JAX,24,14/01/1980,26/04/2003,14,14,87.5,87.5,267,441,60.5,2941,15,3.4,10,2.3,14.1,65,6.7,6.3,11.0,210.1,82.2,25,114,5.4,6.07,5.74,2004,16,37212138.0,9303034.5,Spotrac 2026 Rookie Scale – exact 1st-round draft slot,2003.0,4.0,fractional first-down count
Drew Bledsoe,BUF,32,14/02/1972,25/04/1993,16,16,100.0,100.0,256,450,56.9,2932,20,4.4,16,3.6,14.3,69,6.5,5.8,11.5,183.3,76.6,37,215,7.6,5.58,4.92,2004,16,18500000.0,6166667.0,OverTheCap – Quarterback Contract History,2004.0,3.0,fractional first-down count
Chad Pennington,NYJ,28,26/06/1976,15/04/2000,13,13,81.25,81.25,242,370,65.4,2673,16,4.3,9,2.4,13.7,48,7.2,7.0,11.0,205.6,91.0,18,103,4.6,6.62,6.4,2004,16,64198000.0,9171143.0,OverTheCap – Quarterback Contract History,2004.0,7.0,fractional first-down count
Brian Griese,TAM,29,18/03/1975,18/04/1998,11,10,68.75,62.5,233,336,69.3,2632,20,6.0,12,3.6,12.6,68,7.8,7.4,11.3,239.3,97.5,26,169,7.2,6.8,6.42,2004,16,17950000.0,5983333.0,OverTheCap – Quarterback Contract History,2004.0,3.0,fractional first-down count
Kyle Boller,BAL,23,17/06/1981,26/04/2003,16,16,100.0,100.0,258,464,55.6,2559,13,2.8,11,2.4,13.5,57,5.5,5.0,9.9,159.9,70.9,35,247,7.0,4.63,4.16,2004,16,20928640.0,5232160.0,Spotrac 2026 Rookie Scale – exact 1st-round draft slot,2003.0,4.0,fractional first-down count
Josh McCown,ARI,25,04/07/1979,20/04/2002,14,13,87.5,81.25,233,408,57.1,2511,11,2.7,10,2.5,12.2,48,6.2,5.6,10.8,179.4,74.1,31,263,7.1,5.12,4.6,2004,16,1388000.0,462667.0,OverTheCap – Quarterback Contract History,2002.0,3.0,fractional first-down count
Michael Vick,ATL,24,16/02/1982,21/04/2001,15,15,93.75,93.75,181,321,56.4,2313,14,4.4,12,3.7,10.2,62,7.2,6.4,12.8,154.2,78.1,46,266,12.5,5.58,4.87,2004,16,91000000.0,13000000.0,OverTheCap – Quarterback Contract History,2004.0,7.0,fractional first-down count
Tim Rattay,SFO,27,15/03/1977,15/04/2000,9,9,56.25,56.25,198,325,60.9,2169,10,3.1,10,3.1,10.9,65,6.7,5.9,11.0,241.0,78.1,37,211,10.2,5.41,4.72,2004,16,,,,,,fractional first-down count
Kurt Warner,NYG,33,22/06/1971,18/04/1998,10,9,62.5,56.25,174,277,62.8,2054,6,2.2,4,1.4,9.4,62,7.4,7.2,11.8,205.4,86.5,39,196,12.3,5.88,5.69,2004,16,3000000.0,3000000.0,OverTheCap – Quarterback Contract History,2004.0,1.0,fractional first-down count
A.J. Feeley,MIA,27,16/05/1977,21/04/2001,11,8,68.75,50.0,191,356,53.7,1893,11,3.1,15,4.2,10.2,38,5.3,4.0,9.9,172.1,61.7,23,136,6.1,4.64,3.44,2004,16,,,,,,fractional first-down count
Jeff Garcia,CLE,34,24/02/1970,17/04/1999,11,10,68.75,62.5,144,252,57.1,1731,10,4.0,9,3.6,7.1,99,6.9,6.1,12.0,157.4,76.7,24,99,8.7,5.91,5.17,2004,16,,,,,,fractional first-down count
Patrick Ramsey,WAS,25,14/02/1979,20/04/2002,9,7,56.25,43.75,169,272,62.1,1665,10,3.7,11,4.0,8.9,51,6.1,5.0,9.9,185.0,74.8,23,137,7.8,5.18,4.18,2004,16,16783950.0,4195987.5,Spotrac 2026 Rookie Scale – exact 1st-round draft slot,2002.0,4.0,fractional first-down count
Steve McNair,TEN,31,14/02/1973,22/04/1995,8,8,50.0,50.0,129,215,60.0,1343,8,3.7,9,4.2,7.6,37,6.2,5.1,10.4,167.9,73.1,13,95,5.7,5.47,4.4,2004,16,63250010.0,10541668.0,OverTheCap – Quarterback Contract History,2004.0,6.0,fractional first-down count
Mark Brunell,WAS,34,19/03/1971,24/04/1994,9,9,56.25,56.25,118,237,49.8,1194,7,3.0,6,2.5,6.8,49,5.0,4.5,10.1,132.7,63.9,15,105,6.0,4.32,3.81,2004,16,43360000.0,6194286.0,OverTheCap – Quarterback Contract History,2004.0,7.0,fractional first-down count
Jay Fiedler,MIA,33,06/12/1970,24/04/1994,8,7,50.0,43.75,101,190,53.2,1186,7,3.7,8,4.2,5.5,71,6.2,5.1,11.7,148.3,67.1,25,165,11.6,4.75,3.73,2004,16,,,,,,fractional first-down count
Chad Hutchinson,CHI,27,21/02/1977,17/04/1999,5,5,31.25,31.25,92,161,57.1,903,4,2.5,3,1.9,4.3,63,5.6,5.3,9.8,180.6,73.6,23,160,12.5,4.04,3.74,2004,16,,,,,,fractional first-down count
Kelly Holcomb,CLE,31,09/07/1973,19/04/1997,4,2,25.0,12.5,59,87,67.8,737,7,8.0,5,5.7,3.5,55,8.5,7.5,12.5,184.3,96.8,5,31,5.4,7.67,6.75,2004,16,,,,,,fractional first-down count
Craig Krenzel,CHI,23,01/07/1981,24/04/2004,6,5,37.5,31.25,59,127,46.5,718,3,2.4,6,4.7,3.1,49,5.7,4.0,12.2,119.7,52.5,23,158,15.3,3.73,2.33,2004,16,,,,,,fractional first-down count
Brad Johnson,TAM,36,13/09/1968,24/04/1994,4,4,25.0,25.0,65,103,63.1,674,3,2.9,3,2.9,2.8,54,6.5,5.8,10.4,168.5,79.5,8,55,7.2,5.58,4.9,2004,16,,,,,,fractional first-down count
Jon Kitna,CIN,32,01/11/1977,19/04/1997,4,3,25.0,18.75,61,104,58.7,623,5,4.8,4,3.8,3.2,30,6.0,5.2,10.2,155.8,75.9,6,41,5.5,5.29,4.56,2004,16,,,,,,fractional first-down count
Luke McCown,CLE,23,12/07/1981,24/04/2004,5,4,31.25,25.0,48,98,49.0,608,4,4.1,7,7.1,1.9,58,6.2,3.8,12.7,121.6,52.6,12,122,10.9,4.42,2.28,2004,16,2475000.0,495000.0,OverTheCap – Quarterback Contract History,2004.0,5.0,fractional first-down count
Rex Grossman,CHI,24,23/08/1980,26/04/2003,3,3,18.75,18.75,47,84,56.0,607,1,1.2,3,3.6,2.9,40,7.2,5.9,12.9,202.3,67.9,5,22,5.6,6.57,5.28,2004,16,20456656.0,5114164.0,Spotrac 2026 Rookie Scale – exact 1st-round draft slot,2003.0,4.0,fractional first-down count
Rich Gannon,OAK,39,20/12/1965,28/04/1987,3,3,18.75,18.75,41,68,60.3,524,3,4.4,2,2.9,2.3,58,7.7,7.3,12.8,174.7,86.9,5,17,6.8,6.95,6.53,2004,16,,,,,,fractional first-down count
Shaun King,ARI,27,29/05/1977,17/04/1999,3,2,18.75,12.5,47,84,56.0,502,1,1.2,4,4.8,2.6,40,6.0,4.1,10.7,167.3,57.7,6,42,6.7,5.11,3.33,2004,16,,,,,,fractional first-down count
Quincy Carter,NYJ,27,13/10/1977,21/04/2001,7,3,43.75,18.75,35,58,60.3,498,3,5.2,1,1.7,2.5,69,8.6,8.8,14.2,71.1,98.2,12,70,17.1,6.11,6.33,2004,16,,,,,,fractional first-down count
Chris Simms,TAM,24,29/08/1980,24/04/2004,5,2,31.25,12.5,42,73,57.5,467,1,1.4,3,4.1,2.1,75,6.4,4.8,11.1,93.4,64.1,10,75,12.0,4.72,3.34,2004,16,,,,,,fractional first-down count
Chris Chandler,STL,39,12/10/1965,24/04/1988,5,2,31.25,12.5,35,62,56.5,463,2,3.2,8,12.9,1.5,75,7.5,2.3,13.2,92.6,51.4,7,54,10.1,5.93,1.29,2004,16,,,,,,fractional first-down count
Jonathan Quinn,CHI,29,27/02/1975,18/04/1998,5,3,31.25,18.75,51,98,52.0,413,1,1.0,3,3.1,1.8,32,4.2,3.0,8.1,82.6,53.7,15,109,13.3,2.69,1.67,2004,16,,,,,,fractional first-down count
David Garrard,JAX,26,14/02/1978,20/04/2002,4,2,25.0,12.5,38,72,52.8,374,2,2.8,1,1.4,2.1,36,5.2,5.1,9.8,93.5,71.2,6,35,7.7,4.35,4.28,2004,16,,,,,,fractional first-down count
Trent Dilfer,SEA,32,13/03/1972,24/04/1994,5,2,31.25,12.5,25,58,43.1,333,1,1.7,3,5.2,1.2,56,5.7,3.8,13.3,66.6,46.1,4,21,6.5,5.03,3.18,2004,16,,,,,,fractional first-down count
Matt Schaub,ATL,23,25/06/1981,24/04/2004,6,1,37.5,6.25,33,70,47.1,330,1,1.4,4,5.7,1.5,59,4.7,2.4,10.0,55.0,42.0,4,14,5.4,4.27,2.11,2004,16,1365000.0,455000.0,OverTheCap – Quarterback Contract History,2004.0,3.0,fractional first-down count
Tommy Maddox,PIT,33,02/09/1971,26/04/1992,4,3,25.0,18.75,30,60,50.0,329,1,1.7,2,3.3,1.5,39,5.5,4.3,11.0,82.3,58.3,6,37,9.1,4.42,3.36,2004,16,,,,,,fractional first-down count
Craig Nall,GNB,25,21/04/1979,26/04/2003,5,0,31.25,0.0,23,33,69.7,314,4,12.1,0,0.0,1.9,43,9.5,11.9,13.7,62.8,139.4,2,8,5.7,8.74,11.03,2004,16,,,,,,fractional first-down count
Doug Flutie,SDG,42,23/10/1962,30/04/1985,2,1,12.5,6.25,20,38,52.6,276,1,2.6,0,0.0,1.5,29,7.3,7.8,13.8,138.0,85.0,1,7,2.6,6.9,7.41,2004,16,,,,,,fractional first-down count
Sage Rosenfels,MIA,26,06/03/1978,20/04/2002,3,1,18.75,6.25,16,39,41.0,264,1,2.6,3,7.7,0.9,76,6.8,3.8,16.5,88.0,41.0,3,16,7.1,5.9,3.17,2004,16,,,,,,fractional first-down count
Koy Detmer,PHI,31,05/07/1973,18/04/1998,16,1,100.0,6.25,18,40,45.0,207,0,0.0,2,5.0,0.6,31,5.2,2.9,11.5,12.9,40.3,2,16,4.8,4.55,2.4,2004,16,,,,,,fractional first-down count
Jamie Martin,STL,34,08/02/1970,20/04/1996,1,0,6.25,0.0,16,30,53.3,188,0,0.0,0,0.0,0.8,26,6.3,6.3,11.8,188.0,72.6,2,6,6.3,5.69,5.69,2004,16,,,,,,fractional first-down count
Jim Sorgi,IND,24,03/12/1980,24/04/2004,4,0,25.0,0.0,17,29,58.6,175,2,6.9,0,0.0,0.6,71,6.0,7.4,10.3,43.8,99.1,1,8,3.3,5.57,6.9,2004,16,,,,,,fractional first-down count
John Navarre,ARI,24,09/09/1980,24/04/2004,1,1,6.25,6.25,18,40,45.0,168,1,2.5,4,10.0,0.6,33,4.2,0.2,9.3,168.0,25.8,1,8,2.4,3.9,0.0,2004,16,,,,,,fractional first-down count
Jeff Blake,PHI,34,04/12/1970,26/04/1992,3,0,18.75,0.0,18,37,48.6,126,1,2.7,1,2.7,0.8,21,3.4,2.7,7.0,42.0,54.6,2,17,5.1,2.79,2.15,2004,16,,,,,,fractional first-down count
Doug Pederson,GNB,36,31/01/1968,22/04/1990,4,0,25.0,0.0,11,23,47.8,120,0,0.0,2,8.7,0.5,24,5.2,1.3,10.9,30.0,27.4,0,0,0.0,5.22,1.3,2004,16,,,,,,fractional first-down count
Drew Henson,DAL,24,13/02/1980,24/04/2004,7,1,43.75,6.25,10,18,55.6,78,1,5.6,1,5.6,0.7,16,4.3,2.9,7.8,11.1,61.8,2,26,10.0,2.6,1.35,2004,16,,,,,,fractional first-down count
Mike McMahon,DET,25,08/02/1979,21/04/2001,1,0,6.25,0.0,11,15,73.3,77,0,0.0,1,6.7,0.4,19,5.1,2.1,7.0,77.0,56.8,1,12,6.3,4.06,1.25,2004,16,,,,,,fractional first-down count
Doug Johnson,TEN,27,27/10/1977,21/04/2001,2,0,12.5,0.0,6,12,50.0,68,0,0.0,0,0.0,0.2,33,5.7,5.7,11.3,34.0,67.4,1,6,7.7,4.77,4.77,2004,16,28177087.3125,7044271.828125,Spotrac 2026 Rookie Scale – 1st-round average fallback (pick not found),2001.0,4.0,fractional first-down count
Brooks Bollinger,NYJ,25,15/11/1979,24/04/2004,1,0,6.25,0.0,5,9,55.6,60,0,0.0,0,0.0,0.2,26,6.7,6.7,12.0,60.0,76.2,1,8,10.0,5.2,5.2,2004,16,,,,,,fractional first-down count
Cody Pickett,SFO,24,30/06/1980,24/04/2004,1,0,6.25,0.0,4,10,40.0,55,0,0.0,2,20.0,0.4,18,5.5,-3.5,13.8,55.0,18.7,2,14,16.7,3.42,-4.08,2004,16,,,,,,fractional first-down count
Rohan Davey,NWE,26,14/04/1979,20/04/2002,4,0,25.0,0.0,4,10,40.0,54,0,0.0,0,0.0,0.4,20,5.4,5.4,13.5,13.5,57.9,0,0,0.0,5.4,5.4,2004,16,,,,,,fractional first-down count
Marty Booker,MIA,28,31/07/1976,17/04/1999,15,15,93.75,93.75,1,1,100.0,48,0,0.0,0,0.0,0.1,48,48.0,48.0,48.0,3.2,118.7,0,0,0.0,48.0,48.0,2004,16,,,,,,fractional first-down count
Shane Matthews,BUF,34,01/06/1970,26/04/1992,3,0,18.75,0.0,2,3,66.7,44,1,33.3,0,0.0,0.2,33,14.7,21.3,22.0,14.7,149.3,0,0,0.0,14.67,21.33,2004,16,,,,,,fractional first-down count
Todd Collins,KAN,33,05/11/1971,22/04/1995,2,0,12.5,0.0,1,5,20.0,42,0,0.0,0,0.0,0.1,42,8.4,8.4,42.0,21.0,62.1,0,0,0.0,8.4,8.4,2004,16,,,,,,fractional first-down count
LaDainian Tomlinson,SDG,25,23/06/1979,21/04/2001,15,15,93.75,93.75,1,2,50.0,38,0,0.0,0,0.0,0.1,38,19.0,19.0,38.0,2.5,95.8,1,1,33.3,12.33,12.33,2004,16,47831802.0,11957950.5,Spotrac 2026 Rookie Scale – exact 1st-round draft slot,2001.0,4.0,fractional first-down count
Randy Moss,MIN,27,13/02/1977,18/04/1998,13,13,81.25,81.25,1,2,50.0,37,0,0.0,1,50.0,0.1,37,18.5,-4.0,37.0,2.8,56.2,0,0,0.0,18.5,-4.0,2004,16,,,,,,fractional first-down count
Philip Rivers,SDG,23,08/12/1981,24/04/2004,2,0,12.5,0.0,5,8,62.5,33,1,12.5,0,0.0,0.3,13,4.1,6.6,6.6,16.5,110.9,0,0,0.0,4.13,6.63,2004,16,41250000.0,6875000.0,OverTheCap – Quarterback Contract History,2004.0,6.0,fractional first-down count
J.P. Losman,BUF,23,12/03/1981,24/04/2004,4,0,25.0,0.0,3,5,60.0,32,0,0.0,1,20.0,0.2,17,6.4,-2.6,10.7,8.0,39.2,1,0,16.7,5.33,-2.17,2004,16,20456656.0,5114164.0,Spotrac 2026 Rookie Scale – exact 1st-round draft slot,2004.0,4.0,fractional first-down count
Richie Anderson,DAL,33,13/09/1971,25/04/1993,12,4,75.0,25.0,1,1,100.0,26,1,100.0,0,0.0,0.1,26,26.0,46.0,26.0,2.2,158.3,0,0,0.0,26.0,46.0,2004,16,,,,,,fractional first-down count
Drew Bennett,TEN,26,26/08/1978,21/04/2001,16,16,100.0,100.0,1,1,100.0,26,1,100.0,0,0.0,0.1,26,26.0,46.0,26.0,1.6,158.3,0,0,0.0,26.0,46.0,2004,16,28177087.3125,7044271.828125,Spotrac 2026 Rookie Scale – 1st-round average fallback (pick not found),2001.0,4.0,fractional first-down count
Peerless Price,ATL,28,27/10/1976,17/04/1999,16,15,100.0,93.75,1,1,100.0,25,0,0.0,0,0.0,0.1,25,25.0,25.0,25.0,1.6,118.7,0,0,0.0,25.0,25.0,2004,16,,,,,,fractional first-down count
Chris Mohr,ATL,38,11/05/1966,23/04/1989,16,0,100.0,0.0,2,3,66.7,24,0,0.0,0,0.0,0.1,26,8.0,8.0,12.0,1.5,91.0,0,0,0.0,8.0,8.0,2004,16,,,,,,fractional first-down count
Brian Moorman,BUF,28,05/02/1976,21/04/2001,16,0,100.0,0.0,1,3,33.3,24,0,0.0,0,0.0,0.1,24,8.0,8.0,24.0,1.5,63.2,0,0,0.0,8.0,8.0,2004,16,28177087.3125,7044271.828125,Spotrac 2026 Rookie Scale – 1st-round average fallback (pick not found),2001.0,4.0,fractional first-down count
Emmitt Smith,ARI,35,15/05/1969,22/04/1990,15,15,93.75,93.75,1,1,100.0,21,1,100.0,0,0.0,0.1,21,21.0,41.0,21.0,1.4,158.3,0,0,0.0,21.0,41.0,2004,16,,,,,,fractional first-down count
Ahman Green,GNB,27,16/02/1977,18/04/1998,15,15,93.75,93.75,1,1,100.0,20,1,100.0,0,0.0,0.1,20,20.0,40.0,20.0,1.3,158.3,0,0,0.0,20.0,40.0,2004,16,,,,,,fractional first-down count
Tony Banks,HOU,31,05/04/1973,20/04/1996,5,0,31.25,0.0,1,2,50.0,16,0,0.0,0,0.0,0.1,16,8.0,8.0,16.0,3.2,77.1,0,0,0.0,8.0,8.0,2004,16,,,,,,fractional first-down count
Clinton Portis,WAS,23,01/09/1981,20/04/2002,15,15,93.75,93.75,1,2,50.0,15,1,50.0,0,0.0,0.1,15,7.5,17.5,15.0,1.0,114.6,0,0,0.0,7.5,17.5,2004,16,,,,,,fractional first-down count
Jerome Bettis,PIT,32,16/02/1972,25/04/1993,15,6,93.75,37.5,1,1,100.0,10,1,100.0,0,0.0,0.1,10,10.0,30.0,10.0,0.7,147.9,0,0,0.0,10.0,30.0,2004,16,,,,,,fractional first-down count
Craig Hentrich,TEN,33,18/05/1971,24/04/1994,16,0,100.0,0.0,2,4,50.0,10,0,0.0,0,0.0,0.1,6,2.5,2.5,5.0,0.6,56.2,0,0,0.0,2.5,2.5,2004,16,,,,,,fractional first-down count
Antwaan Randle El,PIT,25,17/08/1979,20/04/2002,16,7,100.0,43.75,1,1,100.0,10,1,100.0,0,0.0,0.1,10,10.0,30.0,10.0,0.6,147.9,0,0,0.0,10.0,30.0,2004,16,,,,,,fractional first-down count
Tony Fisher,GNB,25,12/10/1979,20/04/2002,16,0,100.0,0.0,1,1,100.0,8,1,100.0,0,0.0,0.1,8,8.0,28.0,8.0,0.5,139.6,0,0,0.0,8.0,28.0,2004,16,28177087.3125,7044271.828125,Spotrac 2026 Rookie Scale – 1st-round average fallback (pick not found),2002.0,4.0,fractional first-down count
Adam Vinatieri,NWE,32,28/12/1972,20/04/1996,16,0,100.0,0.0,1,1,100.0,4,1,100.0,0,0.0,0.1,4,4.0,24.0,4.0,0.3,122.9,0,0,0.0,4.0,24.0,2004,16,,,,,,fractional first-down count
Tom Brady,NWE,28,03/08/1977,15/04/2000,16,16,100.0,100.0,334,530,63.0,4110,26,4.9,14,2.6,19.7,71,7.8,7.5,12.3,256.9,92.3,26,188,4.7,7.05,6.86,2005,16,48000000.0,12000000.0,OverTheCap – Quarterback Contract History,2005.0,4.0,fractional first-down count
Trent Green,KAN,35,09/07/1970,19/04/1997,16,16,100.0,100.0,317,507,62.5,4014,17,3.4,10,2.0,18.2,60,7.9,7.7,12.7,250.9,90.1,32,204,5.9,7.07,6.86,2005,16,,,,,,fractional first-down count
Brett Favre,GNB,36,01/07/1973,21/04/1991,16,16,100.0,100.0,372,607,61.3,3881,20,3.3,29,4.8,20.2,59,6.4,4.9,10.4,242.6,70.9,24,170,3.8,5.88,4.45,2005,16,80600000.0,11514286.0,OverTheCap – Quarterback Contract History,2001.0,7.0,fractional first-down count
Carson Palmer,CIN,26,27/12/1979,24/04/2004,16,16,100.0,100.0,345,509,67.8,3836,32,6.3,12,2.4,19.8,70,7.5,7.7,11.1,239.8,101.1,19,105,3.6,7.07,7.26,2005,16,97000000.0,16166667.0,OverTheCap – Quarterback Contract History,2005.0,6.0,fractional first-down count
Eli Manning,NYG,24,03/01/1981,24/04/2004,16,16,100.0,100.0,294,557,52.8,3762,24,4.3,17,3.1,17.6,78,6.8,6.2,12.8,235.1,75.9,28,184,4.8,6.12,5.63,2005,16,47990000.0,7998333.0,OverTheCap – Quarterback Contract History,2004.0,6.0,fractional first-down count
Peyton Manning,IND,29,24/03/1976,18/04/1998,16,16,100.0,100.0,305,453,67.3,3747,28,6.2,10,2.2,19.8,80,8.3,8.5,12.3,234.2,104.1,17,81,3.6,7.8,8.03,2005,16,98000000.0,14000000.0,OverTheCap – Quarterback Contract History,2004.0,7.0,fractional first-down count
Drew Bledsoe,DAL,33,14/02/1972,25/04/1993,16,16,100.0,100.0,300,499,60.1,3639,23,4.6,17,3.4,17.8,71,7.3,6.7,12.1,227.4,83.7,49,295,8.9,6.1,5.55,2005,16,13500000.0,4500000.0,OverTheCap – Quarterback Contract History,2005.0,3.0,fractional first-down count
Drew Brees,SDG,26,15/01/1979,21/04/2001,16,16,100.0,100.0,323,500,64.6,3576,24,4.8,15,3.0,18.3,54,7.2,6.8,11.1,223.5,89.2,27,223,5.1,6.36,5.99,2005,16,8078000.0,8078000.0,OverTheCap – Quarterback Contract History,2005.0,1.0,fractional first-down count
Matt Hasselbeck,SEA,30,25/09/1975,17/04/1999,16,16,100.0,100.0,294,449,65.5,3459,24,5.3,9,2.0,18.2,56,7.7,7.9,11.8,216.2,98.2,24,154,5.1,6.99,7.15,2005,16,48000000.0,8000000.0,OverTheCap – Quarterback Contract History,2005.0,6.0,fractional first-down count
Jake Delhomme,CAR,30,10/01/1975,17/04/1999,16,16,100.0,100.0,262,435,60.2,3421,24,5.5,16,3.7,15.6,80,7.9,7.3,13.1,213.8,88.1,28,214,6.0,6.93,6.41,2005,16,,,,,,fractional first-down count
Jake Plummer,DEN,31,19/12/1974,19/04/1997,16,16,100.0,100.0,277,456,60.7,3366,18,3.9,7,1.5,16.1,72,7.4,7.5,12.2,210.4,90.2,22,135,4.6,6.76,6.85,2005,16,40834725.0,5833532.0,OverTheCap – Quarterback Contract History,2003.0,7.0,fractional first-down count
Steve McNair,TEN,32,14/02/1973,22/04/1995,14,14,87.5,87.5,292,476,61.3,3161,16,3.4,11,2.3,16.4,57,6.6,6.3,10.8,225.8,82.4,20,134,4.0,6.1,5.75,2005,16,63250010.0,10541668.0,OverTheCap – Quarterback Contract History,2004.0,6.0,fractional first-down count
Mark Brunell,WAS,35,19/03/1971,24/04/1994,16,15,100.0,93.75,262,454,57.7,3050,23,5.1,10,2.2,15.5,78,6.7,6.7,11.6,190.6,85.9,27,213,5.6,5.9,5.92,2005,16,43360000.0,6194286.0,OverTheCap – Quarterback Contract History,2004.0,7.0,fractional first-down count
Gus Frerotte,MIA,34,31/07/1971,24/04/1994,16,15,100.0,93.75,257,494,52.0,2996,18,3.6,13,2.6,14.1,60,6.1,5.6,11.7,187.3,71.9,26,158,5.0,5.46,5.03,2005,16,,,,,,fractional first-down count
Aaron Brooks,NOR,29,24/03/1976,15/04/2000,13,13,81.25,81.25,240,431,55.7,2882,13,3.0,17,3.9,14.5,66,6.7,5.5,12.0,221.7,70.0,33,202,7.1,5.78,4.69,2005,16,,,,,,fractional first-down count
Kurt Warner,ARI,34,22/06/1971,18/04/1998,10,10,62.5,62.5,242,375,64.5,2713,11,2.9,9,2.4,13.3,63,7.2,6.7,11.2,271.3,85.8,23,158,5.8,6.42,5.95,2005,16,4000000.0,4000000.0,OverTheCap – Quarterback Contract History,2005.0,1.0,fractional first-down count
Donovan McNabb,PHI,29,25/11/1976,17/04/1999,9,9,56.25,56.25,211,357,59.1,2507,16,4.5,9,2.5,11.6,91,7.0,6.8,11.9,278.6,85.0,19,112,5.1,6.37,6.14,2005,16,67188235.0,8398529.0,OverTheCap – Quarterback Contract History,2002.0,8.0,fractional first-down count
David Carr,HOU,26,21/07/1979,20/04/2002,16,16,100.0,100.0,256,423,60.5,2488,14,3.3,11,2.6,13.9,53,5.9,5.4,9.7,155.5,77.2,68,424,13.8,4.2,3.77,2005,16,48750000.0,6964286.0,OverTheCap – Quarterback Contract History,2002.0,7.0,fractional first-down count
Michael Vick,ATL,25,16/02/1982,21/04/2001,15,15,93.75,93.75,214,387,55.3,2412,15,3.9,13,3.4,12.6,58,6.2,5.5,11.3,160.8,73.1,33,201,7.9,5.26,4.59,2005,16,91000000.0,13000000.0,OverTheCap – Quarterback Contract History,2004.0,7.0,fractional first-down count
Byron Leftwich,JAX,25,14/01/1980,26/04/2003,11,11,68.75,68.75,175,302,57.9,2123,15,5.0,5,1.7,10.1,45,7.0,7.3,12.1,193.0,89.3,23,110,7.1,6.19,6.42,2005,16,37212138.0,9303034.5,Spotrac 2026 Rookie Scale – exact 1st-round draft slot,2003.0,4.0,fractional first-down count
Chris Simms,TAM,25,29/08/1980,24/04/2004,11,10,68.75,62.5,191,313,61.0,2035,10,3.2,7,2.2,10.7,78,6.5,6.1,10.7,185.0,81.4,29,205,8.5,5.35,5.01,2005,16,,,,,,fractional first-down count
Brad Johnson,MIN,37,13/09/1968,24/04/1994,15,9,93.75,56.25,184,294,62.6,1885,12,4.1,4,1.4,9.3,80,6.4,6.6,10.2,125.7,88.9,23,134,7.3,5.52,5.71,2005,16,,,,,,fractional first-down count
Kyle Orton,CHI,23,14/11/1982,23/04/2005,15,15,93.75,93.75,190,368,51.6,1869,9,2.4,13,3.5,9.3,54,5.1,4.0,9.8,124.6,59.7,30,190,7.5,4.22,3.2,2005,16,1843000.0,460750.0,OverTheCap – Quarterback Contract History,2005.0,4.0,fractional first-down count
Josh McCown,ARI,26,04/07/1979,20/04/2002,9,6,56.25,37.5,163,270,60.4,1836,9,3.3,11,4.1,8.7,49,6.8,5.6,11.3,204.0,74.9,18,101,6.3,6.02,4.93,2005,16,1430000.0,1430000.0,OverTheCap – Quarterback Contract History,2005.0,1.0,fractional first-down count
Kyle Boller,BAL,24,17/06/1981,26/04/2003,9,9,56.25,56.25,171,293,58.4,1799,11,3.8,12,4.1,8.6,47,6.1,5.0,10.5,199.9,71.8,23,146,7.3,5.23,4.22,2005,16,20928640.0,5232160.0,Spotrac 2026 Rookie Scale – exact 1st-round draft slot,2003.0,4.0,fractional first-down count
Anthony Wright,BAL,29,14/02/1976,15/04/2000,9,7,56.25,43.75,164,266,61.7,1582,6,2.3,9,3.4,7.8,48,5.9,4.9,9.6,175.8,71.7,19,147,6.7,5.04,4.04,2005,16,,,,,,fractional first-down count
Brooks Bollinger,NYJ,26,15/11/1979,24/04/2004,11,9,68.75,56.25,150,266,56.4,1558,7,2.6,6,2.3,7.8,60,5.9,5.4,10.4,141.6,72.9,32,193,10.7,4.58,4.14,2005,16,,,,,,fractional first-down count
Kelly Holcomb,BUF,32,09/07/1973,19/04/1997,10,8,62.5,50.0,155,230,67.4,1509,10,4.3,8,3.5,7.4,65,6.6,5.9,9.7,150.9,85.6,17,140,6.9,5.54,4.89,2005,16,,,,,,fractional first-down count
J.P. Losman,BUF,24,12/03/1981,24/04/2004,9,8,56.25,50.0,113,228,49.6,1340,8,3.5,8,3.5,5.5,58,5.9,5.0,11.9,148.9,64.9,26,197,10.2,4.5,3.71,2005,16,20456656.0,5114164.0,Spotrac 2026 Rookie Scale – exact 1st-round draft slot,2004.0,4.0,fractional first-down count
Jamie Martin,STL,35,08/02/1970,20/04/1996,8,5,50.0,31.25,124,177,70.1,1277,5,2.8,7,4.0,5.9,83,7.2,6.0,10.3,159.6,83.5,11,78,5.9,6.38,5.23,2005,16,,,,,,fractional first-down count
Mike McMahon,PHI,26,08/02/1979,21/04/2001,9,7,56.25,43.75,94,207,45.4,1158,5,2.4,8,3.9,5.6,48,5.6,4.3,12.3,128.7,55.2,19,96,8.4,4.7,3.55,2005,16,,,,,,fractional first-down count
Brian Griese,TAM,30,18/03/1975,18/04/1998,6,6,37.5,37.5,112,174,64.4,1136,7,4.0,7,4.0,5.4,80,6.5,5.5,10.1,189.3,79.6,12,76,6.5,5.7,4.76,2005,16,32265000.0,6453000.0,OverTheCap – Quarterback Contract History,2005.0,5.0,fractional first-down count
David Garrard,JAX,27,14/02/1978,20/04/2002,7,5,43.75,31.25,98,168,58.3,1117,4,2.4,1,0.6,6.4,37,6.6,6.9,11.4,159.6,83.9,8,45,4.5,6.09,6.29,2005,16,,,,,,fractional first-down count
Charlie Frye,CLE,24,28/08/1981,23/04/2005,7,5,43.75,31.25,98,164,59.8,1002,4,2.4,5,3.0,4.9,45,6.1,5.2,10.2,143.1,72.8,22,135,11.8,4.66,3.88,2005,16,,,,,,fractional first-down count
Jeff Garcia,DET,35,24/02/1970,17/04/1999,6,5,37.5,31.25,102,173,59.0,937,3,1.7,6,3.5,4.6,49,5.4,4.2,9.2,156.2,65.1,6,34,3.4,5.04,3.87,2005,16,,,,,,fractional first-down count
Alex Smith,SFO,21,07/05/1984,23/04/2005,9,7,56.25,43.75,84,165,50.9,875,1,0.6,11,6.7,3.7,47,5.3,2.4,10.4,97.2,40.8,29,185,14.9,3.56,1.11,2005,16,49500000.0,8250000.0,OverTheCap – Quarterback Contract History,2005.0,6.0,fractional first-down count
Vinny Testaverde,NYJ,42,13/11/1963,28/04/1987,6,4,37.5,25.0,60,106,56.6,777,1,0.9,6,5.7,3.5,47,7.3,5.0,13.0,129.5,59.4,12,102,10.2,5.72,3.6,2005,16,,,,,,fractional first-down count
Todd Bouman,NOR,33,01/08/1972,21/04/2001,16,3,100.0,18.75,68,122,55.7,722,2,1.6,7,5.7,3.8,43,5.9,3.7,10.6,45.1,54.7,8,59,6.2,5.1,2.98,2005,16,,,,,,fractional first-down count
Tim Rattay,SFO,28,15/03/1977,15/04/2000,4,4,25.0,25.0,56,97,57.7,667,5,5.2,6,6.2,3.2,89,6.9,5.1,11.9,166.8,70.3,10,63,9.3,5.64,4.06,2005,16,,,,,,fractional first-down count
Matt Schaub,ATL,24,25/06/1981,24/04/2004,16,1,100.0,6.25,33,64,51.6,495,4,6.3,0,0.0,2.3,53,7.7,9.0,15.0,30.9,98.1,6,27,8.6,6.69,7.83,2005,16,1365000.0,455000.0,OverTheCap – Quarterback Contract History,2004.0,3.0,fractional first-down count
Ken Dorsey,SFO,24,22/04/1981,24/04/2004,3,3,18.75,18.75,48,90,53.3,481,2,2.2,2,2.2,2.2,44,5.3,4.8,10.0,160.3,66.9,6,28,6.3,4.72,4.2,2005,16,,,,,,fractional first-down count
Billy Volek,TEN,29,28/04/1976,21/04/2001,6,1,37.5,6.25,50,88,56.8,474,4,4.5,2,2.3,2.1,55,5.4,5.3,9.5,79.0,77.6,9,45,9.3,4.42,4.32,2005,16,,,,,,fractional first-down count
Sage Rosenfels,MIA,27,06/03/1978,20/04/2002,4,1,25.0,6.25,34,61,55.7,462,4,6.6,3,4.9,1.7,77,7.6,6.7,13.6,115.5,81.5,0,0,0.0,7.57,6.67,2005,16,,,,,,fractional first-down count
Tommy Maddox,PIT,34,02/09/1971,26/04/1992,4,2,25.0,12.5,34,71,47.9,406,2,2.8,4,5.6,1.9,32,5.7,3.7,11.9,101.5,51.7,8,43,10.1,4.59,2.82,2005,16,,,,,,fractional first-down count
Patrick Ramsey,WAS,26,14/02/1979,20/04/2002,4,1,25.0,6.25,15,25,60.0,279,1,4.0,1,4.0,1.2,72,11.2,10.2,18.6,69.8,95.2,4,27,13.8,8.69,7.83,2005,16,16783950.0,4195987.5,Spotrac 2026 Rookie Scale – exact 1st-round draft slot,2002.0,4.0,fractional first-down count
Rex Grossman,CHI,25,23/08/1980,26/04/2003,2,1,12.5,6.25,20,39,51.3,259,1,2.6,2,5.1,1.4,54,6.6,4.8,13.0,129.5,59.7,1,9,2.5,6.25,4.5,2005,16,20456656.0,5114164.0,Spotrac 2026 Rookie Scale – exact 1st-round draft slot,2003.0,4.0,fractional first-down count
Charlie Batch,PIT,31,05/12/1974,18/04/1998,4,2,25.0,12.5,23,36,63.9,246,1,2.8,1,2.8,1.2,43,6.8,6.1,10.7,61.5,81.5,1,6,2.7,6.49,5.81,2005,16,,,,,,fractional first-down count
Matt Cassel,NWE,23,17/05/1982,23/04/2005,2,0,12.5,0.0,13,24,54.2,183,2,8.3,1,4.2,0.8,36,7.6,7.4,14.1,91.5,89.4,1,1,4.0,7.28,7.08,2005,16,1439000.0,359750.0,OverTheCap – Quarterback Contract History,2005.0,4.0,fractional first-down count
John Navarre,ARI,25,09/09/1980,24/04/2004,1,0,6.25,0.0,14,24,58.3,174,1,4.2,1,4.2,0.6,43,7.3,6.2,12.4,174.0,77.4,4,27,14.3,5.25,4.36,2005,16,,,,,,fractional first-down count
Tony Banks,HOU,32,05/04/1973,20/04/1996,2,0,12.5,0.0,14,25,56.0,173,1,4.0,2,8.0,0.7,31,6.9,4.1,12.4,86.5,57.6,0,0,0.0,6.92,4.12,2005,16,,,,,,fractional first-down count
Cody Pickett,SFO,25,30/06/1980,24/04/2004,5,2,31.25,12.5,14,35,40.0,140,0,0.0,2,5.7,0.4,28,4.0,1.4,10.0,28.0,28.3,3,16,7.9,3.26,0.89,2005,16,,,,,,fractional first-down count
Matt Mauck,TEN,26,12/12/1979,24/04/2004,2,1,12.5,6.25,15,27,55.6,136,0,0.0,1,3.7,0.4,17,5.0,3.4,9.1,68.0,53.9,1,8,3.6,4.57,2.96,2005,16,,,,,,fractional first-down count
Marques Tuiasosopo,OAK,26,22/03/1979,21/04/2001,1,1,6.25,6.25,14,26,53.8,124,1,3.8,2,7.7,0.8,20,4.8,2.1,8.9,124.0,47.6,6,40,18.8,2.63,0.44,2005,16,,,,,,fractional first-down count
Philip Rivers,SDG,24,08/12/1981,24/04/2004,2,0,12.5,0.0,12,22,54.5,115,0,0.0,1,4.5,0.6,22,5.2,3.2,9.6,57.5,50.4,3,16,12.0,3.96,2.16,2005,16,41250000.0,6875000.0,OverTheCap – Quarterback Contract History,2004.0,6.0,fractional first-down count
Jay Fiedler,NYJ,34,06/12/1970,24/04/1994,2,0,12.5,0.0,8,13,61.5,107,1,7.7,0,0.0,0.5,23,8.2,9.8,13.4,53.5,113.3,0,0,0.0,8.23,9.77,2005,16,,,,,,fractional first-down count
Quinn Gray,JAX,26,21/05/1979,23/04/2005,1,0,6.25,0.0,8,14,57.1,100,2,14.3,0,0.0,0.6,26,7.1,10.0,12.5,100.0,119.0,1,7,6.7,6.2,8.87,2005,16,28177087.3125,7044271.828125,Spotrac 2026 Rookie Scale – 1st-round average fallback (pick not found),2005.0,4.0,fractional first-down count
Jon Kitna,CIN,33,01/11/1977,19/04/1997,3,0,18.75,0.0,17,29,58.6,99,0,0.0,2,6.9,0.6,16,3.4,0.3,5.8,33.0,36.4,2,10,6.5,2.87,-0.03,2005,16,,,,,,fractional first-down count
Antwaan Randle El,PIT,26,17/08/1979,20/04/2002,16,15,100.0,93.75,3,3,100.0,67,1,33.3,0,0.0,0.2,51,22.3,29.0,22.3,4.2,158.3,0,0,0.0,22.33,29.0,2005,16,,,,,,fractional first-down count
Aaron Rodgers,GNB,22,02/12/1983,23/04/2005,3,0,18.75,0.0,9,16,56.3,65,0,0.0,1,6.3,0.3,16,4.1,1.3,7.2,21.7,39.8,3,28,15.8,1.95,-0.42,2005,16,7655000.0,1531000.0,OverTheCap – Quarterback Contract History,2005.0,5.0,fractional first-down count
Chris Weinke,CAR,33,31/07/1972,21/04/2001,3,0,18.75,0.0,7,13,53.8,64,1,7.7,0,0.0,0.4,18,4.9,6.5,9.1,21.3,93.1,0,0,0.0,4.92,6.46,2005,16,,,,,,fractional first-down count
Dan Orlovsky,DET,22,18/08/1983,23/04/2005,2,0,12.5,0.0,7,17,41.2,63,0,0.0,0,0.0,0.5,20,3.7,3.7,9.0,31.5,51.8,1,3,5.6,3.33,3.33,2005,16,,,,,,fractional first-down count
Jeff Blake,CHI,35,04/12/1970,26/04/1992,2,0,12.5,0.0,8,9,88.9,55,1,11.1,0,0.0,0.4,17,6.1,8.3,6.9,27.5,129.2,0,0,0.0,6.11,8.33,2005,16,,,,,,fractional first-down count
LaDainian Tomlinson,SDG,26,23/06/1979,21/04/2001,16,16,100.0,100.0,3,4,75.0,47,3,75.0,0,0.0,0.3,26,11.8,26.8,15.7,2.9,153.1,0,0,0.0,11.75,26.75,2005,16,,,,,,fractional first-down count
Doug Flutie,NWE,43,23/10/1962,30/04/1985,5,0,31.25,0.0,5,10,50.0,29,0,0.0,0,0.0,0.3,13,2.9,2.9,5.8,5.8,56.2,1,13,9.1,1.45,1.45,2005,16,,,,,,fractional first-down count
Arnaz Battle,SFO,25,22/02/1980,26/04/2003,10,8,62.5,50.0,2,2,100.0,27,0,0.0,0,0.0,0.1,24,13.5,13.5,13.5,2.7,118.7,0,0,0.0,13.5,13.5,2005,16,,,,,,fractional first-down count
Craig Hentrich,TEN,34,18/05/1971,24/04/1994,16,0,100.0,0.0,1,2,50.0,26,0,0.0,0,0.0,0.1,26,13.0,13.0,26.0,1.6,95.8,0,0,0.0,13.0,13.0,2005,16,,,,,,fractional first-down count
Brad Maynard,CHI,31,09/02/1974,19/04/1997,16,0,100.0,0.0,1,2,50.0,18,0,0.0,0,0.0,0.1,18,9.0,9.0,18.0,1.1,81.2,0,0,0.0,9.0,9.0,2005,16,,,,,,fractional first-down count
Clinton Portis,WAS,24,01/09/1981,20/04/2002,16,16,100.0,100.0,1,2,50.0,17,1,50.0,0,0.0,0.1,17,8.5,18.5,17.0,1.1,118.7,0,0,0.0,8.5,18.5,2005,16,,,,,,fractional first-down count
Tony Fisher,GNB,26,12/10/1979,20/04/2002,14,4,87.5,25.0,1,1,100.0,14,0,0.0,0,0.0,0.1,14,14.0,14.0,14.0,1.0,118.7,0,0,0.0,14.0,14.0,2005,16,28177087.3125,7044271.828125,Spotrac 2026 Rookie Scale – 1st-round average fallback (pick not found),2002.0,4.0,fractional first-down count
Drew Brees,NOR,27,15/01/1979,21/04/2001,16,16,100.0,100.0,356,554,64.3,4418,26,4.7,11,2.0,20.2,86,8.0,8.0,12.4,276.1,96.2,18,105,3.1,7.54,7.58,2006,16,60000000.0,10000000.0,OverTheCap – Quarterback Contract History,2006.0,5.0,fractional first-down count
Peyton Manning,IND,30,24/03/1976,18/04/1998,16,16,100.0,100.0,362,557,65.0,4397,31,5.6,9,1.6,24.2,68,7.9,8.3,12.1,274.8,101.0,14,86,2.5,7.55,7.93,2006,16,98000000.0,14000000.0,OverTheCap – Quarterback Contract History,2004.0,7.0,fractional first-down count
Jon Kitna,DET,34,01/11/1977,19/04/1997,16,16,100.0,100.0,372,596,62.4,4208,21,3.5,22,3.7,20.9,60,7.1,6.1,11.3,263.0,79.9,63,388,9.6,5.8,4.93,2006,16,,,,,,fractional first-down count
Brett Favre,GNB,37,01/07/1973,21/04/1991,16,16,100.0,100.0,343,613,56.0,3885,18,2.9,18,2.9,18.3,82,6.3,5.6,11.3,242.8,72.7,21,134,3.3,5.92,5.21,2006,16,80600000.0,11514286.0,OverTheCap – Quarterback Contract History,2001.0,7.0,fractional first-down count
Tom Brady,NWE,29,03/08/1977,15/04/2000,16,16,100.0,100.0,319,516,61.8,3529,24,4.7,12,2.3,17.6,62,6.8,6.7,11.1,220.6,87.9,26,175,4.8,6.19,6.08,2006,16,48000000.0,12000000.0,OverTheCap – Quarterback Contract History,2005.0,4.0,fractional first-down count
Ben Roethlisberger,PIT,24,02/03/1982,24/04/2004,15,15,93.75,93.75,280,469,59.7,3513,18,3.8,23,4.9,17.8,67,7.5,6.1,12.5,234.2,75.4,46,280,8.9,6.28,4.97,2006,16,25219500.0,4203250.0,OverTheCap – Quarterback Contract History,2004.0,6.0,fractional first-down count
Philip Rivers,SDG,25,08/12/1981,24/04/2004,16,16,100.0,100.0,284,460,61.7,3388,22,4.8,9,2.0,16.7,57,7.4,7.4,11.9,211.8,92.0,27,144,5.5,6.66,6.73,2006,16,41250000.0,6875000.0,OverTheCap – Quarterback Contract History,2004.0,6.0,fractional first-down count
Chad Pennington,NYJ,30,26/06/1976,15/04/2000,16,16,100.0,100.0,313,485,64.5,3352,17,3.5,16,3.3,16.3,71,6.9,6.1,10.7,209.5,82.6,30,172,5.8,6.17,5.44,2006,16,64198000.0,9171143.0,OverTheCap – Quarterback Contract History,2004.0,7.0,fractional first-down count
Eli Manning,NYG,25,03/01/1981,24/04/2004,16,16,100.0,100.0,301,522,57.7,3244,24,4.6,18,3.4,16.2,55,6.2,5.6,10.8,202.8,77.0,25,186,4.6,5.59,4.99,2006,16,47990000.0,7998333.0,OverTheCap – Quarterback Contract History,2004.0,6.0,fractional first-down count
Rex Grossman,CHI,26,23/08/1980,26/04/2003,16,16,100.0,100.0,262,480,54.6,3193,23,4.8,20,4.2,15.1,62,6.7,5.7,12.2,199.6,73.9,21,142,4.2,6.09,5.21,2006,16,20456656.0,5114164.0,Spotrac 2026 Rookie Scale – exact 1st-round draft slot,2003.0,4.0,fractional first-down count
J.P. Losman,BUF,25,12/03/1981,24/04/2004,16,16,100.0,100.0,268,429,62.5,3051,19,4.4,14,3.3,13.4,83,7.1,6.5,11.4,190.7,84.9,47,332,9.9,5.71,5.19,2006,16,20456656.0,5114164.0,Spotrac 2026 Rookie Scale – exact 1st-round draft slot,2004.0,4.0,fractional first-down count
Steve McNair,BAL,33,14/02/1973,22/04/1995,16,16,100.0,100.0,295,468,63.0,3050,16,3.4,12,2.6,15.9,87,6.5,6.0,10.3,190.6,82.5,14,84,2.9,6.15,5.7,2006,16,22000000.0,5500000.0,OverTheCap – Quarterback Contract History,2006.0,4.0,fractional first-down count
Tony Romo,DAL,26,21/04/1980,24/04/2004,16,10,100.0,62.5,220,337,65.3,2903,19,5.6,13,3.9,14.4,56,8.6,8.0,13.2,181.4,95.1,21,124,5.9,7.76,7.19,2006,16,3000000.0,3000000.0,OverTheCap – Quarterback Contract History,2006.0,1.0,fractional first-down count
Alex Smith,SFO,22,07/05/1984,23/04/2005,16,16,100.0,100.0,257,442,58.1,2890,16,3.6,16,3.6,13.2,75,6.5,5.6,11.2,180.6,74.8,35,202,7.3,5.64,4.8,2006,16,49500000.0,8250000.0,OverTheCap – Quarterback Contract History,2005.0,6.0,fractional first-down count
Jake Delhomme,CAR,31,10/01/1975,17/04/1999,13,13,81.25,81.25,263,431,61.0,2805,17,3.9,11,2.6,12.9,72,6.5,6.1,10.7,215.8,82.6,22,167,4.9,5.82,5.48,2006,16,,,,,,fractional first-down count
David Carr,HOU,27,21/07/1979,20/04/2002,16,16,100.0,100.0,302,442,68.3,2767,11,2.5,12,2.7,14.2,53,6.3,5.5,9.2,172.9,82.1,41,240,8.5,5.23,4.57,2006,16,48750000.0,6964286.0,OverTheCap – Quarterback Contract History,2002.0,7.0,fractional first-down count
Brad Johnson,MIN,38,13/09/1968,24/04/1994,15,14,93.75,87.5,270,439,61.5,2750,9,2.1,15,3.4,13.5,46,6.3,5.1,10.2,183.3,72.0,29,200,6.2,5.45,4.39,2006,16,,,,,,fractional first-down count
Donovan McNabb,PHI,30,25/11/1976,17/04/1999,10,10,62.5,62.5,180,316,57.0,2647,18,5.7,6,1.9,11.2,87,8.4,8.7,14.7,264.7,95.5,21,140,6.2,7.44,7.71,2006,16,67188235.0,8398529.0,OverTheCap – Quarterback Contract History,2002.0,8.0,fractional first-down count
Matt Leinart,ARI,23,11/05/1983,29/04/2006,12,11,75.0,68.75,214,377,56.8,2547,11,2.9,12,3.2,12.5,58,6.8,5.9,11.9,212.3,74.0,21,158,5.3,6.0,5.2,2006,16,32860000.0,5476667.0,OverTheCap – Quarterback Contract History,2006.0,6.0,fractional first-down count
Michael Vick,ATL,26,16/02/1982,21/04/2001,16,16,100.0,100.0,204,388,52.6,2474,20,5.2,13,3.4,12.2,55,6.4,5.9,12.1,154.6,75.7,45,303,10.4,5.01,4.59,2006,16,91000000.0,13000000.0,OverTheCap – Quarterback Contract History,2004.0,7.0,fractional first-down count
Charlie Frye,CLE,25,28/08/1981,23/04/2005,13,13,81.25,81.25,252,393,64.1,2454,10,2.5,17,4.3,11.5,75,6.2,4.8,9.7,188.8,72.0,44,262,10.1,5.02,3.72,2006,16,,,,,,fractional first-down count
Matt Hasselbeck,SEA,31,25/09/1975,17/04/1999,12,12,75.0,75.0,210,371,56.6,2442,18,4.9,15,4.0,12.8,72,6.6,5.7,11.6,203.5,76.0,34,229,8.4,5.46,4.69,2006,16,48000000.0,8000000.0,OverTheCap – Quarterback Contract History,2005.0,6.0,fractional first-down count
Joey Harrington,MIA,28,21/10/1978,20/04/2002,11,11,68.75,68.75,223,388,57.5,2236,12,3.1,15,3.9,11.5,48,5.8,4.6,10.0,203.3,68.2,15,116,3.7,5.26,4.18,2006,16,,,,,,fractional first-down count
Vince Young,TEN,23,18/05/1983,29/04/2006,15,13,93.75,81.25,184,357,51.5,2199,12,3.4,13,3.6,10.7,53,6.2,5.2,12.0,146.6,66.7,25,129,6.5,5.42,4.52,2006,16,48040020.0,8006670.0,OverTheCap – Quarterback Contract History,2006.0,4.0,fractional first-down count
Jake Plummer,DEN,32,19/12/1974,19/04/1997,16,11,100.0,68.75,175,317,55.2,1994,11,3.5,13,4.1,10.2,83,6.3,5.1,11.4,124.6,68.8,18,111,5.4,5.62,4.53,2006,16,40834725.0,5833532.0,OverTheCap – Quarterback Contract History,2003.0,7.0,fractional first-down count
Damon Huard,KAN,33,09/07/1973,18/04/1998,10,8,62.5,50.0,148,244,60.7,1878,11,4.5,1,0.4,10.4,78,7.7,8.4,12.7,187.8,98.0,16,106,6.2,6.82,7.49,2006,16,,,,,,fractional first-down count
David Garrard,JAX,28,14/02/1978,20/04/2002,11,10,68.75,62.5,145,241,60.2,1735,10,4.1,9,3.7,8.3,49,7.2,6.3,12.0,157.7,80.5,20,119,7.7,6.19,5.41,2006,16,,,,,,fractional first-down count
Andrew Walter,OAK,24,11/05/1982,29/04/2006,12,8,75.0,50.0,147,276,53.3,1677,3,1.1,13,4.7,7.9,51,6.1,4.2,11.4,139.8,55.8,46,256,14.3,4.41,2.78,2006,16,,,,,,fractional first-down count
Bruce Gradkowski,TAM,23,27/01/1983,29/04/2006,13,11,81.25,68.75,177,328,54.0,1661,9,2.7,9,2.7,8.1,53,5.1,4.4,9.4,127.8,65.9,25,146,7.1,4.29,3.65,2006,16,,,,,,fractional first-down count
Kurt Warner,ARI,35,22/06/1971,18/04/1998,6,5,37.5,31.25,108,168,64.3,1377,6,3.6,5,3.0,6.5,64,8.2,7.6,12.8,229.5,89.3,14,104,7.7,6.99,6.42,2006,16,15000000.0,5000000.0,OverTheCap – Quarterback Contract History,2006.0,3.0,fractional first-down count
Trent Green,KAN,36,09/07/1970,19/04/1997,8,8,50.0,50.0,121,198,61.1,1342,7,3.5,9,4.5,7.6,39,6.8,5.4,11.1,167.8,74.1,24,127,10.8,5.47,4.28,2006,16,,,,,,fractional first-down count
Jeff Garcia,PHI,36,24/02/1970,17/04/1999,8,6,50.0,37.5,116,188,61.7,1309,10,5.3,2,1.1,6.1,65,7.0,7.5,11.3,163.6,95.8,6,40,3.1,6.54,7.11,2006,16,,,,,,fractional first-down count
Jason Campbell,WAS,25,31/12/1981,29/04/2006,7,7,43.75,43.75,110,207,53.1,1297,10,4.8,6,2.9,6.8,66,6.3,5.9,11.8,185.3,76.5,7,55,3.3,5.8,5.48,2006,16,7500000.0,7500000.0,OverTheCap – Quarterback Contract History,2005.0,5.0,fractional first-down count
Drew Bledsoe,DAL,34,14/02/1972,25/04/1993,6,6,37.5,37.5,90,169,53.3,1164,7,4.1,8,4.7,5.4,51,6.9,5.6,12.9,194.0,69.2,16,107,8.6,5.71,4.52,2006,16,13500000.0,4500000.0,OverTheCap – Quarterback Contract History,2005.0,3.0,fractional first-down count
Byron Leftwich,JAX,26,14/01/1980,26/04/2003,6,6,37.5,37.5,108,183,59.0,1159,7,3.8,5,2.7,5.9,51,6.3,5.9,10.7,193.2,79.0,9,48,4.7,5.79,5.34,2006,16,37212138.0,9303034.5,Spotrac 2026 Rookie Scale – exact 1st-round draft slot,2003.0,4.0,fractional first-down count
Aaron Brooks,OAK,30,24/03/1976,15/04/2000,8,8,50.0,50.0,110,192,57.3,1105,3,1.6,8,4.2,5.8,57,5.8,4.2,10.0,138.1,61.7,26,174,11.9,4.27,2.89,2006,16,,,,,,fractional first-down count
Jay Cutler,DEN,23,29/04/1983,29/04/2006,5,5,31.25,31.25,81,137,59.1,1001,9,6.6,5,3.6,4.9,71,7.3,7.0,12.4,200.2,88.5,13,85,8.7,6.11,5.81,2006,16,34112500.0,5685417.0,OverTheCap – Quarterback Contract History,2006.0,6.0,fractional first-down count
Daunte Culpepper,MIA,29,28/01/1977,17/04/1999,4,4,25.0,25.0,81,134,60.4,929,2,1.5,3,2.2,4.4,52,6.9,6.2,11.5,232.3,77.0,21,150,13.5,5.03,4.41,2006,16,,,,,,fractional first-down count
Seneca Wallace,SEA,26,06/08/1980,23/04/2005,8,4,50.0,25.0,82,141,58.2,927,8,5.7,7,5.0,4.2,49,6.6,5.5,11.3,115.9,76.2,14,83,9.0,5.45,4.45,2006,16,,,,,,fractional first-down count
Derek Anderson,CLE,23,15/06/1983,29/04/2006,5,3,31.25,18.75,66,117,56.4,793,5,4.3,8,6.8,3.7,66,6.8,4.6,12.0,158.6,63.1,8,66,6.4,5.82,3.74,2006,16,974500.0,324833.0,OverTheCap – Quarterback Contract History,2005.0,3.0,fractional first-down count
Tim Rattay,TAM,29,15/03/1977,15/04/2000,4,2,25.0,12.5,61,101,60.4,748,4,4.0,2,2.0,2.5,64,7.4,7.3,12.3,187.0,88.2,4,18,3.8,6.95,6.86,2006,16,,,,,,fractional first-down count
Chris Weinke,CAR,34,31/07/1972,21/04/2001,3,3,18.75,18.75,56,96,58.3,625,2,2.1,4,4.2,2.6,38,6.5,5.1,11.2,208.3,67.4,10,55,9.4,5.38,4.06,2006,16,,,,,,fractional first-down count
Chris Simms,TAM,26,29/08/1980,24/04/2004,3,3,18.75,18.75,58,106,54.7,585,1,0.9,7,6.6,2.8,55,5.5,2.7,10.1,195.0,46.3,4,32,3.6,5.03,2.35,2006,16,,,,,,fractional first-down count
Kerry Collins,TEN,34,30/12/1972,22/04/1995,4,3,25.0,18.75,42,90,46.7,549,1,1.1,6,6.7,2.6,36,6.1,3.3,13.1,137.3,42.3,4,23,4.3,5.6,2.94,2006,16,,,,,,fractional first-down count
Charlie Batch,PIT,32,05/12/1974,18/04/1998,8,1,50.0,6.25,31,53,58.5,492,5,9.4,0,0.0,2.2,87,9.3,11.2,15.9,61.5,121.0,3,13,5.4,8.55,10.34,2006,16,,,,,,fractional first-down count
Tarvaris Jackson,MIN,23,21/04/1983,29/04/2006,4,2,25.0,12.5,47,81,58.0,475,2,2.5,4,4.9,1.9,50,5.9,4.1,10.1,118.8,62.5,8,37,9.0,4.92,3.35,2006,16,,,,,,fractional first-down count
Cleo Lemon,MIA,27,16/08/1979,23/04/2005,4,1,25.0,6.25,38,68,55.9,412,2,2.9,1,1.5,2.3,38,6.1,6.0,10.8,103.0,77.6,5,24,6.8,5.32,5.25,2006,16,28177087.3125,7044271.828125,Spotrac 2026 Rookie Scale – 1st-round average fallback (pick not found),2005.0,4.0,fractional first-down count
A.J. Feeley,PHI,29,16/05/1977,21/04/2001,2,0,12.5,0.0,26,38,68.4,342,3,7.9,0,0.0,1.5,89,9.0,10.6,13.2,171.0,122.9,1,10,2.6,8.51,10.05,2006,16,,,,,,fractional first-down count
Sage Rosenfels,HOU,28,06/03/1978,20/04/2002,4,0,25.0,0.0,27,39,69.2,265,3,7.7,1,2.6,1.5,28,6.8,7.2,9.8,66.3,103.0,1,5,2.5,6.5,6.88,2006,16,,,,,,fractional first-down count
Brian Griese,CHI,31,18/03/1975,18/04/1998,6,0,37.5,0.0,18,32,56.3,220,1,3.1,2,6.3,1.1,75,6.9,4.7,12.2,36.7,62.0,3,22,8.6,5.66,3.66,2006,16,14200000.0,2840000.0,OverTheCap – Quarterback Contract History,2006.0,5.0,fractional first-down count
Jamie Martin,NOR,36,08/02/1970,20/04/1996,16,0,100.0,0.0,16,24,66.7,208,1,4.2,1,4.2,0.6,65,8.7,7.6,13.0,13.0,90.3,5,18,17.2,6.55,5.69,2006,16,,,,,,fractional first-down count
Matt Schaub,ATL,25,25/06/1981,24/04/2004,16,0,100.0,0.0,18,27,66.7,208,1,3.7,2,7.4,0.9,47,7.7,5.1,11.6,13.0,71.2,2,8,6.9,6.9,4.48,2006,16,1365000.0,455000.0,OverTheCap – Quarterback Contract History,2004.0,3.0,fractional first-down count
Quinn Gray,JAX,27,21/05/1979,23/04/2005,2,0,12.5,0.0,13,22,59.1,166,0,0.0,0,0.0,0.8,32,7.5,7.5,12.8,83.0,82.8,1,11,4.3,6.74,6.74,2006,16,28177087.3125,7044271.828125,Spotrac 2026 Rookie Scale – 1st-round average fallback (pick not found),2005.0,4.0,fractional first-down count
Brooks Bollinger,MIN,27,15/11/1979,24/04/2004,2,0,12.5,0.0,13,18,72.2,146,0,0.0,1,5.6,0.7,50,8.1,5.6,11.2,73.0,72.9,6,42,25.0,4.33,2.46,2006,16,,,,,,fractional first-down count
Antwaan Randle El,WAS,27,17/08/1979,20/04/2002,16,16,100.0,100.0,2,3,66.7,88,1,33.3,0,0.0,0.2,48,29.3,36.0,44.0,5.5,149.3,0,0,0.0,29.33,36.0,2006,16,,,,,,fractional first-down count
Marques Tuiasosopo,OAK,27,22/03/1979,21/04/2001,2,0,12.5,0.0,6,13,46.2,68,1,7.7,2,15.4,0.4,29,5.2,-0.2,11.3,34.0,48.4,0,0,0.0,5.23,-0.15,2006,16,,,,,,fractional first-down count
Brett Basanez,CAR,23,11/05/1983,29/04/2006,1,0,6.25,0.0,6,11,54.5,56,0,0.0,1,9.1,0.4,18,5.1,1.0,9.3,56.0,30.9,0,0,0.0,5.09,1.0,2006,16,28177087.3125,7044271.828125,Spotrac 2026 Rookie Scale – 1st-round average fallback (pick not found),2006.0,4.0,fractional first-down count
Aaron Rodgers,GNB,23,02/12/1983,23/04/2005,2,0,12.5,0.0,6,15,40.0,46,0,0.0,0,0.0,0.2,16,3.1,3.1,7.7,23.0,48.2,3,18,16.7,1.56,1.56,2006,16,7655000.0,1531000.0,OverTheCap – Quarterback Contract History,2005.0,5.0,fractional first-down count
Brad Maynard,CHI,32,09/02/1974,19/04/1997,16,0,100.0,0.0,1,1,100.0,37,0,0.0,0,0.0,0.1,37,37.0,37.0,37.0,2.3,118.7,0,0,0.0,37.0,37.0,2006,16,,,,,,fractional first-down count
Matt Cassel,NWE,24,17/05/1982,23/04/2005,6,0,37.5,0.0,5,8,62.5,32,0,0.0,0,0.0,0.3,10,4.0,4.0,6.4,5.3,70.8,3,15,27.3,1.55,1.55,2006,16,1439000.0,359750.0,OverTheCap – Quarterback Contract History,2005.0,4.0,fractional first-down count
Anthony Wright,CIN,30,14/02/1976,15/04/2000,4,0,25.0,0.0,3,3,100.0,31,0,0.0,0,0.0,0.2,22,10.3,10.3,10.3,7.8,109.7,0,0,0.0,10.33,10.33,2006,16,,,,,,fractional first-down count
Vinny Testaverde,NWE,43,13/11/1963,28/04/1987,3,0,18.75,0.0,2,3,66.7,29,1,33.3,0,0.0,0.2,23,9.7,16.3,14.5,9.7,137.5,0,0,0.0,9.67,16.33,2006,16,,,,,,fractional first-down count
Gus Frerotte,STL,35,31/07/1971,24/04/1994,1,0,6.25,0.0,1,3,33.3,27,0,0.0,0,0.0,0.1,27,9.0,9.0,27.0,27.0,67.4,0,0,0.0,9.0,9.0,2006,16,,,,,,fractional first-down count
Brodie Croyle,KAN,23,06/02/1983,29/04/2006,2,0,12.5,0.0,3,7,42.9,23,0,0.0,2,28.6,0.2,11,3.3,-9.6,7.7,11.5,11.9,1,10,12.5,1.63,-9.63,2006,16,,,,,,fractional first-down count
Cedrick Wilson,PIT,28,17/12/1978,21/04/2001,15,12,93.75,75.0,1,1,100.0,21,0,0.0,0,0.0,0.1,21,21.0,21.0,21.0,1.4,118.7,0,0,0.0,21.0,21.0,2006,16,,,,,,fractional first-down count
LaDainian Tomlinson,SDG,27,23/06/1979,21/04/2001,16,16,100.0,100.0,2,3,66.7,20,2,66.7,0,0.0,0.2,19,6.7,20.0,10.0,1.3,125.0,0,0,0.0,6.67,20.0,2006,16,,,,,,fractional first-down count
Ryan Longwell,MIN,32,16/08/1974,19/04/1997,16,0,100.0,0.0,1,1,100.0,16,1,100.0,0,0.0,0.1,16,16.0,36.0,16.0,1.0,158.3,0,0,0.0,16.0,36.0,2006,16,,,,,,fractional first-down count
Jon Ryan,GNB,25,26/11/1981,29/04/2006,16,0,100.0,0.0,1,1,100.0,16,0,0.0,0,0.0,0.1,16,16.0,16.0,16.0,1.0,118.7,0,0,0.0,16.0,16.0,2006,16,28177087.3125,7044271.828125,Spotrac 2026 Rookie Scale – 1st-round average fallback (pick not found),2006.0,4.0,fractional first-down count
Mewelde Moore,MIN,24,24/07/1982,24/04/2004,16,0,100.0,0.0,1,1,100.0,15,1,100.0,0,0.0,0.1,15,15.0,35.0,15.0,0.9,158.3,0,0,0.0,15.0,35.0,2006,16,,,,,,fractional first-down count
Drew Brees,NOR,29,15/01/1979,21/04/2001,16,16,100.0,100.0,413,635,65.0,5069,34,5.4,17,2.7,23.3,84,8.0,7.8,12.3,316.8,96.2,13,92,2.0,7.68,7.55,2008,16,60000000.0,10000000.0,OverTheCap – Quarterback Contract History,2006.0,5.0,fractional first-down count
Kurt Warner,ARI,37,22/06/1971,18/04/1998,16,16,100.0,100.0,401,598,67.1,4583,30,5.0,14,2.3,22.4,79,7.7,7.6,11.4,286.4,96.9,26,182,4.2,7.05,7.0,2008,16,15000000.0,5000000.0,OverTheCap – Quarterback Contract History,2006.0,3.0,fractional first-down count
Jay Cutler,DEN,25,29/04/1983,29/04/2006,16,16,100.0,100.0,384,616,62.3,4526,25,4.1,18,2.9,22.3,93,7.3,6.8,11.8,282.9,86.0,11,69,1.8,7.11,6.61,2008,16,34112500.0,5685417.0,OverTheCap – Quarterback Contract History,2006.0,6.0,fractional first-down count
Aaron Rodgers,GNB,25,02/12/1983,23/04/2005,16,16,100.0,100.0,341,536,63.6,4038,28,5.2,13,2.4,18.4,71,7.5,7.5,11.8,252.4,93.8,34,231,6.0,6.68,6.64,2008,16,63520000.0,12704000.0,OverTheCap – Quarterback Contract History,2008.0,5.0,fractional first-down count
Philip Rivers,SDG,27,08/12/1981,24/04/2004,16,16,100.0,100.0,312,478,65.3,4009,34,7.1,11,2.3,19.1,67,8.4,8.8,12.8,250.6,105.5,25,151,5.0,7.67,8.04,2008,16,41250000.0,6875000.0,OverTheCap – Quarterback Contract History,2004.0,6.0,fractional first-down count
Peyton Manning,IND,32,24/03/1976,18/04/1998,16,16,100.0,100.0,371,555,66.8,4002,27,4.9,12,2.2,21.3,75,7.2,7.2,10.8,250.1,95.0,14,86,2.5,6.88,6.88,2008,16,98000000.0,14000000.0,OverTheCap – Quarterback Contract History,2004.0,7.0,fractional first-down count
Donovan McNabb,PHI,32,25/11/1976,17/04/1999,16,16,100.0,100.0,345,571,60.4,3916,23,4.0,11,1.9,19.5,90,6.9,6.8,11.4,244.8,86.4,23,149,3.9,6.34,6.28,2008,16,67188235.0,8398529.0,OverTheCap – Quarterback Contract History,2002.0,8.0,fractional first-down count
Matt Cassel,NWE,26,17/05/1982,23/04/2005,16,15,100.0,93.75,327,516,63.4,3693,21,4.1,11,2.1,18.1,76,7.2,7.0,11.3,230.8,89.4,47,219,8.3,6.17,6.04,2008,16,1439000.0,359750.0,OverTheCap – Quarterback Contract History,2005.0,4.0,fractional first-down count
David Garrard,JAX,30,14/02/1978,20/04/2002,16,16,100.0,100.0,335,535,62.6,3620,15,2.8,13,2.4,18.1,41,6.8,6.2,10.8,226.3,81.7,42,288,7.3,5.77,5.28,2008,16,,,,,,fractional first-down count
Brett Favre,NYJ,39,01/07/1973,21/04/1991,16,16,100.0,100.0,343,522,65.7,3472,22,4.2,22,4.2,18.6,56,6.7,5.6,10.1,217.0,81.0,30,213,5.4,5.9,4.91,2008,16,,,,,,fractional first-down count
Tony Romo,DAL,28,21/04/1980,24/04/2004,13,13,81.25,81.25,276,450,61.3,3448,26,5.8,14,3.1,14.9,75,7.7,7.4,12.5,265.2,91.4,20,123,4.3,7.07,6.84,2008,16,67500000.0,11250000.0,OverTheCap – Quarterback Contract History,2007.0,6.0,fractional first-down count
Matt Ryan,ATL,23,17/05/1985,26/04/2008,16,16,100.0,100.0,265,434,61.1,3440,16,3.7,11,2.5,15.6,70,7.9,7.5,13.0,215.0,87.7,17,104,3.8,7.4,7.01,2008,16,67500000.0,11250000.0,OverTheCap – Quarterback Contract History,2008.0,6.0,fractional first-down count
Ben Roethlisberger,PIT,26,02/03/1982,24/04/2004,16,16,100.0,100.0,281,469,59.9,3301,17,3.6,15,3.2,16.2,65,7.0,6.3,11.7,206.3,80.1,46,284,8.9,5.86,5.21,2008,16,87986500.0,14664417.0,OverTheCap – Quarterback Contract History,2008.0,6.0,fractional first-down count
Jake Delhomme,CAR,33,10/01/1975,17/04/1999,16,16,100.0,100.0,246,414,59.4,3288,15,3.6,12,2.9,15.3,65,7.9,7.4,13.4,205.5,84.7,20,130,4.6,7.28,6.72,2008,16,,,,,,fractional first-down count
Jason Campbell,WAS,27,31/12/1981,29/04/2006,16,16,100.0,100.0,315,506,62.3,3245,13,2.6,6,1.2,16.1,67,6.4,6.4,10.3,202.8,84.3,38,266,7.0,5.48,5.46,2008,16,7500000.0,7500000.0,OverTheCap – Quarterback Contract History,2005.0,5.0,fractional first-down count
Eli Manning,NYG,27,03/01/1981,24/04/2004,16,16,100.0,100.0,289,479,60.3,3238,21,4.4,10,2.1,16.8,48,6.8,6.7,11.2,202.4,86.4,27,174,5.3,6.06,6.0,2008,16,47990000.0,7998333.0,OverTheCap – Quarterback Contract History,2004.0,6.0,fractional first-down count
Matt Schaub,HOU,27,25/06/1981,24/04/2004,11,11,68.75,68.75,251,380,66.1,3043,15,3.9,10,2.6,14.6,65,8.0,7.6,12.1,276.6,92.7,23,149,5.7,7.18,6.81,2008,16,48000000.0,8000000.0,OverTheCap – Quarterback Contract History,2007.0,6.0,fractional first-down count
Kyle Orton,CHI,26,14/11/1982,23/04/2005,15,15,93.75,93.75,272,465,58.5,2972,18,3.9,12,2.6,14.3,65,6.4,6.0,10.9,198.1,79.6,27,160,5.5,5.72,5.35,2008,16,3000000.0,3000000.0,OverTheCap – Quarterback Contract History,2008.0,2.0,fractional first-down count
Joe Flacco,BAL,23,16/01/1985,26/04/2008,16,16,100.0,100.0,257,428,60.0,2971,14,3.3,12,2.8,14.3,70,6.9,6.3,11.6,185.7,80.3,32,276,7.0,5.86,5.29,2008,16,23800000.0,4760000.0,OverTheCap – Quarterback Contract History,2008.0,5.0,fractional first-down count
Marc Bulger,STL,31,05/04/1977,20/04/2002,15,15,93.75,93.75,251,440,57.0,2720,11,2.5,13,3.0,11.9,80,6.2,5.4,10.8,181.3,71.4,38,263,7.9,5.14,4.38,2008,16,,,,,,fractional first-down count
Jeff Garcia,TAM,38,24/02/1970,17/04/1999,12,11,75.0,68.75,244,376,64.9,2712,12,3.2,6,1.6,12.3,71,7.2,7.1,11.1,226.0,90.2,23,100,5.8,6.55,6.47,2008,16,,,,,,fractional first-down count
Trent Edwards,BUF,25,30/10/1983,28/04/2007,14,14,87.5,87.5,245,374,65.5,2699,11,2.9,10,2.7,13.4,65,7.2,6.6,11.0,192.8,85.4,23,143,5.8,6.44,5.86,2008,16,,,,,,fractional first-down count
Kerry Collins,TEN,36,30/12/1972,22/04/1995,16,15,100.0,93.75,242,415,58.3,2676,12,2.9,7,1.7,13.2,56,6.4,6.3,11.1,167.3,80.2,8,60,1.9,6.18,6.01,2008,16,,,,,,fractional first-down count
Tyler Thigpen,KAN,24,14/04/1984,28/04/2007,14,11,87.5,68.75,230,420,54.8,2608,18,4.3,12,2.9,12.7,75,6.2,5.8,11.3,186.3,76.0,26,162,5.8,5.48,5.08,2008,16,,,,,,fractional first-down count
Gus Frerotte,MIN,37,31/07/1971,24/04/1994,11,11,68.75,68.75,178,301,59.1,2157,12,4.0,15,5.0,10.2,99,7.2,5.7,12.1,196.1,73.7,29,164,8.8,6.04,4.72,2008,16,,,,,,fractional first-down count
Ryan Fitzpatrick,CIN,26,24/11/1982,23/04/2005,13,12,81.25,75.0,221,372,59.4,1905,8,2.2,9,2.4,9.9,79,5.1,4.5,8.6,146.5,70.0,38,193,9.3,4.18,3.58,2008,16,927000.0,927000.0,OverTheCap – Quarterback Contract History,2008.0,1.0,fractional first-down count
J.T. O'Sullivan,SFO,29,25/08/1979,24/04/2004,9,8,56.25,50.0,128,220,58.2,1678,8,3.6,11,5.0,7.6,63,7.6,6.1,13.1,186.4,73.6,32,197,12.7,5.88,4.55,2008,16,,,,,,fractional first-down count
Dan Orlovsky,DET,25,18/08/1983,23/04/2005,10,7,62.5,43.75,143,255,56.1,1616,8,3.1,8,3.1,7.4,96,6.3,5.6,11.3,161.6,72.6,14,95,5.2,5.65,4.91,2008,16,,,,,,fractional first-down count
Derek Anderson,CLE,25,15/06/1983,29/04/2006,10,9,62.5,56.25,142,283,50.2,1615,9,3.2,8,2.8,8.3,70,5.7,5.1,11.4,161.5,66.5,14,87,4.7,5.14,4.54,2008,16,24000000.0,8000000.0,OverTheCap – Quarterback Contract History,2008.0,3.0,fractional first-down count
Seneca Wallace,SEA,28,06/08/1980,23/04/2005,10,8,62.5,50.0,141,242,58.3,1532,11,4.5,3,1.2,7.1,90,6.3,6.7,10.9,153.2,87.0,14,76,5.5,5.69,6.02,2008,16,,,,,,fractional first-down count
Sage Rosenfels,HOU,30,06/03/1978,20/04/2002,6,5,37.5,31.25,116,174,66.7,1431,6,3.4,10,5.7,6.4,61,8.2,6.3,12.3,238.5,79.5,9,58,4.9,7.5,5.7,2008,16,,,,,,fractional first-down count
Matt Hasselbeck,SEA,33,25/09/1975,17/04/1999,7,7,43.75,43.75,109,209,52.2,1216,5,2.4,10,4.8,6.4,34,5.8,4.1,11.2,173.7,57.8,19,119,8.3,4.81,3.28,2008,16,48000000.0,8000000.0,OverTheCap – Quarterback Contract History,2005.0,6.0,fractional first-down count
Brian Griese,TAM,33,18/03/1975,18/04/1998,5,5,31.25,31.25,110,184,59.8,1073,5,2.7,7,3.8,5.9,38,5.8,4.7,9.8,214.6,69.4,9,69,4.7,5.2,4.09,2008,16,14200000.0,2840000.0,OverTheCap – Quarterback Contract History,2006.0,5.0,fractional first-down count
Tarvaris Jackson,MIN,25,21/04/1983,29/04/2006,9,5,56.25,31.25,88,149,59.1,1056,9,6.0,2,1.3,4.8,59,7.1,7.7,12.0,117.3,95.4,14,97,8.6,5.88,6.44,2008,16,,,,,,fractional first-down count
Jon Kitna,DET,36,01/11/1977,19/04/1997,4,4,25.0,25.0,68,120,56.7,758,5,4.2,5,4.2,3.3,47,6.3,5.3,11.1,189.5,72.2,15,89,11.1,4.96,4.03,2008,16,,,,,,fractional first-down count
Carson Palmer,CIN,29,27/12/1979,24/04/2004,4,4,25.0,25.0,75,129,58.1,731,3,2.3,4,3.1,4.1,36,5.7,4.7,9.7,182.8,69.0,11,67,7.9,4.74,3.89,2008,16,97000000.0,16166667.0,OverTheCap – Quarterback Contract History,2005.0,6.0,fractional first-down count
J.P. Losman,BUF,27,12/03/1981,24/04/2004,5,2,31.25,12.5,63,104,60.6,584,2,1.9,5,4.8,3.4,87,5.6,3.8,9.3,116.8,62.3,15,119,12.6,3.91,2.35,2008,16,,,,,,fractional first-down count
Trent Green,STL,38,09/07/1970,19/04/1997,3,1,18.75,6.25,38,72,52.8,525,0,0.0,6,8.3,1.9,53,7.3,3.5,13.8,175.0,41.7,6,58,7.7,5.99,2.53,2008,16,,,,,,fractional first-down count
Brady Quinn,CLE,24,27/10/1984,28/04/2007,3,3,18.75,18.75,45,89,50.6,518,2,2.2,2,2.2,2.4,42,5.8,5.3,11.5,172.7,66.6,1,9,1.1,5.66,5.1,2008,16,20456656.0,5114164.0,Spotrac 2026 Rookie Scale – exact 1st-round draft slot,2007.0,4.0,fractional first-down count
Brad Johnson,DAL,40,13/09/1968,24/04/1994,16,3,100.0,18.75,41,78,52.6,427,2,2.6,5,6.4,1.7,36,5.5,3.1,10.4,26.7,50.5,8,54,9.3,4.34,2.19,2008,16,,,,,,fractional first-down count
Ken Dorsey,CLE,27,22/04/1981,24/04/2004,4,3,25.0,18.75,43,91,47.3,370,0,0.0,7,7.7,2.1,28,4.1,0.6,8.6,92.5,26.4,5,43,5.2,3.41,0.13,2008,16,,,,,,fractional first-down count
Byron Leftwich,PIT,28,14/01/1980,26/04/2003,5,0,31.25,0.0,21,36,58.3,303,2,5.6,0,0.0,1.7,50,8.4,9.5,14.4,60.6,104.3,3,22,7.7,7.21,8.23,2008,16,,,,,,fractional first-down count
Matt Leinart,ARI,25,11/05/1983,29/04/2006,4,0,25.0,0.0,15,29,51.7,264,1,3.4,1,3.4,0.9,78,9.1,8.2,17.6,66.0,80.2,2,19,6.5,7.9,7.1,2008,16,32860000.0,5476667.0,OverTheCap – Quarterback Contract History,2006.0,6.0,fractional first-down count
Rex Grossman,CHI,28,23/08/1980,26/04/2003,4,1,25.0,6.25,32,62,51.6,257,2,3.2,2,3.2,1.2,29,4.1,3.3,8.0,64.3,59.7,2,8,3.1,3.89,3.11,2008,16,,,,,,fractional first-down count
Vince Young,TEN,25,18/05/1983,29/04/2006,3,1,18.75,6.25,22,36,61.1,219,1,2.8,2,5.6,0.9,54,6.1,4.1,10.0,73.0,64.5,3,13,7.7,5.28,3.49,2008,16,48040020.0,8006670.0,OverTheCap – Quarterback Contract History,2006.0,4.0,fractional first-down count
Andrew Walter,OAK,26,11/05/1982,29/04/2006,2,1,12.5,6.25,22,49,44.9,204,0,0.0,3,6.1,1.1,28,4.2,1.4,9.3,102.0,31.3,5,39,9.3,3.06,0.56,2008,16,,,,,,fractional first-down count
Brodie Croyle,KAN,25,06/02/1983,29/04/2006,2,2,12.5,12.5,20,29,69.0,151,0,0.0,0,0.0,0.7,22,5.2,5.2,7.6,75.5,81.2,1,10,3.3,4.7,4.7,2008,16,,,,,,fractional first-down count
Kevin Kolb,PHI,24,24/08/1984,28/04/2007,6,0,37.5,0.0,17,34,50.0,144,0,0.0,4,11.8,0.8,16,4.2,-1.1,8.5,24.0,21.8,0,0,0.0,4.24,-1.06,2008,16,4330000.0,1082500.0,OverTheCap – Quarterback Contract History,2007.0,4.0,fractional first-down count
Drew Stanton,DET,24,07/05/1984,26/04/2008,3,0,18.75,0.0,9,17,52.9,119,1,5.9,0,0.0,0.6,41,7.0,8.2,13.2,39.7,95.0,6,35,26.1,3.65,4.52,2008,16,3405000.0,851250.0,OverTheCap – Quarterback Contract History,2007.0,4.0,fractional first-down count
David Carr,NYG,29,21/07/1979,20/04/2002,3,0,18.75,0.0,9,12,75.0,115,2,16.7,0,0.0,0.7,27,9.6,12.9,12.8,38.3,144.1,1,2,7.7,8.69,11.77,2008,16,1000000.0,1000000.0,OverTheCap – Quarterback Contract History,2008.0,1.0,fractional first-down count
Charlie Frye,SEA,27,28/08/1981,23/04/2005,2,1,12.5,6.25,12,23,52.2,83,2,8.7,2,8.7,0.5,19,3.6,1.4,6.9,41.5,53.4,3,19,11.5,2.46,0.54,2008,16,,,,,,fractional first-down count
Troy Smith,BAL,24,20/07/1984,28/04/2007,6,0,37.5,0.0,3,4,75.0,82,1,25.0,0,0.0,0.3,43,20.5,25.5,27.3,13.7,156.2,1,1,20.0,16.2,20.2,2008,16,,,,,,fractional first-down count
Tom Brady,NWE,31,03/08/1977,15/04/2000,1,1,6.25,6.25,7,11,63.6,76,0,0.0,0,0.0,0.3,26,6.9,6.9,10.9,76.0,83.9,0,0,0.0,6.91,6.91,2008,16,48000000.0,12000000.0,OverTheCap – Quarterback Contract History,2005.0,4.0,fractional first-down count
Quinn Gray,KAN,29,21/05/1979,23/04/2005,1,0,6.25,0.0,7,8,87.5,76,1,12.5,0,0.0,0.5,26,9.5,12.0,10.9,76.0,145.8,0,0,0.0,9.5,12.0,2008,16,28177087.3125,7044271.828125,Spotrac 2026 Rookie Scale – 1st-round average fallback (pick not found),2005.0,4.0,fractional first-down count
Brooks Bollinger,DAL,29,15/11/1979,24/04/2004,2,0,12.5,0.0,10,17,58.8,71,1,5.9,1,5.9,0.4,24,4.2,2.7,7.1,35.5,63.6,3,22,15.0,2.45,1.2,2008,16,,,,,,fractional first-down count
Chad Henne,MIA,23,02/07/1985,26/04/2008,3,0,18.75,0.0,7,12,58.3,67,0,0.0,0,0.0,0.3,19,5.6,5.6,9.6,22.3,74.0,0,0,0.0,5.58,5.58,2008,16,3430100.0,857525.0,OverTheCap – Quarterback Contract History,2008.0,4.0,fractional first-down count
Antwaan Randle El,WAS,29,17/08/1979,20/04/2002,16,16,100.0,100.0,3,4,75.0,46,1,25.0,0,0.0,0.3,18,11.5,16.5,15.3,2.9,152.1,0,0,0.0,11.5,16.5,2008,16,,,,,,fractional first-down count
Jason Witten,DAL,26,06/05/1982,26/04/2003,16,16,100.0,100.0,1,1,100.0,42,0,0.0,0,0.0,0.1,42,42.0,42.0,42.0,2.6,118.7,0,0,0.0,42.0,42.0,2008,16,,,,,,fractional first-down count
Ronnie Brown,MIA,27,12/12/1981,23/04/2005,16,13,100.0,81.25,2,3,66.7,41,1,33.3,0,0.0,0.1,22,13.7,20.3,20.5,2.6,149.3,1,8,25.0,8.25,13.25,2008,16,54675584.0,13668896.0,Spotrac 2026 Rookie Scale – exact 1st-round draft slot,2005.0,4.0,fractional first-down count
Jordan Palmer,CIN,24,30/05/1984,26/04/2008,3,0,18.75,0.0,7,12,58.3,41,0,0.0,2,16.7,0.4,13,3.4,-4.1,5.9,13.7,25.3,2,11,14.3,2.14,-4.29,2008,16,,,,,,fractional first-down count
Mark Clayton,BAL,26,02/07/1982,23/04/2005,16,13,100.0,81.25,1,1,100.0,32,1,100.0,0,0.0,0.1,32,32.0,52.0,32.0,2.0,158.3,0,0,0.0,32.0,52.0,2008,16,20456656.0,5114164.0,Spotrac 2026 Rookie Scale – exact 1st-round draft slot,2005.0,4.0,fractional first-down count
Kellen Clemens,NYJ,25,06/06/1983,29/04/2006,2,0,12.5,0.0,3,5,60.0,26,0,0.0,1,20.0,0.2,11,5.2,-3.8,8.7,13.0,34.2,0,0,0.0,5.2,-3.8,2008,16,,,,,,fractional first-down count
Bruce Gradkowski,CLE,25,27/01/1983,29/04/2006,2,1,12.5,6.25,7,21,33.3,26,0,0.0,3,14.3,0.1,12,1.2,-5.2,3.7,13.0,2.8,4,18,16.0,0.32,-5.08,2008,16,,,,,,fractional first-down count
Kevin O'Connell,NWE,23,25/05/1985,26/04/2008,2,0,12.5,0.0,4,6,66.7,23,0,0.0,0,0.0,0.1,12,3.8,3.8,5.8,11.5,73.6,1,2,14.3,3.0,3.0,2008,16,,,,,,fractional first-down count
Drew Henson,DET,28,13/02/1980,24/04/2004,2,0,12.5,0.0,1,2,50.0,20,0,0.0,0,0.0,0.1,20,10.0,10.0,20.0,10.0,85.4,3,25,60.0,-1.0,-1.0,2008,16,,,,,,fractional first-down count
Brian Moorman,BUF,32,05/02/1976,21/04/2001,16,0,100.0,0.0,1,1,100.0,19,1,100.0,0,0.0,0.1,19,19.0,39.0,19.0,1.2,158.3,0,0,0.0,19.0,39.0,2008,16,,,,,,fractional first-down count
Patrick Ramsey,DEN,29,14/02/1979,20/04/2002,1,0,6.25,0.0,2,3,66.7,19,0,0.0,0,0.0,0.2,10,6.3,6.3,9.5,19.0,84.0,1,5,25.0,3.5,3.5,2008,16,,,,,,fractional first-down count
Jerheme Urban,ARI,28,26/11/1980,24/04/2004,16,2,100.0,12.5,1,1,100.0,18,0,0.0,0,0.0,0.1,18,18.0,18.0,18.0,1.1,118.7,0,0,0.0,18.0,18.0,2008,16,,,,,,fractional first-down count
Michael Bush,OAK,24,16/06/1984,26/04/2008,15,0,93.75,0.0,1,2,50.0,8,0,0.0,0,0.0,0.1,8,4.0,4.0,8.0,0.5,60.4,0,0,0.0,4.0,4.0,2008,16,,,,,,fractional first-down count
Josh Cribbs,CLE,25,09/06/1983,23/04/2005,15,2,93.75,12.5,1,4,25.0,8,0,0.0,0,0.0,0.1,8,2.0,2.0,8.0,0.5,39.6,0,0,0.0,2.0,2.0,2008,16,28177087.3125,7044271.828125,Spotrac 2026 Rookie Scale – 1st-round average fallback (pick not found),2005.0,4.0,fractional first-down count
Chris Simms,TEN,28,29/08/1980,24/04/2004,1,0,6.25,0.0,1,2,50.0,7,0,0.0,0,0.0,0.1,7,3.5,3.5,7.0,7.0,58.3,1,10,33.3,-1.0,-1.0,2008,16,,,,,,fractional first-down count
Chester Taylor,MIN,29,22/09/1979,20/04/2002,16,1,100.0,6.25,1,1,100.0,4,1,100.0,0,0.0,0.1,4,4.0,24.0,4.0,0.3,122.9,0,0,0.0,4.0,24.0,2008,16,,,,,,fractional first-down count
Earnest Graham,TAM,28,15/01/1980,24/04/2004,10,10,62.5,62.5,1,1,100.0,3,1,100.0,0,0.0,0.1,3,3.0,23.0,3.0,0.3,118.7,0,0,0.0,3.0,23.0,2008,16,,,,,,fractional first-down count
Matt Schaub,HOU,28,25/06/1981,24/04/2004,16,16,100.0,100.0,396,583,67.9,4770,29,5.0,15,2.6,23.1,72,8.2,8.0,12.0,298.1,98.6,25,149,4.1,7.6,7.44,2009,16,48000000.0,8000000.0,OverTheCap – Quarterback Contract History,2007.0,6.0,fractional first-down count
Peyton Manning,IND,33,24/03/1976,18/04/1998,16,16,100.0,100.0,393,571,68.8,4500,33,5.8,16,2.8,24.1,80,7.9,7.8,11.5,281.3,99.9,10,74,1.7,7.62,7.51,2009,16,98000000.0,14000000.0,OverTheCap – Quarterback Contract History,2004.0,7.0,fractional first-down count
Tony Romo,DAL,29,21/04/1980,24/04/2004,16,16,100.0,100.0,347,550,63.1,4483,26,4.7,9,1.6,20.3,80,8.2,8.4,12.9,280.2,97.6,34,196,5.8,7.34,7.54,2009,16,67500000.0,11250000.0,OverTheCap – Quarterback Contract History,2007.0,6.0,fractional first-down count
Aaron Rodgers,GNB,26,02/12/1983,23/04/2005,16,16,100.0,100.0,350,541,64.7,4434,30,5.5,7,1.3,19.8,83,8.2,8.7,12.7,277.1,103.2,50,306,8.5,6.98,7.47,2009,16,63520000.0,12704000.0,OverTheCap – Quarterback Contract History,2008.0,5.0,fractional first-down count
Tom Brady,NWE,32,03/08/1977,15/04/2000,16,16,100.0,100.0,371,565,65.7,4398,28,5.0,13,2.3,21.5,81,7.8,7.7,11.9,274.9,96.2,16,86,2.8,7.42,7.38,2009,16,,,,,,fractional first-down count
Ben Roethlisberger,PIT,27,02/03/1982,24/04/2004,15,15,93.75,93.75,337,506,66.6,4328,26,5.1,12,2.4,20.1,60,8.6,8.5,12.8,288.5,100.5,50,348,9.0,7.16,7.12,2009,16,87986500.0,14664417.0,OverTheCap – Quarterback Contract History,2008.0,6.0,fractional first-down count
Philip Rivers,SDG,28,08/12/1981,24/04/2004,16,16,100.0,100.0,317,486,65.2,4254,28,5.8,9,1.9,20.8,81,8.8,9.1,13.4,265.9,104.4,25,167,4.9,8.0,8.3,2009,16,91800000.0,15300000.0,OverTheCap – Quarterback Contract History,2009.0,6.0,fractional first-down count
Brett Favre,MIN,40,01/07/1973,21/04/1991,16,16,100.0,100.0,363,531,68.4,4202,33,6.2,7,1.3,21.4,63,7.9,8.6,11.6,262.6,107.2,34,247,6.0,7.0,7.61,2009,16,25000000.0,12500000.0,OverTheCap – Quarterback Contract History,2009.0,2.0,fractional first-down count
Eli Manning,NYG,28,03/01/1981,24/04/2004,16,16,100.0,100.0,317,509,62.3,4021,27,5.3,14,2.8,18.3,74,7.9,7.7,12.7,251.3,93.1,30,216,5.6,7.06,6.89,2009,16,97500000.0,16250000.0,OverTheCap – Quarterback Contract History,2009.0,6.0,fractional first-down count
Kyle Orton,DEN,27,14/11/1982,23/04/2005,16,15,100.0,93.75,336,541,62.1,3802,21,3.9,12,2.2,17.5,87,7.0,6.8,11.3,237.6,86.8,29,159,5.1,6.39,6.18,2009,16,3000000.0,3000000.0,OverTheCap – Quarterback Contract History,2008.0,2.0,fractional first-down count
Kurt Warner,ARI,38,22/06/1971,18/04/1998,15,15,93.75,93.75,339,513,66.1,3753,26,5.1,14,2.7,19.2,45,7.3,7.1,11.1,250.2,93.2,24,172,4.5,6.67,6.46,2009,16,23000000.0,11500000.0,OverTheCap – Quarterback Contract History,2009.0,2.0,fractional first-down count
Jay Cutler,CHI,26,29/04/1983,29/04/2006,16,16,100.0,100.0,336,555,60.5,3666,27,4.9,26,4.7,16.9,71,6.6,5.5,10.9,229.1,76.8,35,204,5.9,5.87,4.8,2009,16,28912499.0,14456250.0,OverTheCap – Quarterback Contract History,2009.0,2.0,fractional first-down count
Jason Campbell,WAS,28,31/12/1981,29/04/2006,16,16,100.0,100.0,327,507,64.5,3618,20,3.9,15,3.0,18.7,84,7.1,6.6,11.1,226.1,86.4,43,285,7.8,6.06,5.56,2009,16,7500000.0,7500000.0,OverTheCap – Quarterback Contract History,2005.0,5.0,fractional first-down count
Joe Flacco,BAL,24,16/01/1985,26/04/2008,16,16,100.0,100.0,315,499,63.1,3613,21,4.2,12,2.4,18.4,72,7.2,7.0,11.5,225.8,88.9,36,218,6.7,6.35,6.12,2009,16,23800000.0,4760000.0,OverTheCap – Quarterback Contract History,2008.0,5.0,fractional first-down count
David Garrard,JAX,31,14/02/1978,20/04/2002,16,16,100.0,100.0,314,516,60.9,3597,15,2.9,10,1.9,16.9,63,7.0,6.7,11.5,224.8,83.5,42,236,7.5,6.02,5.75,2009,16,,,,,,fractional first-down count
Donovan McNabb,PHI,33,25/11/1976,17/04/1999,14,14,87.5,87.5,267,443,60.3,3553,22,5.0,10,2.3,14.1,60,8.0,8.0,13.3,253.8,92.9,35,264,7.3,6.88,6.86,2009,16,24200000.0,12100000.0,OverTheCap – Quarterback Contract History,2009.0,2.0,fractional first-down count
Carson Palmer,CIN,30,27/12/1979,24/04/2004,16,16,100.0,100.0,282,466,60.5,3094,21,4.5,13,2.8,15.9,73,6.6,6.3,11.0,193.4,83.6,26,213,5.3,5.86,5.52,2009,16,97000000.0,16166667.0,OverTheCap – Quarterback Contract History,2005.0,6.0,fractional first-down count
Matt Hasselbeck,SEA,34,25/09/1975,17/04/1999,14,14,87.5,87.5,293,488,60.0,3029,17,3.5,17,3.5,14.8,53,6.2,5.3,10.3,216.4,75.1,32,209,6.2,5.42,4.61,2009,16,48000000.0,8000000.0,OverTheCap – Quarterback Contract History,2005.0,6.0,fractional first-down count
Matt Cassel,KAN,27,17/05/1982,23/04/2005,15,15,93.75,93.75,271,493,55.0,2924,16,3.2,16,3.2,12.9,61,5.9,5.1,10.8,194.9,69.9,42,243,7.9,5.01,4.26,2009,16,63000000.0,10500000.0,OverTheCap – Quarterback Contract History,2009.0,6.0,fractional first-down count
Matt Ryan,ATL,24,17/05/1985,26/04/2008,14,14,87.5,87.5,263,451,58.3,2916,22,4.9,14,3.1,15.3,90,6.5,6.0,11.1,208.3,80.9,19,92,4.0,6.01,5.6,2009,16,67500000.0,11250000.0,OverTheCap – Quarterback Contract History,2008.0,6.0,fractional first-down count
Chad Henne,MIA,24,02/07/1985,26/04/2008,14,13,87.5,81.25,274,451,60.8,2878,12,2.7,14,3.1,15.6,67,6.4,5.5,10.5,205.6,75.2,26,176,5.5,5.66,4.85,2009,16,3430100.0,857525.0,OverTheCap – Quarterback Contract History,2008.0,4.0,fractional first-down count
Mark Sanchez,NYJ,23,11/11/1986,25/04/2009,15,15,93.75,93.75,196,364,53.8,2444,12,3.3,20,5.5,12.2,65,6.7,4.9,12.5,162.9,63.0,26,195,6.7,5.77,4.07,2009,16,47500000.0,9500000.0,OverTheCap – Quarterback Contract History,2009.0,5.0,fractional first-down count
Matthew Stafford,DET,21,07/02/1988,25/04/2009,10,10,62.5,62.5,201,377,53.3,2267,13,3.4,20,5.3,11.1,75,6.0,4.3,11.3,226.7,61.0,24,169,6.0,5.23,3.64,2009,16,57271500.0,14317875.0,Spotrac 2026 Rookie Scale – exact 1st-round draft slot,2009.0,4.0,fractional first-down count
Jake Delhomme,CAR,34,10/01/1975,17/04/1999,11,11,68.75,68.75,178,321,55.5,2015,8,2.5,18,5.6,10.1,52,6.3,4.3,11.3,183.2,59.4,23,187,6.7,5.31,3.42,2009,16,,,,,,fractional first-down count
Vince Young,TEN,26,18/05/1983,29/04/2006,12,10,75.0,62.5,152,259,58.7,1879,10,3.9,7,2.7,9.1,66,7.3,6.8,12.4,156.6,82.8,9,36,3.4,6.88,6.45,2009,16,48040020.0,8006670.0,OverTheCap – Quarterback Contract History,2006.0,4.0,fractional first-down count
Marc Bulger,STL,32,05/04/1977,20/04/2002,9,8,56.25,50.0,140,247,56.7,1469,5,2.0,6,2.4,7.7,50,5.9,5.3,10.5,163.2,70.7,14,85,5.4,5.3,4.65,2009,16,,,,,,fractional first-down count
Ryan Fitzpatrick,BUF,27,24/11/1982,23/04/2005,10,8,62.5,50.0,127,227,55.9,1422,9,4.0,10,4.4,6.5,98,6.3,5.1,11.2,142.2,69.7,21,127,8.5,5.22,4.13,2009,16,8250000.0,2750000.0,OverTheCap – Quarterback Contract History,2009.0,3.0,fractional first-down count
Brady Quinn,CLE,25,27/10/1984,28/04/2007,10,9,62.5,56.25,136,256,53.1,1339,8,3.1,7,2.7,7.2,59,5.2,4.6,9.8,133.9,67.2,19,104,6.9,4.49,3.93,2009,16,20456656.0,5114164.0,Spotrac 2026 Rookie Scale – exact 1st-round draft slot,2007.0,4.0,fractional first-down count
JaMarcus Russell,OAK,24,09/08/1985,28/04/2007,12,9,75.0,56.25,120,246,48.8,1287,3,1.2,11,4.5,5.8,86,5.2,3.5,10.7,107.3,50.0,33,207,11.8,3.87,2.31,2009,16,61000000.0,10166667.0,OverTheCap – Quarterback Contract History,2007.0,6.0,fractional first-down count
Kerry Collins,TEN,37,30/12/1972,22/04/1995,7,6,43.75,37.5,119,216,55.1,1225,6,2.8,8,3.7,6.3,69,5.7,4.6,10.3,175.0,65.5,6,37,2.7,5.35,4.27,2009,16,,,,,,fractional first-down count
Trent Edwards,BUF,26,30/10/1983,28/04/2007,8,7,50.0,43.75,110,183,60.1,1169,6,3.3,7,3.8,5.4,46,6.4,5.3,10.6,146.1,73.8,23,139,11.2,5.0,4.05,2009,16,,,,,,fractional first-down count
Matt Moore,CAR,25,09/08/1984,28/04/2007,7,5,43.75,31.25,85,138,61.6,1053,8,5.8,2,1.4,5.2,66,7.6,8.1,12.4,150.4,98.5,9,78,6.1,6.63,7.11,2009,16,1130000.0,376667.0,OverTheCap – Quarterback Contract History,2007.0,3.0,fractional first-down count
Bruce Gradkowski,OAK,26,27/01/1983,29/04/2006,7,4,43.75,25.0,82,150,54.7,1007,6,4.0,3,2.0,4.4,75,6.7,6.6,12.3,143.9,80.6,11,71,6.8,5.81,5.72,2009,16,,,,,,fractional first-down count
Daunte Culpepper,DET,32,28/01/1977,17/04/1999,8,5,50.0,31.25,89,157,56.7,945,3,1.9,6,3.8,4.4,38,6.0,4.7,10.6,118.1,64.8,14,107,8.2,4.9,3.67,2009,16,,,,,,fractional first-down count
Shaun Hill,SFO,29,09/01/1980,23/04/2005,6,6,37.5,37.5,87,155,56.1,943,5,3.2,2,1.3,3.3,61,6.1,6.1,10.8,157.2,79.6,18,107,10.4,4.83,4.89,2009,16,6000000.0,2000000.0,OverTheCap – Quarterback Contract History,2008.0,3.0,fractional first-down count
Kyle Boller,STL,28,17/06/1981,26/04/2003,7,4,43.75,25.0,98,176,55.7,899,3,1.7,6,3.4,4.2,35,5.1,3.9,9.2,128.4,61.2,17,117,8.8,4.05,2.96,2009,16,,,,,,fractional first-down count
Derek Anderson,CLE,26,15/06/1983,29/04/2006,8,7,50.0,43.75,81,182,44.5,888,3,1.6,10,5.5,4.4,43,4.9,2.7,11.0,111.0,42.1,11,75,5.7,4.21,2.19,2009,16,24000000.0,8000000.0,OverTheCap – Quarterback Contract History,2008.0,3.0,fractional first-down count
Chris Redman,ATL,32,07/07/1977,15/04/2000,6,2,37.5,12.5,69,119,58.0,781,4,3.4,3,2.5,4.1,50,6.6,6.1,11.3,130.2,78.4,8,34,6.3,5.88,5.45,2009,16,,,,,,fractional first-down count
Kevin Kolb,PHI,25,24/08/1984,28/04/2007,5,2,31.25,12.5,62,96,64.6,741,4,4.2,3,3.1,3.1,71,7.7,7.1,12.0,148.2,88.9,3,27,3.0,7.21,6.66,2009,16,4330000.0,1082500.0,OverTheCap – Quarterback Contract History,2007.0,4.0,fractional first-down count
Seneca Wallace,SEA,29,06/08/1980,23/04/2005,13,2,81.25,12.5,78,120,65.0,700,3,2.5,2,1.7,3.6,39,5.8,5.6,9.0,53.8,81.9,9,59,7.0,4.97,4.74,2009,16,,,,,,fractional first-down count
Josh Johnson,TAM,23,15/05/1986,26/04/2008,6,4,37.5,25.0,63,125,50.4,685,4,3.2,8,6.4,3.1,35,5.5,3.2,10.9,114.2,50.9,11,59,8.1,4.6,2.54,2009,16,1877500.0,469375.0,OverTheCap – Quarterback Contract History,2008.0,4.0,fractional first-down count
Byron Leftwich,TAM,29,14/01/1980,26/04/2003,3,3,18.75,18.75,58,107,54.2,594,4,3.7,3,2.8,2.7,47,5.6,5.0,10.2,198.0,71.2,2,0,1.8,5.45,4.94,2009,16,,,,,,fractional first-down count
Charlie Frye,OAK,28,28/08/1981,23/04/2005,3,3,18.75,18.75,53,87,60.9,581,1,1.1,4,4.6,2.8,33,6.7,4.8,11.0,193.7,65.3,5,40,5.4,5.88,4.14,2009,16,,,,,,fractional first-down count
Matt Leinart,ARI,26,11/05/1983,29/04/2006,8,1,50.0,6.25,51,77,66.2,435,0,0.0,3,3.9,2.2,28,5.6,3.9,8.5,54.4,64.6,2,12,2.5,5.35,3.65,2009,16,32860000.0,5476667.0,OverTheCap – Quarterback Contract History,2006.0,6.0,fractional first-down count
Chad Pennington,MIA,33,26/06/1976,15/04/2000,3,3,18.75,18.75,51,74,68.9,413,1,1.4,2,2.7,2.7,21,5.6,4.6,8.1,137.7,76.0,6,32,7.5,4.76,3.89,2009,16,8000000.0,4000000.0,OverTheCap – Quarterback Contract History,2008.0,2.0,fractional first-down count
Drew Stanton,DET,25,07/05/1984,26/04/2008,3,1,18.75,6.25,26,51,51.0,259,0,0.0,6,11.8,1.2,30,5.1,-0.2,10.0,86.3,26.1,5,27,8.9,4.14,-0.68,2009,16,3405000.0,851250.0,OverTheCap – Quarterback Contract History,2007.0,4.0,fractional first-down count
Billy Volek,SDG,33,28/04/1976,21/04/2001,4,0,25.0,0.0,20,31,64.5,231,1,3.2,1,3.2,1.3,50,7.5,6.6,11.6,57.8,84.2,1,1,3.1,7.19,6.41,2009,16,,,,,,fractional first-down count
David Carr,NYG,30,21/07/1979,20/04/2002,6,0,37.5,0.0,21,33,63.6,225,1,3.0,0,0.0,1.1,37,6.8,7.4,10.7,37.5,93.6,2,11,5.7,6.11,6.69,2009,16,2100000.0,2100000.0,OverTheCap – Quarterback Contract History,2009.0,1.0,fractional first-down count
Tarvaris Jackson,MIN,26,21/04/1983,29/04/2006,8,0,50.0,0.0,14,21,66.7,201,1,4.8,0,0.0,0.9,34,9.6,10.5,14.4,25.1,113.4,0,0,0.0,9.57,10.52,2009,16,,,,,,fractional first-down count
Brian Brohm,BUF,24,23/09/1985,26/04/2008,2,1,12.5,6.25,17,29,58.6,146,0,0.0,2,6.9,0.8,15,5.0,1.9,8.6,73.0,43.2,2,8,6.5,4.45,1.55,2009,16,,,,,,fractional first-down count
Dennis Dixon,PIT,24,11/01/1985,26/04/2008,1,1,6.25,6.25,12,26,46.2,145,1,3.8,1,3.8,0.6,33,5.6,4.6,12.1,145.0,60.6,0,0,0.0,5.58,4.62,2009,16,,,,,,fractional first-down count
Todd Collins,WAS,38,05/11/1971,22/04/1995,3,0,18.75,0.0,12,23,52.2,144,0,0.0,0,0.0,0.4,46,6.3,6.3,12.0,48.0,71.6,2,11,8.0,5.32,5.32,2009,16,,,,,,fractional first-down count
Brian Hoyer,NWE,24,31/10/1985,25/04/2009,5,0,31.25,0.0,19,27,70.4,142,0,0.0,0,0.0,0.8,17,5.3,5.3,7.5,28.4,82.6,2,18,6.9,4.28,4.28,2009,16,1197500.0,399167.0,OverTheCap – Quarterback Contract History,2009.0,3.0,fractional first-down count
Kellen Clemens,NYJ,26,06/06/1983,29/04/2006,10,1,62.5,6.25,13,26,50.0,125,0,0.0,0,0.0,0.7,26,4.8,4.8,9.6,12.5,63.8,4,21,13.3,3.47,3.47,2009,16,,,,,,fractional first-down count
Mark Brunell,NOR,39,19/03/1971,24/04/1994,16,1,100.0,6.25,15,30,50.0,102,0,0.0,1,3.3,0.5,18,3.4,1.9,6.8,6.4,44.0,0,0,0.0,3.4,1.9,2009,16,3600000.0,1800000.0,OverTheCap – Quarterback Contract History,2008.0,2.0,fractional first-down count
Michael Vick,PHI,29,16/02/1982,21/04/2001,12,1,75.0,6.25,6,13,46.2,86,1,7.7,0,0.0,0.3,43,6.6,8.2,14.3,7.2,93.7,0,0,0.0,6.62,8.15,2009,16,6875000.0,3437500.0,OverTheCap – Quarterback Contract History,2009.0,2.0,fractional first-down count
Curtis Painter,IND,24,24/06/1985,25/04/2009,2,0,12.5,0.0,8,28,28.6,83,0,0.0,2,7.1,0.3,22,3.0,-0.3,10.4,41.5,9.8,3,16,9.7,2.16,-0.74,2009,16,,,,,,fractional first-down count
Matt Flynn,GNB,24,20/06/1985,26/04/2008,15,0,93.75,0.0,7,12,58.3,58,0,0.0,1,8.3,0.5,17,4.8,1.1,8.3,3.9,36.1,1,6,7.7,4.0,0.54,2009,16,1769175.0,442294.0,OverTheCap – Quarterback Contract History,2008.0,4.0,fractional first-down count
Jon Ryan,SEA,28,26/11/1981,29/04/2006,16,0,100.0,0.0,1,1,100.0,42,0,0.0,0,0.0,0.1,42,42.0,42.0,42.0,2.6,118.7,0,0,0.0,42.0,42.0,2009,16,28177087.3125,7044271.828125,Spotrac 2026 Rookie Scale – 1st-round average fallback (pick not found),2006.0,4.0,fractional first-down count
J.T. O'Sullivan,CIN,30,25/08/1979,24/04/2004,3,0,18.75,0.0,4,11,36.4,40,0,0.0,0,0.0,0.1,16,3.6,3.6,10.0,13.3,47.5,3,31,21.4,0.64,0.64,2009,16,,,,,,fractional first-down count
Josh Brown,STL,30,29/04/1979,26/04/2003,16,0,100.0,0.0,1,1,100.0,36,1,100.0,0,0.0,0.1,36,36.0,56.0,36.0,2.3,158.3,0,0,0.0,36.0,56.0,2009,16,,,,,,fractional first-down count
Hunter Smith,WAS,32,09/08/1977,17/04/1999,13,0,81.25,0.0,1,2,50.0,35,1,50.0,1,50.0,0.1,35,17.5,5.0,35.0,2.7,95.8,0,0,0.0,17.5,5.0,2009,16,,,,,,fractional first-down count
Rex Grossman,HOU,29,23/08/1980,26/04/2003,1,0,6.25,0.0,3,9,33.3,33,0,0.0,1,11.1,0.1,21,3.7,-1.3,11.0,33.0,5.6,0,0,0.0,3.67,-1.33,2009,16,,,,,,fractional first-down count
Fred Jackson,BUF,28,20/02/1981,28/04/2007,16,11,100.0,68.75,1,1,100.0,27,1,100.0,0,0.0,0.1,27,27.0,47.0,27.0,1.7,158.3,0,0,0.0,27.0,47.0,2009,16,28177087.3125,7044271.828125,Spotrac 2026 Rookie Scale – 1st-round average fallback (pick not found),2007.0,4.0,fractional first-down count
Brad Smith,NYJ,26,12/12/1983,29/04/2006,13,2,81.25,12.5,1,1,100.0,27,0,0.0,0,0.0,0.1,27,27.0,27.0,27.0,2.1,118.7,0,0,0.0,27.0,27.0,2009,16,,,,,,fractional first-down count
Mark Bradley,KAN,27,29/01/1982,23/04/2005,13,6,81.25,37.5,1,1,100.0,26,0,0.0,0,0.0,0.1,26,26.0,26.0,26.0,2.0,118.7,0,0,0.0,26.0,26.0,2009,16,,,,,,fractional first-down count
Brian Moorman,BUF,33,05/02/1976,21/04/2001,16,0,100.0,0.0,1,1,100.0,25,1,100.0,0,0.0,0.1,25,25.0,45.0,25.0,1.6,158.3,0,0,0.0,25.0,45.0,2009,16,,,,,,fractional first-down count
Troy Smith,BAL,25,20/07/1984,28/04/2007,4,0,25.0,0.0,5,9,55.6,24,0,0.0,1,11.1,0.1,9,2.7,-2.3,4.8,6.0,21.3,0,0,0.0,2.67,-2.33,2009,16,,,,,,fractional first-down count
Chris Simms,DEN,29,29/08/1980,24/04/2004,3,1,18.75,6.25,5,17,29.4,23,0,0.0,1,5.9,0.1,7,1.4,-1.3,4.6,7.7,15.1,5,39,22.7,-0.73,-2.77,2009,16,,,,,,fractional first-down count
Joseph Addai,IND,26,03/05/1983,29/04/2006,15,15,93.75,93.75,1,1,100.0,22,1,100.0,0,0.0,0.1,22,22.0,42.0,22.0,1.5,158.3,0,0,0.0,22.0,42.0,2009,16,17474424.0,4368606.0,Spotrac 2026 Rookie Scale – exact 1st-round draft slot,2006.0,4.0,fractional first-down count
Ronnie Brown,MIA,28,12/12/1981,23/04/2005,9,9,56.25,56.25,2,6,33.3,22,1,16.7,0,0.0,0.2,21,3.7,7.0,11.0,2.4,84.7,1,9,14.3,1.86,4.71,2009,16,,,,,,fractional first-down count
Legedu Naanee,SDG,26,16/09/1983,28/04/2007,15,1,93.75,6.25,1,1,100.0,21,0,0.0,0,0.0,0.1,21,21.0,21.0,21.0,1.4,118.7,0,0,0.0,21.0,21.0,2009,16,,,,,,fractional first-down count
Josh Cribbs,CLE,26,09/06/1983,23/04/2005,16,12,100.0,75.0,1,4,25.0,18,0,0.0,1,25.0,0.1,18,4.5,-6.8,18.0,1.1,6.2,0,0,0.0,4.5,-6.75,2009,16,,,,,,fractional first-down count
Charlie Batch,PIT,35,05/12/1974,18/04/1998,1,0,6.25,0.0,1,2,50.0,17,0,0.0,0,0.0,0.1,17,8.5,8.5,17.0,17.0,79.2,0,0,0.0,8.5,8.5,2009,16,,,,,,fractional first-down count
Brian St. Pierre,ARI,30,28/11/1979,24/04/2004,1,0,6.25,0.0,2,4,50.0,12,1,25.0,1,25.0,0.2,9,3.0,-3.3,6.0,12.0,56.2,0,0,0.0,3.0,-3.25,2009,16,,,,,,fractional first-down count
Phil Dawson,CLE,34,23/01/1975,17/04/1999,11,0,68.75,0.0,1,1,100.0,10,0,0.0,0,0.0,0.1,10,10.0,10.0,10.0,0.9,108.3,0,0,0.0,10.0,10.0,2009,16,,,,,,fractional first-down count
Mewelde Moore,PIT,27,24/07/1982,24/04/2004,16,0,100.0,0.0,1,1,100.0,6,1,100.0,0,0.0,0.1,6,6.0,26.0,6.0,0.4,131.2,0,0,0.0,6.0,26.0,2009,16,,,,,,fractional first-down count
Philip Rivers,SDG,29,08/12/1981,24/04/2004,16,16,100.0,100.0,357,541,66.0,4710,30,5.5,13,2.4,23.4,59,8.7,8.7,13.2,294.4,101.8,38,227,6.6,7.74,7.77,2010,16,91800000.0,15300000.0,OverTheCap – Quarterback Contract History,2009.0,6.0,fractional first-down count
Peyton Manning,IND,34,24/03/1976,18/04/1998,16,16,100.0,100.0,450,679,66.3,4700,33,4.9,17,2.5,25.3,73,6.9,6.8,10.4,293.8,91.9,16,91,2.3,6.63,6.48,2010,16,98000000.0,14000000.0,OverTheCap – Quarterback Contract History,2004.0,7.0,fractional first-down count
Drew Brees,NOR,31,15/01/1979,21/04/2001,16,16,100.0,100.0,448,658,68.1,4620,33,5.0,22,3.3,23.8,80,7.0,6.5,10.3,288.8,90.9,25,185,3.7,6.49,6.01,2010,16,60000000.0,10000000.0,OverTheCap – Quarterback Contract History,2006.0,5.0,fractional first-down count
Matt Schaub,HOU,29,25/06/1981,24/04/2004,16,16,100.0,100.0,365,574,63.6,4370,24,4.2,12,2.1,22.1,60,7.6,7.5,12.0,273.1,92.0,32,226,5.3,6.84,6.74,2010,16,48000000.0,8000000.0,OverTheCap – Quarterback Contract History,2007.0,6.0,fractional first-down count
Eli Manning,NYG,29,03/01/1981,24/04/2004,16,16,100.0,100.0,339,539,62.9,4002,31,5.8,25,4.6,16.9,92,7.4,6.5,11.8,250.1,85.3,16,117,2.9,7.0,6.09,2010,16,97500000.0,16250000.0,OverTheCap – Quarterback Contract History,2009.0,6.0,fractional first-down count
Carson Palmer,CIN,31,27/12/1979,24/04/2004,16,16,100.0,100.0,362,586,61.8,3970,26,4.4,20,3.4,20.6,78,6.8,6.1,11.0,248.1,82.4,26,201,4.2,6.16,5.54,2010,16,97000000.0,16166667.0,OverTheCap – Quarterback Contract History,2005.0,6.0,fractional first-down count
Aaron Rodgers,GNB,27,02/12/1983,23/04/2005,15,15,93.75,93.75,312,475,65.7,3922,28,5.9,11,2.3,18.3,86,8.3,8.4,12.6,261.5,101.2,31,193,6.1,7.37,7.5,2010,16,63520000.0,12704000.0,OverTheCap – Quarterback Contract History,2008.0,5.0,fractional first-down count
Tom Brady,NWE,33,03/08/1977,15/04/2000,16,16,100.0,100.0,324,492,65.9,3900,36,7.3,4,0.8,18.9,79,7.9,9.0,12.0,243.8,111.0,25,175,4.8,7.21,8.25,2010,16,72000000.0,18000000.0,OverTheCap – Quarterback Contract History,2010.0,4.0,fractional first-down count
Matt Ryan,ATL,25,17/05/1985,26/04/2008,16,16,100.0,100.0,357,571,62.5,3705,28,4.9,9,1.6,20.2,46,6.5,6.8,10.4,231.6,91.0,23,158,3.9,5.97,6.23,2010,16,67500000.0,11250000.0,OverTheCap – Quarterback Contract History,2008.0,6.0,fractional first-down count
Kyle Orton,DEN,28,14/11/1982,23/04/2005,13,13,81.25,81.25,293,498,58.8,3653,20,4.0,9,1.8,17.3,71,7.3,7.3,12.5,281.0,87.5,34,243,6.4,6.41,6.4,2010,16,8379000.0,8379000.0,OverTheCap – Quarterback Contract History,2010.0,1.0,fractional first-down count
Joe Flacco,BAL,25,16/01/1985,26/04/2008,16,16,100.0,100.0,306,489,62.6,3622,25,5.1,10,2.0,17.4,67,7.4,7.5,11.8,226.4,93.6,40,294,7.6,6.29,6.39,2010,16,23800000.0,4760000.0,OverTheCap – Quarterback Contract History,2008.0,5.0,fractional first-down count
Sam Bradford,STL,23,08/11/1987,22/04/2010,16,16,100.0,100.0,354,590,60.0,3512,18,3.1,15,2.5,17.9,49,6.0,5.4,9.9,219.5,76.5,34,244,5.4,5.24,4.73,2010,16,78000000.0,13000000.0,OverTheCap – Quarterback Contract History,2010.0,5.0,fractional first-down count
Josh Freeman,TAM,22,13/01/1988,25/04/2009,16,16,100.0,100.0,291,474,61.4,3451,25,5.3,6,1.3,16.7,64,7.3,7.8,11.9,215.7,95.9,28,195,5.6,6.49,6.94,2010,16,13500000.0,2700000.0,OverTheCap – Quarterback Contract History,2009.0,5.0,fractional first-down count
Donovan McNabb,WAS,34,25/11/1976,17/04/1999,13,13,81.25,81.25,275,472,58.3,3377,14,3.0,15,3.2,15.2,76,7.2,6.3,12.3,259.8,77.1,37,271,7.3,6.1,5.33,2010,16,74250000.0,14850000.0,OverTheCap – Quarterback Contract History,2010.0,5.0,fractional first-down count
Chad Henne,MIA,25,02/07/1985,26/04/2008,15,14,93.75,87.5,301,490,61.4,3301,15,3.1,19,3.9,16.7,57,6.7,5.6,11.0,220.1,75.4,30,178,5.8,6.01,4.94,2010,16,3430100.0,857525.0,OverTheCap – Quarterback Contract History,2008.0,4.0,fractional first-down count
Mark Sanchez,NYJ,24,11/11/1986,25/04/2009,16,16,100.0,100.0,278,507,54.8,3291,17,3.4,13,2.6,16.2,74,6.5,6.0,11.8,205.7,75.3,27,171,5.1,5.84,5.38,2010,16,47500000.0,9500000.0,OverTheCap – Quarterback Contract History,2009.0,5.0,fractional first-down count
Jay Cutler,CHI,27,29/04/1983,29/04/2006,15,15,93.75,93.75,261,432,60.4,3274,23,5.3,16,3.7,15.9,89,7.6,7.0,12.5,218.3,86.3,52,352,10.7,6.04,5.5,2010,16,28912499.0,14456250.0,OverTheCap – Quarterback Contract History,2009.0,2.0,fractional first-down count
Ben Roethlisberger,PIT,28,02/03/1982,24/04/2004,12,12,75.0,75.0,240,389,61.7,3200,17,4.4,5,1.3,14.9,56,8.2,8.5,13.3,266.7,97.0,32,220,7.6,7.08,7.35,2010,16,87986500.0,14664417.0,OverTheCap – Quarterback Contract History,2008.0,6.0,fractional first-down count
Matt Cassel,KAN,28,17/05/1982,23/04/2005,15,15,93.75,93.75,262,450,58.2,3116,27,6.0,7,1.6,16.4,75,6.9,7.4,11.9,207.7,93.0,26,182,5.5,6.16,6.64,2010,16,63000000.0,10500000.0,OverTheCap – Quarterback Contract History,2009.0,6.0,fractional first-down count
Michael Vick,PHI,30,16/02/1982,21/04/2001,12,12,75.0,75.0,233,372,62.6,3018,21,5.6,6,1.6,11.9,91,8.1,8.5,13.0,251.5,100.2,34,210,8.4,6.92,7.29,2010,16,6875000.0,3437500.0,OverTheCap – Quarterback Contract History,2009.0,2.0,fractional first-down count
Matt Hasselbeck,SEA,35,25/09/1975,17/04/1999,14,14,87.5,87.5,266,444,59.9,3001,12,2.7,17,3.8,13.7,87,6.8,5.6,11.3,214.4,73.2,29,175,6.1,5.97,4.86,2010,16,48000000.0,8000000.0,OverTheCap – Quarterback Contract History,2005.0,6.0,fractional first-down count
Ryan Fitzpatrick,BUF,28,24/11/1982,23/04/2005,13,13,81.25,81.25,255,441,57.8,3000,23,5.2,15,3.4,15.1,65,6.8,6.3,11.8,230.8,81.8,24,145,5.2,6.14,5.68,2010,16,8250000.0,2750000.0,OverTheCap – Quarterback Contract History,2009.0,3.0,fractional first-down count
Brett Favre,MIN,41,01/07/1973,21/04/1991,13,13,81.25,81.25,217,358,60.6,2509,11,3.1,19,5.3,11.2,53,7.0,5.2,11.6,193.0,69.9,22,139,5.8,6.24,4.57,2010,16,16000000.0,16000000.0,OverTheCap – Quarterback Contract History,2010.0,1.0,fractional first-down count
Jason Campbell,OAK,29,31/12/1981,29/04/2006,13,12,81.25,75.0,194,329,59.0,2387,13,4.0,8,2.4,11.1,73,7.3,7.0,12.3,183.6,84.5,33,208,9.1,6.02,5.74,2010,16,4600000.0,4600000.0,OverTheCap – Quarterback Contract History,2010.0,1.0,fractional first-down count
Alex Smith,SFO,26,07/05/1984,23/04/2005,11,10,68.75,62.5,204,342,59.6,2370,14,4.1,10,2.9,10.2,62,6.9,6.4,11.6,215.5,82.1,25,140,6.8,6.08,5.61,2010,16,6500000.0,3250000.0,OverTheCap – Quarterback Contract History,2009.0,2.0,fractional first-down count
Jon Kitna,DAL,38,01/11/1977,19/04/1997,10,9,62.5,56.25,209,318,65.7,2365,16,5.0,12,3.8,9.7,71,7.4,6.7,11.3,236.5,88.9,21,100,6.2,6.68,6.03,2010,16,,,,,,fractional first-down count
Derek Anderson,ARI,27,15/06/1983,29/04/2006,12,9,75.0,56.25,169,327,51.7,2065,7,2.1,10,3.1,9.6,43,6.3,5.4,12.2,172.1,65.9,25,176,7.1,5.37,4.49,2010,16,7250000.0,3625000.0,OverTheCap – Quarterback Contract History,2010.0,2.0,fractional first-down count
Tony Romo,DAL,30,21/04/1980,24/04/2004,6,6,37.5,37.5,148,213,69.5,1605,11,5.2,7,3.3,7.3,69,7.5,7.1,10.8,267.5,94.9,7,41,3.2,7.11,6.68,2010,16,67500000.0,11250000.0,OverTheCap – Quarterback Contract History,2007.0,6.0,fractional first-down count
Colt McCoy,CLE,24,05/09/1986,22/04/2010,8,8,50.0,50.0,135,222,60.8,1576,6,2.7,9,4.1,7.7,47,7.1,5.8,11.7,197.0,74.5,23,132,9.4,5.89,4.73,2010,16,2541000.0,635250.0,OverTheCap – Quarterback Contract History,2010.0,4.0,fractional first-down count
Jimmy Clausen,CAR,23,21/09/1988,22/04/2010,13,10,81.25,62.5,157,299,52.5,1558,3,1.0,9,3.0,7.3,55,5.2,4.1,9.9,119.8,58.4,33,223,9.9,4.02,2.98,2010,16,,,,,,fractional first-down count
Vince Young,TEN,27,18/05/1983,29/04/2006,9,8,56.25,50.0,93,156,59.6,1255,10,6.4,3,1.9,5.8,71,8.0,8.5,13.5,139.4,98.6,13,80,7.7,6.95,7.34,2010,16,,,,,,fractional first-down count
Kevin Kolb,PHI,26,24/08/1984,28/04/2007,7,5,43.75,31.25,115,189,60.8,1197,7,3.7,7,3.7,5.8,83,6.3,5.4,10.4,171.0,76.1,15,99,7.4,5.38,4.52,2010,16,12222000.0,12222000.0,OverTheCap – Quarterback Contract History,2010.0,1.0,fractional first-down count
Troy Smith,SFO,26,20/07/1984,28/04/2007,6,6,37.5,37.5,73,145,50.3,1176,5,3.4,4,2.8,4.3,66,8.1,7.6,16.1,196.0,77.8,18,112,11.0,6.53,6.04,2010,16,,,,,,fractional first-down count
Bruce Gradkowski,OAK,27,27/01/1983,29/04/2006,6,4,37.5,25.0,83,157,52.9,1059,5,3.2,7,4.5,5.1,70,6.7,5.4,12.8,176.5,66.3,10,77,6.0,5.88,4.59,2010,16,,,,,,fractional first-down count
Rex Grossman,WAS,30,23/08/1980,26/04/2003,4,3,25.0,18.75,74,133,55.6,884,7,5.3,4,3.0,4.2,64,6.6,6.3,11.9,221.0,81.2,9,77,6.3,5.68,5.4,2010,16,,,,,,fractional first-down count
Jake Delhomme,CLE,35,10/01/1975,17/04/1999,5,4,31.25,25.0,93,149,62.4,872,2,1.3,7,4.7,3.6,49,5.9,4.0,9.4,174.4,63.4,6,49,3.9,5.31,3.54,2010,16,,,,,,fractional first-down count
Matt Moore,CAR,26,09/08/1984,28/04/2007,6,5,37.5,31.25,79,143,55.2,857,5,3.5,10,7.0,4.7,39,6.0,3.5,10.8,142.8,55.6,13,90,8.3,4.92,2.67,2010,16,3043000.0,3043000.0,OverTheCap – Quarterback Contract History,2010.0,1.0,fractional first-down count
Drew Stanton,DET,26,07/05/1984,26/04/2008,6,3,37.5,18.75,69,119,58.0,780,4,3.4,3,2.5,3.9,87,6.6,6.1,11.3,130.0,78.4,6,42,4.8,5.9,5.46,2010,16,3405000.0,851250.0,OverTheCap – Quarterback Contract History,2007.0,4.0,fractional first-down count
Seneca Wallace,CLE,30,06/08/1980,23/04/2005,8,4,50.0,25.0,64,101,63.4,694,4,4.0,2,2.0,3.5,65,6.9,6.8,10.8,86.8,88.5,6,33,5.6,6.18,6.08,2010,16,,,,,,fractional first-down count
John Skelton,ARI,22,17/03/1988,22/04/2010,5,4,31.25,25.0,60,126,47.6,662,2,1.6,2,1.6,3.1,74,5.3,4.9,11.0,132.4,62.3,9,65,6.7,4.42,4.05,2010,16,,,,,,fractional first-down count
Tim Tebow,DEN,23,14/08/1987,22/04/2010,9,3,56.25,18.75,41,82,50.0,654,5,6.1,3,3.7,3.1,50,8.0,7.5,16.0,72.7,82.1,6,26,6.8,7.14,6.74,2010,16,11250000.0,2250000.0,OverTheCap – Quarterback Contract History,2010.0,5.0,fractional first-down count
Matthew Stafford,DET,22,07/02/1988,25/04/2009,3,3,18.75,18.75,57,96,59.4,535,6,6.3,1,1.0,2.8,36,5.6,6.4,9.4,178.3,91.3,4,36,4.0,4.99,5.74,2010,16,57271500.0,14317875.0,Spotrac 2026 Rookie Scale – exact 1st-round draft slot,2009.0,4.0,fractional first-down count
Charlie Whitehurst,SEA,28,06/08/1982,29/04/2006,6,2,37.5,12.5,57,99,57.6,507,2,2.0,3,3.0,2.2,61,5.1,4.2,8.9,84.5,65.5,5,13,4.8,4.75,3.84,2010,16,6824000.0,6824000.0,OverTheCap – Quarterback Contract History,2010.0,1.0,fractional first-down count
Joe Webb,MIN,24,14/11/1986,22/04/2010,5,2,31.25,12.5,54,89,60.7,477,0,0.0,3,3.4,2.6,46,5.4,3.8,8.8,95.4,60.9,8,48,8.2,4.42,3.03,2010,16,2032515.0,508129.0,OverTheCap – Quarterback Contract History,2010.0,4.0,fractional first-down count
Tyler Thigpen,MIA,26,14/04/1984,28/04/2007,5,1,31.25,6.25,33,62,53.2,435,2,3.2,2,3.2,1.8,35,7.0,6.2,13.2,87.0,73.0,8,50,11.4,5.5,4.79,2010,16,,,,,,fractional first-down count
Matt Flynn,GNB,25,20/06/1985,26/04/2008,7,1,43.75,6.25,40,66,60.6,433,3,4.5,2,3.0,2.1,66,6.6,6.1,10.8,61.9,82.4,7,38,9.6,5.41,5.0,2010,16,1769175.0,442294.0,OverTheCap – Quarterback Contract History,2008.0,4.0,fractional first-down count
Max Hall,ARI,25,20/10/1985,22/04/2010,6,3,37.5,18.75,39,78,50.0,370,1,1.3,6,7.7,1.9,26,4.7,1.5,9.5,61.7,35.7,14,90,15.2,3.04,0.33,2010,16,28177087.3125,7044271.828125,Spotrac 2026 Rookie Scale – 1st-round average fallback (pick not found),2010.0,4.0,fractional first-down count
Charlie Batch,PIT,36,05/12/1974,18/04/1998,3,2,18.75,12.5,29,49,59.2,352,3,6.1,3,6.1,1.3,46,7.2,5.7,12.1,117.3,76.2,4,21,7.5,6.25,4.83,2010,16,,,,,,fractional first-down count
Tarvaris Jackson,MIN,27,21/04/1983,29/04/2006,3,1,18.75,6.25,34,58,58.6,341,3,5.2,4,6.9,1.7,46,5.9,3.8,10.0,113.7,63.9,6,43,9.4,4.66,2.78,2010,16,,,,,,fractional first-down count
Dennis Dixon,PIT,25,11/01/1985,26/04/2008,2,2,12.5,12.5,22,32,68.8,254,0,0.0,1,3.1,0.8,52,7.9,6.5,11.5,127.0,79.4,5,41,13.5,5.76,4.54,2010,16,,,,,,fractional first-down count
Stephen McGee,DAL,25,27/09/1985,25/04/2009,2,1,12.5,6.25,22,44,50.0,238,2,4.5,0,0.0,0.9,37,5.4,6.3,10.8,119.0,81.4,3,25,6.4,4.53,5.38,2010,16,,,,,,fractional first-down count
Todd Bouman,JAX,38,01/08/1972,21/04/2001,1,1,6.25,6.25,18,34,52.9,222,2,5.9,2,5.9,1.2,29,6.5,5.1,12.3,222.0,68.5,1,6,2.9,6.17,4.74,2010,16,,,,,,fractional first-down count
Rusty Smith,TEN,23,28/01/1987,22/04/2010,2,1,12.5,6.25,20,40,50.0,200,0,0.0,4,10.0,0.7,52,5.0,0.5,10.0,100.0,25.0,1,0,2.4,4.88,0.49,2010,16,,,,,,fractional first-down count
Brian St. Pierre,CAR,31,28/11/1979,24/04/2004,1,1,6.25,6.25,13,28,46.4,173,1,3.6,2,7.1,0.3,88,6.2,3.7,13.3,173.0,48.7,3,23,9.7,4.84,2.58,2010,16,,,,,,fractional first-down count
Richard Bartel,ARI,27,03/02/1983,22/04/2010,1,0,6.25,0.0,16,28,57.1,150,0,0.0,1,3.6,0.7,31,5.4,3.8,9.4,150.0,57.1,2,12,6.7,4.6,3.1,2010,16,28177087.3125,7044271.828125,Spotrac 2026 Rookie Scale – 1st-round average fallback (pick not found),2010.0,4.0,fractional first-down count
Brian Hoyer,NWE,25,31/10/1985,25/04/2009,5,0,31.25,0.0,7,15,46.7,122,1,6.7,1,6.7,0.7,42,8.1,6.5,17.4,24.4,69.3,0,0,0.0,8.13,6.47,2010,16,1197500.0,399167.0,OverTheCap – Quarterback Contract History,2009.0,3.0,fractional first-down count
Luke McCown,JAX,29,12/07/1981,24/04/2004,1,0,6.25,0.0,11,19,57.9,120,0,0.0,0,0.0,0.6,25,6.3,6.3,10.9,120.0,76.6,0,0,0.0,6.32,6.32,2010,16,7500000.0,3750000.0,OverTheCap – Quarterback Contract History,2009.0,2.0,fractional first-down count
Mark Brunell,NYJ,40,19/03/1971,24/04/1994,2,0,12.5,0.0,7,13,53.8,117,2,15.4,1,7.7,0.7,52,9.0,8.6,16.7,58.5,92.0,1,7,7.1,7.86,7.5,2010,16,3000000.0,1500000.0,OverTheCap – Quarterback Contract History,2010.0,2.0,fractional first-down count
Josh Johnson,TAM,24,15/05/1986,26/04/2008,11,0,68.75,0.0,14,16,87.5,111,0,0.0,0,0.0,0.5,22,6.9,6.9,7.9,10.1,95.6,2,8,11.1,5.72,5.72,2010,16,1877500.0,469375.0,OverTheCap – Quarterback Contract History,2008.0,4.0,fractional first-down count
Brian Brohm,BUF,25,23/09/1985,26/04/2008,1,1,6.25,6.25,10,23,43.5,106,0,0.0,3,13.0,0.4,33,4.6,-1.3,10.6,106.0,17.9,3,5,11.5,3.88,-1.31,2010,16,,,,,,fractional first-down count
Todd Collins,CHI,39,05/11/1971,22/04/1995,2,1,12.5,6.25,10,27,37.0,68,0,0.0,5,18.5,0.3,19,2.5,-5.8,6.8,34.0,5.9,2,15,6.9,1.83,-5.93,2010,16,,,,,,fractional first-down count
David Carr,SFO,31,21/07/1979,20/04/2002,1,0,6.25,0.0,5,13,38.5,67,0,0.0,1,7.7,0.2,22,5.2,1.7,13.4,67.0,23.6,1,5,7.1,4.43,1.21,2010,16,6250000.0,3125000.0,OverTheCap – Quarterback Contract History,2010.0,2.0,fractional first-down count
Caleb Hanie,CHI,25,11/09/1985,26/04/2008,2,0,12.5,0.0,5,7,71.4,55,0,0.0,0,0.0,0.2,26,7.9,7.9,11.0,27.5,94.3,2,15,22.2,4.44,4.44,2010,16,28177087.3125,7044271.828125,Spotrac 2026 Rookie Scale – 1st-round average fallback (pick not found),2008.0,4.0,fractional first-down count
Tony Pike,CAR,24,10/03/1986,22/04/2010,1,0,6.25,0.0,6,12,50.0,47,0,0.0,0,0.0,0.3,22,3.9,3.9,7.8,47.0,60.1,1,10,7.7,2.85,2.85,2010,16,,,,,,fractional first-down count
Byron Leftwich,PIT,30,14/01/1980,26/04/2003,1,0,6.25,0.0,5,7,71.4,42,0,0.0,0,0.0,0.4,14,6.0,6.0,8.4,42.0,86.6,2,7,22.2,3.89,3.89,2010,16,,,,,,fractional first-down count
Antwaan Randle El,PIT,31,17/08/1979,20/04/2002,16,0,100.0,0.0,2,2,100.0,42,2,100.0,0,0.0,0.2,39,21.0,41.0,21.0,2.6,158.3,0,0,0.0,21.0,41.0,2010,16,,,,,,fractional first-down count
Brodie Croyle,KAN,27,06/02/1983,29/04/2006,2,1,12.5,6.25,8,19,42.1,38,0,0.0,1,5.3,0.2,16,2.0,-0.4,4.8,19.0,27.7,4,29,17.4,0.39,-1.57,2010,16,,,,,,fractional first-down count
Tyler Palko,KAN,27,09/08/1983,22/04/2010,2,0,12.5,0.0,4,6,66.7,35,0,0.0,0,0.0,0.2,18,5.8,5.8,8.8,17.5,81.9,2,10,25.0,3.13,3.13,2010,16,28177087.3125,7044271.828125,Spotrac 2026 Rookie Scale – 1st-round average fallback (pick not found),2010.0,4.0,fractional first-down count
Mohamed Massaquoi,CLE,24,24/11/1986,25/04/2009,15,14,93.75,87.5,1,1,100.0,29,1,100.0,0,0.0,0.1,29,29.0,49.0,29.0,1.9,158.3,0,0,0.0,29.0,49.0,2010,16,,,,,,fractional first-down count
Michael Robinson,SEA,27,06/02/1983,29/04/2006,11,4,68.75,25.0,1,1,100.0,28,0,0.0,0,0.0,0.1,28,28.0,28.0,28.0,2.5,118.7,0,0,0.0,28.0,28.0,2010,16,,,,,,fractional first-down count
Mike Scifres,SDG,30,08/10/1980,26/04/2003,16,0,100.0,0.0,1,1,100.0,28,0,0.0,0,0.0,0.1,28,28.0,28.0,28.0,1.8,118.7,0,0,0.0,28.0,28.0,2010,16,,,,,,fractional first-down count
Kyle Boller,OAK,29,17/06/1981,26/04/2003,5,0,31.25,0.0,2,4,50.0,25,0,0.0,1,25.0,0.1,20,6.3,-5.0,12.5,5.0,30.2,1,6,20.0,3.8,-5.2,2010,16,,,,,,fractional first-down count
Levi Brown,BUF,23,11/03/1987,22/04/2010,1,0,6.25,0.0,2,3,66.7,24,0,0.0,1,33.3,0.1,16,8.0,-7.0,12.0,24.0,51.4,0,0,0.0,8.0,-7.0,2010,16,,,,,,fractional first-down count
Chris Redman,ATL,33,07/07/1977,15/04/2000,2,0,12.5,0.0,4,6,66.7,20,0,0.0,0,0.0,0.1,14,3.3,3.3,5.0,10.0,71.5,0,0,0.0,3.33,3.33,2010,16,,,,,,fractional first-down count
Josh Cribbs,CLE,27,09/06/1983,23/04/2005,15,5,93.75,31.25,2,3,66.7,19,0,0.0,0,0.0,0.2,10,6.3,6.3,9.5,1.3,84.0,1,0,25.0,4.75,4.75,2010,16,,,,,,fractional first-down count
Chad Pennington,MIA,34,26/06/1976,15/04/2000,1,1,6.25,6.25,1,2,50.0,19,0,0.0,0,0.0,0.1,19,9.5,9.5,19.0,19.0,83.3,0,0,0.0,9.5,9.5,2010,16,5750000.0,5750000.0,OverTheCap – Quarterback Contract History,2010.0,1.0,fractional first-down count
Jordan Palmer,CIN,26,30/05/1984,26/04/2008,1,0,6.25,0.0,3,3,100.0,18,0,0.0,0,0.0,0.1,7,6.0,6.0,6.0,18.0,91.7,2,20,40.0,-0.4,-0.4,2010,16,,,,,,fractional first-down count
Steve Breaston,ARI,27,20/08/1983,28/04/2007,13,11,81.25,68.75,1,2,50.0,17,0,0.0,0,0.0,0.1,17,8.5,8.5,17.0,1.3,79.2,0,0,0.0,8.5,8.5,2010,16,,,,,,fractional first-down count
Peyton Hillis,CLE,24,21/01/1986,26/04/2008,16,14,100.0,87.5,1,2,50.0,13,0,0.0,0,0.0,0.1,13,6.5,6.5,13.0,0.8,70.8,0,0,0.0,6.5,6.5,2010,16,,,,,,fractional first-down count
Sam Koch,BAL,28,13/08/1982,29/04/2006,16,0,100.0,0.0,1,1,100.0,13,0,0.0,0,0.0,0.1,13,13.0,13.0,13.0,0.8,118.7,0,0,0.0,13.0,13.0,2010,16,,,,,,fractional first-down count
Billy Volek,SDG,34,28/04/1976,21/04/2001,3,0,18.75,0.0,1,1,100.0,8,0,0.0,0,0.0,0.1,8,8.0,8.0,8.0,2.7,100.0,0,0,0.0,8.0,8.0,2010,16,,,,,,fractional first-down count
Kellen Clemens,NYJ,27,06/06/1983,29/04/2006,1,0,6.25,0.0,1,2,50.0,6,0,0.0,0,0.0,0.1,6,3.0,3.0,6.0,6.0,56.2,0,0,0.0,3.0,3.0,2010,16,,,,,,fractional first-down count
Brad Smith,NYJ,27,12/12/1983,29/04/2006,16,2,100.0,12.5,2,3,66.7,6,1,33.3,0,0.0,0.1,3,2.0,8.7,3.0,0.4,109.7,0,0,0.0,2.0,8.67,2010,16,,,,,,fractional first-down count
Earnest Graham,TAM,30,15/01/1980,24/04/2004,12,7,75.0,43.75,1,1,100.0,2,1,100.0,0,0.0,0.1,2,2.0,22.0,2.0,0.2,118.7,0,0,0.0,2.0,22.0,2010,16,,,,,,fractional first-down count
Drew Brees,NOR,32,15/01/1979,21/04/2001,16,16,100.0,100.0,468,657,71.2,5476,46,7.0,14,2.1,27.9,79,8.3,8.8,11.7,342.3,110.6,24,158,3.5,7.81,8.23,2011,16,,,,,,fractional first-down count
Tom Brady,NWE,34,03/08/1977,15/04/2000,16,16,100.0,100.0,401,611,65.6,5235,39,6.4,12,2.0,26.2,99,8.6,9.0,13.1,327.2,105.6,32,173,5.0,7.87,8.25,2011,16,72000000.0,18000000.0,OverTheCap – Quarterback Contract History,2010.0,4.0,fractional first-down count
Matthew Stafford,DET,23,07/02/1988,25/04/2009,16,16,100.0,100.0,421,663,63.5,5038,41,6.2,16,2.4,24.3,73,7.6,7.7,12.0,314.9,97.2,36,257,5.2,6.84,6.98,2011,16,57271500.0,14317875.0,Spotrac 2026 Rookie Scale – exact 1st-round draft slot,2009.0,4.0,fractional first-down count
Eli Manning,NYG,30,03/01/1981,24/04/2004,16,16,100.0,100.0,359,589,61.0,4933,29,4.9,16,2.7,21.8,99,8.4,8.1,13.7,308.3,92.9,28,199,4.5,7.67,7.45,2011,16,97500000.0,16250000.0,OverTheCap – Quarterback Contract History,2009.0,6.0,fractional first-down count
Aaron Rodgers,GNB,28,02/12/1983,23/04/2005,15,15,93.75,93.75,343,502,68.3,4643,45,9.0,6,1.2,20.9,93,9.2,10.5,13.5,309.5,122.5,36,219,6.7,8.22,9.39,2011,16,63520000.0,12704000.0,OverTheCap – Quarterback Contract History,2008.0,5.0,fractional first-down count
Philip Rivers,SDG,30,08/12/1981,24/04/2004,16,16,100.0,100.0,366,582,62.9,4624,27,4.6,20,3.4,23.4,58,7.9,7.3,12.6,289.0,88.7,30,198,4.9,7.23,6.64,2011,16,91800000.0,15300000.0,OverTheCap – Quarterback Contract History,2009.0,6.0,fractional first-down count
Tony Romo,DAL,31,21/04/1980,24/04/2004,16,16,100.0,100.0,346,522,66.3,4184,31,5.9,10,1.9,20.3,77,8.0,8.3,12.1,261.5,102.5,36,227,6.5,7.09,7.4,2011,16,67500000.0,11250000.0,OverTheCap – Quarterback Contract History,2007.0,6.0,fractional first-down count
Matt Ryan,ATL,26,17/05/1985,26/04/2008,16,16,100.0,100.0,347,566,61.3,4177,29,5.1,12,2.1,20.8,80,7.4,7.5,12.0,261.1,92.2,26,173,4.4,6.76,6.83,2011,16,67500000.0,11250000.0,OverTheCap – Quarterback Contract History,2008.0,6.0,fractional first-down count
Cam Newton,CAR,22,11/05/1989,28/04/2011,16,16,100.0,100.0,310,517,60.0,4051,21,4.1,17,3.3,17.6,91,7.8,7.2,13.1,253.2,84.5,35,260,6.3,6.87,6.24,2011,16,22025498.0,5506375.0,OverTheCap – Quarterback Contract History,2011.0,4.0,fractional first-down count
Ryan Fitzpatrick,BUF,29,24/11/1982,23/04/2005,16,16,100.0,100.0,353,569,62.0,3832,24,4.2,23,4.0,17.9,60,6.7,5.8,10.9,239.5,79.1,22,148,3.7,6.23,5.29,2011,16,59000000.0,9833333.0,OverTheCap – Quarterback Contract History,2011.0,6.0,fractional first-down count
Matt Hasselbeck,TEN,36,25/09/1975,17/04/1999,16,16,100.0,100.0,319,518,61.6,3571,18,3.5,14,2.7,16.3,80,6.9,6.4,11.2,223.2,82.4,19,153,3.5,6.36,5.86,2011,16,20000000.0,6666667.0,OverTheCap – Quarterback Contract History,2011.0,3.0,fractional first-down count
Mark Sanchez,NYJ,25,11/11/1986,25/04/2009,16,16,100.0,100.0,308,543,56.7,3474,26,4.8,18,3.3,17.2,74,6.4,5.9,11.3,217.1,78.2,39,243,6.7,5.55,5.05,2011,16,47500000.0,9500000.0,OverTheCap – Quarterback Contract History,2009.0,5.0,fractional first-down count
Andy Dalton,CIN,24,29/10/1987,28/04/2011,16,16,100.0,100.0,300,516,58.1,3398,20,3.9,13,2.5,15.1,84,6.6,6.2,11.3,212.4,80.4,24,160,4.4,6.0,5.65,2011,16,5214198.0,1303550.0,OverTheCap – Quarterback Contract History,2011.0,4.0,fractional first-down count
Michael Vick,PHI,31,16/02/1982,21/04/2001,13,13,81.25,81.25,253,423,59.8,3303,18,4.3,14,3.3,15.4,73,7.8,7.2,13.1,254.1,84.9,23,126,5.2,7.12,6.52,2011,16,80000000.0,16000000.0,OverTheCap – Quarterback Contract History,2011.0,5.0,fractional first-down count
Rex Grossman,WAS,31,23/08/1980,26/04/2003,13,13,81.25,81.25,265,458,57.9,3151,16,3.5,20,4.4,16.1,51,6.9,5.6,11.9,242.4,72.4,25,201,5.2,6.11,4.91,2011,16,,,,,,fractional first-down count
Alex Smith,SFO,27,07/05/1984,23/04/2005,16,16,100.0,100.0,273,445,61.3,3144,17,3.8,5,1.1,14.5,56,7.1,7.3,11.5,196.5,90.7,44,263,9.0,5.89,6.13,2011,16,4000000.0,4000000.0,OverTheCap – Quarterback Contract History,2011.0,1.0,fractional first-down count
Tarvaris Jackson,SEA,28,21/04/1983,29/04/2006,15,14,93.75,87.5,271,450,60.2,3091,14,3.1,13,2.9,13.9,61,6.9,6.2,11.4,206.1,79.2,42,293,8.5,5.69,5.07,2011,16,,,,,,fractional first-down count
Carson Palmer,OAK,32,27/12/1979,24/04/2004,10,9,62.5,56.25,199,328,60.7,2753,13,4.0,16,4.9,12.3,78,8.4,7.0,13.8,275.3,80.5,17,119,4.9,7.63,6.3,2011,16,43000000.0,10750000.0,OverTheCap – Quarterback Contract History,2011.0,4.0,fractional first-down count
Colt McCoy,CLE,25,05/09/1986,22/04/2010,13,13,81.25,81.25,265,463,57.2,2733,14,3.0,11,2.4,14.2,56,5.9,5.4,10.3,210.2,74.6,32,173,6.5,5.17,4.74,2011,16,2541000.0,635250.0,OverTheCap – Quarterback Contract History,2010.0,4.0,fractional first-down count
Matt Moore,MIA,27,09/08/1984,28/04/2007,13,12,81.25,75.0,210,347,60.5,2497,16,4.6,9,2.6,12.2,65,7.2,7.0,11.9,192.1,87.1,36,229,9.4,5.92,5.7,2011,16,5025000.0,2512500.0,OverTheCap – Quarterback Contract History,2011.0,2.0,fractional first-down count
Matt Schaub,HOU,30,25/06/1981,24/04/2004,10,10,62.5,62.5,178,292,61.0,2479,15,5.1,6,2.1,11.8,80,8.5,8.6,13.9,247.9,96.8,16,98,5.2,7.73,7.83,2011,16,48000000.0,8000000.0,OverTheCap – Quarterback Contract History,2007.0,6.0,fractional first-down count
Jay Cutler,CHI,28,29/04/1983,29/04/2006,10,10,62.5,62.5,182,314,58.0,2319,13,4.1,7,2.2,10.7,56,7.4,7.2,12.7,231.9,85.7,23,159,6.8,6.41,6.25,2011,16,34112500.0,5685417.0,OverTheCap – Quarterback Contract History,2006.0,6.0,fractional first-down count
Blaine Gabbert,JAX,22,15/10/1989,28/04/2011,15,14,93.75,87.5,210,413,50.8,2214,12,2.9,11,2.7,11.1,74,5.4,4.7,10.5,147.6,65.4,40,293,8.8,4.24,3.68,2011,16,12001646.0,3000412.0,OverTheCap – Quarterback Contract History,2011.0,4.0,fractional first-down count
Sam Bradford,STL,24,08/11/1987,22/04/2010,10,10,62.5,62.5,191,357,53.5,2164,6,1.7,6,1.7,10.4,68,6.1,5.6,11.3,216.4,70.5,36,248,9.2,4.88,4.49,2011,16,78000000.0,13000000.0,OverTheCap – Quarterback Contract History,2010.0,5.0,fractional first-down count
Kevin Kolb,ARI,27,24/08/1984,28/04/2007,9,9,56.25,56.25,146,253,57.7,1955,9,3.6,8,3.2,8.7,73,7.7,7.0,13.4,217.2,81.1,30,219,10.6,6.13,5.5,2011,16,62108000.0,12421600.0,OverTheCap – Quarterback Contract History,2011.0,5.0,fractional first-down count
John Skelton,ARI,23,17/03/1988,22/04/2010,8,7,50.0,43.75,151,275,54.9,1913,11,4.0,14,5.1,8.1,60,7.0,5.5,12.7,239.1,68.9,23,162,7.7,5.88,4.5,2011,16,,,,,,fractional first-down count
Christian Ponder,MIN,23,25/02/1988,28/04/2011,11,10,68.75,62.5,158,291,54.3,1853,13,4.5,13,4.5,9.2,72,6.4,5.3,11.7,168.5,70.1,30,164,9.3,5.26,4.25,2011,16,10158698.0,2539675.0,OverTheCap – Quarterback Contract History,2011.0,4.0,fractional first-down count
Tim Tebow,DEN,24,14/08/1987,22/04/2010,14,11,87.5,68.75,126,271,46.5,1729,12,4.4,6,2.2,7.7,56,6.4,6.3,13.7,123.5,72.9,33,225,10.9,4.95,4.85,2011,16,11250000.0,2250000.0,OverTheCap – Quarterback Contract History,2010.0,5.0,fractional first-down count
Matt Cassel,KAN,29,17/05/1982,23/04/2005,9,9,56.25,56.25,160,269,59.5,1713,10,3.7,9,3.3,8.4,52,6.4,5.6,10.7,190.3,76.6,22,120,7.6,5.47,4.77,2011,16,63000000.0,10500000.0,OverTheCap – Quarterback Contract History,2009.0,6.0,fractional first-down count
Curtis Painter,IND,26,24/06/1985,25/04/2009,9,8,56.25,50.0,132,243,54.3,1541,6,2.5,9,3.7,7.1,87,6.3,5.2,11.7,171.2,66.6,16,104,6.2,5.55,4.45,2011,16,,,,,,fractional first-down count
Dan Orlovsky,IND,28,18/08/1983,23/04/2005,8,5,50.0,31.25,122,193,63.2,1201,6,3.1,4,2.1,7.1,40,6.2,5.9,9.8,150.1,82.4,14,84,6.8,5.4,5.11,2011,16,,,,,,fractional first-down count
Jason Campbell,OAK,30,31/12/1981,29/04/2006,6,6,37.5,37.5,100,165,60.6,1170,6,3.6,4,2.4,5.6,58,7.1,6.7,11.7,195.0,84.2,5,19,2.9,6.77,6.42,2011,16,,,,,,fractional first-down count
Donovan McNabb,MIN,35,25/11/1976,17/04/1999,6,6,37.5,37.5,94,156,60.3,1026,4,2.6,2,1.3,5.2,60,6.6,6.5,10.9,171.0,82.9,16,113,9.3,5.31,5.25,2011,16,5050000.0,5050000.0,OverTheCap – Quarterback Contract History,2011.0,1.0,fractional first-down count
T.J. Yates,HOU,24,28/05/1987,28/04/2011,6,5,37.5,31.25,82,134,61.2,949,3,2.2,3,2.2,4.8,50,7.1,6.5,11.6,158.2,80.7,15,74,10.1,5.87,5.37,2011,16,2225000.0,556250.0,OverTheCap – Quarterback Contract History,2011.0,4.0,fractional first-down count
Chad Henne,MIA,26,02/07/1985,26/04/2008,4,4,25.0,25.0,64,112,57.1,868,4,3.6,4,3.6,4.1,41,7.8,6.9,13.6,217.0,79.0,11,67,8.9,6.51,5.7,2011,16,3430100.0,857525.0,OverTheCap – Quarterback Contract History,2008.0,4.0,fractional first-down count
Vince Young,PHI,28,18/05/1983,29/04/2006,6,3,37.5,18.75,66,114,57.9,866,4,3.5,9,7.9,3.9,58,7.6,4.7,13.1,144.3,60.8,8,34,6.6,6.82,4.16,2011,16,4000000.0,4000000.0,OverTheCap – Quarterback Contract History,2011.0,1.0,fractional first-down count
John Beck,WAS,30,21/08/1981,28/04/2007,4,3,25.0,18.75,80,132,60.6,858,2,1.5,4,3.0,4.4,32,6.5,5.4,10.7,214.5,72.1,16,84,10.8,5.23,4.28,2011,16,,,,,,fractional first-down count
Caleb Hanie,CHI,26,11/09/1985,26/04/2008,6,4,37.5,25.0,51,102,50.0,613,3,2.9,9,8.8,2.9,81,6.0,2.6,12.0,102.2,41.8,19,133,15.7,3.97,1.12,2011,16,28177087.3125,7044271.828125,Spotrac 2026 Rookie Scale – 1st-round average fallback (pick not found),2008.0,4.0,fractional first-down count
Seneca Wallace,CLE,31,06/08/1980,23/04/2005,6,3,37.5,18.75,55,107,51.4,567,2,1.9,2,1.9,2.9,76,5.3,4.8,10.3,94.5,65.4,6,30,5.3,4.75,4.31,2011,16,,,,,,fractional first-down count
A.J. Feeley,STL,34,16/05/1977,21/04/2001,5,3,31.25,18.75,53,97,54.6,548,1,1.0,2,2.1,2.7,34,5.6,4.9,10.3,109.6,66.0,10,72,9.3,4.45,3.79,2011,16,,,,,,fractional first-down count
Jake Locker,TEN,23,15/06/1988,28/04/2011,5,0,31.25,0.0,34,66,51.5,542,4,6.1,0,0.0,2.2,54,8.2,9.4,15.9,108.4,99.4,5,37,7.0,7.11,8.24,2011,16,12586002.0,3146501.0,OverTheCap – Quarterback Contract History,2011.0,4.0,fractional first-down count
Matt Flynn,GNB,26,20/06/1985,26/04/2008,5,1,31.25,6.25,33,49,67.3,518,6,12.2,2,4.1,2.2,80,10.6,11.2,15.7,103.6,124.8,5,18,9.3,9.26,9.81,2011,16,1769175.0,442294.0,OverTheCap – Quarterback Contract History,2008.0,4.0,fractional first-down count
Kerry Collins,IND,39,30/12/1972,22/04/1995,3,3,18.75,18.75,48,98,49.0,481,2,2.0,1,1.0,2.9,36,4.9,4.9,10.0,160.3,65.9,5,40,4.9,4.28,4.23,2011,16,,,,,,fractional first-down count
Josh McCown,CHI,32,04/07/1979,20/04/2002,3,2,18.75,12.5,35,55,63.6,414,2,3.6,4,7.3,1.8,49,7.5,5.0,11.8,138.0,68.3,7,43,11.3,5.98,3.73,2011,16,810000.0,810000.0,OverTheCap – Quarterback Contract History,2011.0,1.0,fractional first-down count
Joe Webb,MIN,25,14/11/1986,22/04/2010,11,1,68.75,6.25,34,63,54.0,376,3,4.8,2,3.2,1.7,36,6.0,5.5,11.1,34.2,74.6,3,21,4.5,5.38,4.92,2011,16,2032515.0,508129.0,OverTheCap – Quarterback Contract History,2010.0,4.0,fractional first-down count
Charlie Whitehurst,SEA,29,06/08/1982,29/04/2006,3,2,18.75,12.5,27,56,48.2,298,1,1.8,1,1.8,1.4,38,5.3,4.9,11.0,99.3,62.9,8,46,12.5,3.94,3.55,2011,16,,,,,,fractional first-down count
Luke McCown,JAX,30,12/07/1981,24/04/2004,4,2,25.0,12.5,30,56,53.6,296,0,0.0,4,7.1,1.3,26,5.3,2.1,9.9,74.0,39.0,4,38,6.7,4.3,1.3,2011,16,1800000.0,1800000.0,OverTheCap – Quarterback Contract History,2011.0,1.0,fractional first-down count
Josh Johnson,TAM,25,15/05/1986,26/04/2008,9,1,56.25,6.25,19,36,52.8,246,1,2.8,2,5.6,1.2,42,6.8,4.9,12.9,27.3,60.6,3,24,7.7,5.69,3.9,2011,16,1877500.0,469375.0,OverTheCap – Quarterback Contract History,2008.0,4.0,fractional first-down count
Jake Delhomme,HOU,36,10/01/1975,17/04/1999,1,0,6.25,0.0,18,28,64.3,211,1,3.6,0,0.0,0.9,40,7.5,8.3,11.7,211.0,99.0,2,18,6.7,6.43,7.1,2011,16,,,,,,fractional first-down count
Charlie Batch,PIT,37,05/12/1974,18/04/1998,4,1,25.0,6.25,15,24,62.5,208,0,0.0,1,4.2,0.9,46,8.7,6.8,13.9,52.0,72.9,2,10,7.7,7.62,5.88,2011,16,,,,,,fractional first-down count
Chris Redman,ATL,34,07/07/1977,15/04/2000,5,0,31.25,0.0,18,28,64.3,188,0,0.0,1,3.6,0.9,22,6.7,5.1,10.4,37.6,68.7,0,0,0.0,6.71,5.11,2011,16,,,,,,fractional first-down count
Stephen McGee,DAL,26,27/09/1985,25/04/2009,1,0,6.25,0.0,24,38,63.2,182,1,2.6,0,0.0,1.1,19,4.8,5.3,7.6,182.0,83.4,3,25,7.3,3.83,4.32,2011,16,,,,,,fractional first-down count
Kyle Boller,OAK,30,17/06/1981,26/04/2003,2,1,12.5,6.25,15,28,53.6,161,0,0.0,3,10.7,0.7,27,5.8,0.9,10.7,80.5,31.1,3,19,9.7,4.58,0.23,2011,16,,,,,,fractional first-down count
Bruce Gradkowski,CIN,28,27/01/1983,29/04/2006,2,0,12.5,0.0,8,18,44.4,109,1,5.6,1,5.6,0.4,41,6.1,4.7,13.6,54.5,59.7,1,7,5.3,5.37,4.05,2011,16,,,,,,fractional first-down count
Mike Kafka,PHI,24,25/07/1987,28/04/2011,4,0,25.0,0.0,11,16,68.8,107,0,0.0,2,12.5,0.3,43,6.7,1.1,9.7,26.8,47.7,1,6,5.9,5.94,0.65,2011,16,,,,,,fractional first-down count
Jon Kitna,DAL,39,01/11/1977,19/04/1997,3,0,18.75,0.0,6,10,60.0,87,1,10.0,2,20.0,0.4,33,8.7,1.7,14.5,29.0,82.1,0,0,0.0,8.7,1.7,2011,16,,,,,,fractional first-down count
Richard Bartel,ARI,28,03/02/1983,22/04/2010,2,0,12.5,0.0,10,22,45.5,86,1,4.5,1,4.5,0.5,23,3.9,2.8,8.6,43.0,52.5,1,6,4.3,3.48,2.39,2011,16,28177087.3125,7044271.828125,Spotrac 2026 Rookie Scale – 1st-round average fallback (pick not found),2010.0,4.0,fractional first-down count
J.P. Losman,MIA,30,12/03/1981,24/04/2004,2,0,12.5,0.0,6,10,60.0,60,0,0.0,0,0.0,0.3,25,6.0,6.0,10.0,30.0,77.1,5,38,33.3,1.47,1.47,2011,16,,,,,,fractional first-down count
Matt Leinart,HOU,28,11/05/1983,29/04/2006,2,1,12.5,6.25,10,13,76.9,57,1,7.7,0,0.0,0.1,20,4.4,5.9,5.7,28.5,110.1,0,0,0.0,4.38,5.92,2011,16,5500000.0,2750000.0,OverTheCap – Quarterback Contract History,2011.0,2.0,fractional first-down count
Sidney Rice,SEA,25,01/09/1986,28/04/2007,9,9,56.25,56.25,1,1,100.0,55,0,0.0,0,0.0,0.1,55,55.0,55.0,55.0,6.1,118.7,0,0,0.0,55.0,55.0,2011,16,,,,,,fractional first-down count
Brandon Banks,WAS,24,13/07/1994,22/04/2010,16,0,100.0,0.0,1,1,100.0,49,1,100.0,0,0.0,0.1,49,49.0,69.0,49.0,3.1,158.3,0,0,0.0,49.0,69.0,2011,16,28177087.3125,7044271.828125,Spotrac 2026 Rookie Scale – 1st-round average fallback (pick not found),2010.0,4.0,fractional first-down count
Jeremy Kerley,NYJ,23,30/11/1988,28/04/2011,14,1,87.5,6.25,1,1,100.0,41,0,0.0,0,0.0,0.1,41,41.0,41.0,41.0,2.9,118.7,0,0,0.0,41.0,41.0,2011,16,,,,,,fractional first-down count
Colin Kaepernick,SFO,24,03/11/1987,28/04/2011,3,0,18.75,0.0,3,5,60.0,35,0,0.0,0,0.0,0.2,19,7.0,7.0,11.7,11.7,81.2,0,0,0.0,7.0,7.0,2011,16,5124296.0,1281074.0,OverTheCap – Quarterback Contract History,2011.0,4.0,fractional first-down count
Shane Lechler,OAK,35,07/08/1976,15/04/2000,16,0,100.0,0.0,1,3,33.3,35,1,33.3,0,0.0,0.1,35,11.7,18.3,35.0,2.2,118.1,0,0,0.0,11.67,18.33,2011,16,,,,,,fractional first-down count
Shaun Hill,DET,31,09/01/1980,23/04/2005,2,0,12.5,0.0,2,3,66.7,33,0,0.0,0,0.0,0.1,28,11.0,11.0,16.5,16.5,103.5,0,0,0.0,11.0,11.0,2011,16,10760000.0,3586667.0,OverTheCap – Quarterback Contract History,2010.0,3.0,fractional first-down count
Daniel Sepulveda,PIT,27,12/01/1984,28/04/2007,8,0,50.0,0.0,1,1,100.0,33,0,0.0,0,0.0,0.1,33,33.0,33.0,33.0,4.1,118.7,0,0,0.0,33.0,33.0,2011,16,,,,,,fractional first-down count
Chase Daniel,NOR,25,07/10/1986,25/04/2009,16,0,100.0,0.0,4,5,80.0,29,0,0.0,0,0.0,0.2,14,5.8,5.8,7.3,1.8,90.8,0,0,0.0,5.8,5.8,2011,16,1186500.0,395500.0,OverTheCap – Quarterback Contract History,2009.0,3.0,fractional first-down count
Mark Brunell,NYJ,41,19/03/1971,24/04/1994,16,0,100.0,0.0,1,3,33.3,27,0,0.0,0,0.0,0.1,27,9.0,9.0,27.0,1.7,67.4,0,0,0.0,9.0,9.0,2011,16,960000.0,960000.0,OverTheCap – Quarterback Contract History,2011.0,1.0,fractional first-down count
Legedu Naanee,CAR,28,16/09/1983,28/04/2007,15,10,93.75,62.5,1,1,100.0,27,0,0.0,0,0.0,0.1,27,27.0,27.0,27.0,1.8,118.7,0,0,0.0,27.0,27.0,2011,16,,,,,,fractional first-down count
Tyler Thigpen,BUF,27,14/04/1984,28/04/2007,3,0,18.75,0.0,3,8,37.5,25,0,0.0,1,12.5,0.2,13,3.1,-2.5,8.3,8.3,6.8,0,0,0.0,3.13,-2.5,2011,16,,,,,,fractional first-down count
Brian Hoyer,NWE,26,31/10/1985,25/04/2009,3,0,18.75,0.0,1,1,100.0,22,0,0.0,0,0.0,0.1,22,22.0,22.0,22.0,7.3,118.7,0,0,0.0,22.0,22.0,2011,16,1197500.0,399167.0,OverTheCap – Quarterback Contract History,2009.0,3.0,fractional first-down count
Emmanuel Sanders,PIT,24,17/03/1987,22/04/2010,11,0,68.75,0.0,1,1,100.0,15,0,0.0,0,0.0,0.1,15,15.0,15.0,15.0,1.4,118.7,0,0,0.0,15.0,15.0,2011,16,,,,,,fractional first-down count
David Akers,SFO,37,09/12/1974,18/04/1998,16,0,100.0,0.0,1,1,100.0,14,1,100.0,0,0.0,0.1,14,14.0,34.0,14.0,0.9,158.3,0,0,0.0,14.0,34.0,2011,16,,,,,,fractional first-down count
Armanti Edwards,CAR,23,08/03/1988,22/04/2010,16,0,100.0,0.0,1,1,100.0,11,0,0.0,0,0.0,0.1,11,11.0,11.0,11.0,0.7,112.5,0,0,0.0,11.0,11.0,2011,16,,,,,,fractional first-down count
Ray Rice,BAL,24,22/01/1987,26/04/2008,16,16,100.0,100.0,1,1,100.0,1,1,100.0,0,0.0,0.1,1,1.0,21.0,1.0,0.1,118.7,0,0,0.0,1.0,21.0,2011,16,,,,,,fractional first-down count
Drew Brees,NOR,33,15/01/1979,21/04/2001,16,16,100.0,100.0,422,670,63.0,5177,43,6.4,19,2.8,26.6,80,7.7,7.7,12.3,323.6,96.3,26,190,3.7,7.17,7.17,2012,16,100000000.0,20000000.0,OverTheCap – Quarterback Contract History,2012.0,5.0,fractional first-down count
Matthew Stafford,DET,24,07/02/1988,25/04/2009,16,16,100.0,100.0,435,727,59.8,4967,20,2.8,17,2.3,26.7,57,6.8,6.3,11.4,310.4,79.8,29,212,3.8,6.29,5.81,2012,16,57271500.0,14317875.0,Spotrac 2026 Rookie Scale – exact 1st-round draft slot,2009.0,4.0,fractional first-down count
Tony Romo,DAL,32,21/04/1980,24/04/2004,16,16,100.0,100.0,425,648,65.6,4903,28,4.3,19,2.9,23.2,85,7.6,7.1,11.5,306.4,90.5,36,263,5.3,6.78,6.35,2012,16,67500000.0,11250000.0,OverTheCap – Quarterback Contract History,2007.0,6.0,fractional first-down count
Tom Brady,NWE,35,03/08/1977,15/04/2000,16,16,100.0,100.0,401,637,63.0,4827,34,5.3,8,1.3,25.6,83,7.6,8.1,12.0,301.7,98.7,27,182,4.1,7.0,7.48,2012,16,72000000.0,18000000.0,OverTheCap – Quarterback Contract History,2010.0,4.0,fractional first-down count
Matt Ryan,ATL,27,17/05/1985,26/04/2008,16,16,100.0,100.0,422,615,68.6,4719,32,5.2,14,2.3,24.8,80,7.7,7.7,11.2,294.9,99.1,28,210,4.4,7.01,7.03,2012,16,67500000.0,11250000.0,OverTheCap – Quarterback Contract History,2008.0,6.0,fractional first-down count
Peyton Manning,DEN,36,24/03/1976,18/04/1998,16,16,100.0,100.0,400,583,68.6,4659,37,6.3,11,1.9,23.1,71,8.0,8.4,11.6,291.2,105.8,21,137,3.5,7.49,7.89,2012,16,96000000.0,19200000.0,OverTheCap – Quarterback Contract History,2012.0,5.0,fractional first-down count
Andrew Luck,IND,23,12/09/1989,26/04/2012,16,16,100.0,100.0,339,627,54.1,4374,23,3.7,18,2.9,20.8,70,7.0,6.4,12.9,273.4,76.5,41,246,6.1,6.18,5.66,2012,16,22107998.0,5527000.0,OverTheCap – Quarterback Contract History,2012.0,4.0,fractional first-down count
Aaron Rodgers,GNB,29,02/12/1983,23/04/2005,16,16,100.0,100.0,371,552,67.2,4295,39,7.1,8,1.4,21.5,73,7.8,8.5,11.6,268.4,108.0,51,293,8.5,6.64,7.33,2012,16,63520000.0,12704000.0,OverTheCap – Quarterback Contract History,2008.0,5.0,fractional first-down count
Josh Freeman,TAM,24,13/01/1988,25/04/2009,16,16,100.0,100.0,306,558,54.8,4065,27,4.8,17,3.0,18.6,95,7.3,6.9,13.3,254.1,81.6,26,161,4.5,6.68,6.3,2012,16,13500000.0,2700000.0,OverTheCap – Quarterback Contract History,2009.0,5.0,fractional first-down count
Carson Palmer,OAK,33,27/12/1979,24/04/2004,15,15,93.75,93.75,345,565,61.1,4018,22,3.9,14,2.5,18.8,64,7.1,6.8,11.6,267.9,85.3,26,199,4.4,6.46,6.14,2012,16,43000000.0,10750000.0,OverTheCap – Quarterback Contract History,2011.0,4.0,fractional first-down count
Matt Schaub,HOU,31,25/06/1981,24/04/2004,16,16,100.0,100.0,350,544,64.3,4008,22,4.0,12,2.2,20.3,60,7.4,7.2,11.5,250.5,90.7,27,216,4.7,6.64,6.47,2012,16,62000000.0,15500000.0,OverTheCap – Quarterback Contract History,2012.0,4.0,fractional first-down count
Eli Manning,NYG,31,03/01/1981,24/04/2004,16,16,100.0,100.0,321,536,59.9,3948,26,4.9,15,2.8,18.7,80,7.4,7.1,12.3,246.8,87.2,19,136,3.4,6.87,6.59,2012,16,97500000.0,16250000.0,OverTheCap – Quarterback Contract History,2009.0,6.0,fractional first-down count
Cam Newton,CAR,23,11/05/1989,28/04/2011,16,16,100.0,100.0,280,485,57.7,3869,19,3.9,12,2.5,17.1,82,8.0,7.6,13.8,241.8,86.2,36,244,6.9,6.96,6.65,2012,16,22025498.0,5506375.0,OverTheCap – Quarterback Contract History,2011.0,4.0,fractional first-down count
Joe Flacco,BAL,27,16/01/1985,26/04/2008,16,16,100.0,100.0,317,531,59.7,3817,22,4.1,10,1.9,17.8,61,7.2,7.2,12.0,238.6,87.7,35,227,6.2,6.34,6.33,2012,16,23800000.0,4760000.0,OverTheCap – Quarterback Contract History,2008.0,5.0,fractional first-down count
Sam Bradford,STL,25,08/11/1987,22/04/2010,16,16,100.0,100.0,328,551,59.5,3702,21,3.8,13,2.4,18.5,80,6.7,6.4,11.3,231.4,82.6,35,233,6.0,5.92,5.64,2012,16,78000000.0,13000000.0,OverTheCap – Quarterback Contract History,2010.0,5.0,fractional first-down count
Andy Dalton,CIN,25,29/10/1987,28/04/2011,16,16,100.0,100.0,329,528,62.3,3669,27,5.1,16,3.0,17.2,59,6.9,6.6,11.2,229.3,87.4,46,229,8.0,5.99,5.68,2012,16,5214198.0,1303550.0,OverTheCap – Quarterback Contract History,2011.0,4.0,fractional first-down count
Philip Rivers,SDG,31,08/12/1981,24/04/2004,16,16,100.0,100.0,338,527,64.1,3606,26,4.9,15,2.8,18.4,80,6.8,6.5,10.7,225.4,88.6,49,311,8.5,5.72,5.45,2012,16,91800000.0,15300000.0,OverTheCap – Quarterback Contract History,2009.0,6.0,fractional first-down count
Ryan Fitzpatrick,BUF,30,24/11/1982,23/04/2005,16,16,100.0,100.0,306,505,60.6,3400,24,4.8,16,3.2,17.5,68,6.7,6.3,11.1,212.5,83.3,30,161,5.6,6.05,5.61,2012,16,59000000.0,9833333.0,OverTheCap – Quarterback Contract History,2011.0,6.0,fractional first-down count
Brandon Weeden,CLE,29,14/10/1983,26/04/2012,15,15,93.75,93.75,297,517,57.4,3385,14,2.7,17,3.3,16.9,71,6.5,5.6,11.4,225.7,72.6,28,186,5.1,5.87,4.98,2012,16,8083596.0,2020899.0,OverTheCap – Quarterback Contract History,2012.0,4.0,fractional first-down count
Ryan Tannehill,MIA,24,27/07/1988,26/04/2012,16,16,100.0,100.0,282,484,58.3,3294,12,2.5,13,2.7,15.1,80,6.8,6.1,11.7,205.9,76.1,35,234,6.7,5.9,5.23,2012,16,12668512.0,3167128.0,OverTheCap – Quarterback Contract History,2012.0,4.0,fractional first-down count
Ben Roethlisberger,PIT,30,02/03/1982,24/04/2004,13,13,81.25,81.25,284,449,63.3,3265,26,5.8,8,1.8,16.7,82,7.3,7.6,11.5,251.2,97.0,30,182,6.3,6.44,6.77,2012,16,87986500.0,14664417.0,OverTheCap – Quarterback Contract History,2008.0,6.0,fractional first-down count
Robert Griffin III,WAS,22,12/02/1990,26/04/2012,15,15,93.75,93.75,258,393,65.6,3200,20,5.1,5,1.3,15.1,88,8.1,8.6,12.4,213.3,102.4,30,217,7.1,7.05,7.47,2012,16,21119098.0,5279775.0,OverTheCap – Quarterback Contract History,2012.0,5.0,fractional first-down count
Russell Wilson,SEA,24,29/11/1988,26/04/2012,16,16,100.0,100.0,252,393,64.1,3118,26,6.6,10,2.5,15.3,67,7.9,8.1,12.4,194.9,100.0,33,203,7.7,6.84,7.01,2012,16,2996774.0,749194.0,OverTheCap – Quarterback Contract History,2012.0,4.0,fractional first-down count
Jay Cutler,CHI,29,29/04/1983,29/04/2006,15,15,93.75,93.75,255,434,58.8,3033,19,4.4,14,3.2,15.2,60,7.0,6.4,11.9,202.2,81.3,38,250,8.1,5.9,5.37,2012,16,,,,,,fractional first-down count
Christian Ponder,MIN,24,25/02/1988,28/04/2011,16,16,100.0,100.0,300,483,62.1,2935,18,3.7,12,2.5,16.6,65,6.1,5.7,9.8,183.4,81.2,32,184,6.2,5.34,4.99,2012,16,10158698.0,2539675.0,OverTheCap – Quarterback Contract History,2011.0,4.0,fractional first-down count
Mark Sanchez,NYJ,26,11/11/1986,25/04/2009,15,15,93.75,93.75,246,453,54.3,2883,13,2.9,18,4.0,14.6,66,6.4,5.2,11.7,192.2,66.9,34,209,7.0,5.49,4.36,2012,16,40475000.0,13491667.0,OverTheCap – Quarterback Contract History,2012.0,3.0,fractional first-down count
Michael Vick,PHI,32,16/02/1982,21/04/2001,10,10,62.5,62.5,204,351,58.1,2362,12,3.4,10,2.8,11.5,77,6.7,6.1,11.6,236.2,78.1,28,153,7.4,5.83,5.27,2012,16,80000000.0,16000000.0,OverTheCap – Quarterback Contract History,2011.0,5.0,fractional first-down count
Jake Locker,TEN,24,15/06/1988,28/04/2011,11,11,68.75,68.75,177,314,56.4,2176,10,3.2,11,3.5,9.4,71,6.9,6.0,12.3,197.8,74.0,25,151,7.4,5.97,5.1,2012,16,12586002.0,3146501.0,OverTheCap – Quarterback Contract History,2011.0,4.0,fractional first-down count
Chad Henne,JAX,27,02/07/1985,26/04/2008,10,6,62.5,37.5,166,308,53.9,2084,11,3.6,11,3.6,8.6,81,6.8,5.9,12.6,208.4,72.2,28,169,8.3,5.7,4.88,2012,16,6750000.0,3375000.0,OverTheCap – Quarterback Contract History,2012.0,2.0,fractional first-down count
Colin Kaepernick,SFO,25,03/11/1987,28/04/2011,13,7,81.25,43.75,136,218,62.4,1814,10,4.6,3,1.4,8.6,57,8.3,8.6,13.3,139.5,98.3,16,112,6.8,7.27,7.55,2012,16,5124296.0,1281074.0,OverTheCap – Quarterback Contract History,2011.0,4.0,fractional first-down count
Matt Cassel,KAN,30,17/05/1982,23/04/2005,9,8,56.25,50.0,161,277,58.1,1796,6,2.2,12,4.3,9.7,46,6.5,5.0,11.2,199.6,66.7,19,101,6.4,5.73,4.31,2012,16,63000000.0,10500000.0,OverTheCap – Quarterback Contract History,2009.0,6.0,fractional first-down count
Alex Smith,SFO,28,07/05/1984,23/04/2005,10,9,62.5,56.25,153,218,70.2,1737,13,6.0,5,2.3,8.7,55,8.0,8.1,11.4,173.7,104.1,24,137,9.9,6.61,6.76,2012,16,24000000.0,8000000.0,OverTheCap – Quarterback Contract History,2012.0,3.0,fractional first-down count
Nick Foles,PHI,23,20/01/1989,26/04/2012,7,6,43.75,37.5,161,265,60.8,1699,6,2.3,5,1.9,7.8,46,6.4,6.0,10.6,242.7,79.1,20,131,7.0,5.5,5.13,2012,16,2768520.0,692130.0,OverTheCap – Quarterback Contract History,2012.0,4.0,fractional first-down count
Blaine Gabbert,JAX,23,15/10/1989,28/04/2011,10,10,62.5,62.5,162,278,58.3,1662,9,3.2,6,2.2,7.2,80,6.0,5.7,10.3,166.2,77.4,22,158,7.3,5.01,4.71,2012,16,12001646.0,3000412.0,OverTheCap – Quarterback Contract History,2011.0,4.0,fractional first-down count
Matt Hasselbeck,TEN,37,25/09/1975,17/04/1999,8,5,50.0,31.25,138,221,62.4,1367,7,3.2,5,2.3,7.1,37,6.2,5.8,9.9,170.9,81.0,14,103,6.0,5.38,5.02,2012,16,20000000.0,6666667.0,OverTheCap – Quarterback Contract History,2011.0,3.0,fractional first-down count
Kevin Kolb,ARI,28,24/08/1984,28/04/2007,6,5,37.5,31.25,109,183,59.6,1169,8,4.4,3,1.6,6.3,46,6.4,6.5,10.7,194.8,86.1,27,159,12.9,4.81,4.93,2012,16,62108000.0,12421600.0,OverTheCap – Quarterback Contract History,2011.0,5.0,fractional first-down count
Brady Quinn,KAN,28,27/10/1984,28/04/2007,10,8,62.5,50.0,112,197,56.9,1141,2,1.0,8,4.1,4.9,57,5.8,4.2,10.2,114.1,60.1,21,123,9.6,4.67,3.2,2012,16,,,,,,fractional first-down count
John Skelton,ARI,24,17/03/1988,22/04/2010,7,6,43.75,37.5,109,201,54.2,1132,2,1.0,9,4.5,5.5,40,5.6,3.8,10.4,161.7,55.4,15,98,6.9,4.79,3.1,2012,16,,,,,,fractional first-down count
Ryan Lindley,ARI,23,22/06/1989,26/04/2012,6,4,37.5,25.0,89,171,52.0,752,0,0.0,7,4.1,3.9,28,4.4,2.6,8.4,125.3,46.7,12,91,6.6,3.61,1.89,2012,16,2205308.0,551327.0,OverTheCap – Quarterback Contract History,2012.0,4.0,fractional first-down count
Charlie Batch,PIT,38,05/12/1974,18/04/1998,2,2,12.5,12.5,45,70,64.3,475,1,1.4,4,5.7,2.2,43,6.8,4.5,10.6,237.5,64.9,3,12,4.1,6.34,4.15,2012,16,,,,,,fractional first-down count
Brian Hoyer,ARI,27,31/10/1985,25/04/2009,2,1,12.5,6.25,30,53,56.6,330,1,1.9,2,3.8,1.2,53,6.2,4.9,11.0,165.0,65.8,4,30,7.0,5.26,4.04,2012,16,1927000.0,1927000.0,OverTheCap – Quarterback Contract History,2012.0,1.0,fractional first-down count
Byron Leftwich,PIT,32,14/01/1980,26/04/2003,2,1,12.5,6.25,25,53,47.2,272,0,0.0,1,1.9,1.3,37,5.1,4.3,10.9,136.0,54.9,3,24,5.4,4.43,3.63,2012,16,,,,,,fractional first-down count
Greg McElroy,NYJ,24,10/05/1988,28/04/2011,2,1,12.5,6.25,19,31,61.3,214,1,3.2,1,3.2,1.3,30,6.9,6.1,11.3,107.0,79.2,11,71,26.2,3.4,2.81,2012,16,2105152.0,526288.0,OverTheCap – Quarterback Contract History,2011.0,4.0,fractional first-down count
Thaddeus Lewis,CLE,27,19/11/1987,28/04/2011,1,1,6.25,6.25,22,32,68.8,204,1,3.1,1,3.1,1.2,23,6.4,5.6,9.3,204.0,83.3,3,14,8.6,5.43,4.71,2012,16,28177087.3125,7044271.828125,Spotrac 2026 Rookie Scale – 1st-round average fallback (pick not found),2011.0,4.0,fractional first-down count
Tyrod Taylor,BAL,23,03/08/1989,28/04/2011,7,0,43.75,0.0,17,29,58.6,179,0,0.0,1,3.4,0.8,25,6.2,4.6,10.5,25.6,62.3,3,30,9.4,4.66,3.25,2012,16,2145308.0,536327.0,OverTheCap – Quarterback Contract History,2011.0,4.0,fractional first-down count
Shaun Hill,DET,32,09/01/1980,23/04/2005,1,0,6.25,0.0,10,13,76.9,172,2,15.4,0,0.0,0.8,46,13.2,16.3,17.2,172.0,157.9,0,0,0.0,13.23,16.31,2012,16,5500000.0,2750000.0,OverTheCap – Quarterback Contract History,2012.0,2.0,fractional first-down count
Terrelle Pryor,OAK,23,20/06/1989,28/04/2011,3,1,18.75,6.25,14,30,46.7,155,2,6.7,1,3.3,0.9,38,5.2,5.0,11.1,51.7,70.8,0,0,0.0,5.17,5.0,2012,16,28177087.3125,7044271.828125,Spotrac 2026 Rookie Scale – 1st-round average fallback (pick not found),2011.0,4.0,fractional first-down count
Matt Moore,MIA,28,09/08/1984,28/04/2007,2,0,12.5,0.0,11,19,57.9,131,1,5.3,0,0.0,0.7,37,6.9,7.9,11.9,65.5,96.6,2,9,9.5,5.81,6.76,2012,16,5025000.0,2512500.0,OverTheCap – Quarterback Contract History,2011.0,2.0,fractional first-down count
Matt Leinart,OAK,29,11/05/1983,29/04/2006,2,0,12.5,0.0,16,33,48.5,115,0,0.0,1,3.0,0.7,20,3.5,2.1,7.2,57.5,44.4,1,9,2.9,3.12,1.79,2012,16,750000.0,750000.0,OverTheCap – Quarterback Contract History,2012.0,1.0,fractional first-down count
Kyle Orton,DAL,30,14/11/1982,23/04/2005,1,0,6.25,0.0,9,10,90.0,89,1,10.0,0,0.0,0.6,21,8.9,10.9,9.9,89.0,137.1,0,0,0.0,8.9,10.9,2012,16,10500000.0,3500000.0,OverTheCap – Quarterback Contract History,2012.0,3.0,fractional first-down count
Colt McCoy,CLE,26,05/09/1986,22/04/2010,3,0,18.75,0.0,9,17,52.9,79,1,5.9,0,0.0,0.5,21,4.6,5.8,8.8,26.3,85.2,4,25,19.0,2.57,3.52,2012,16,2541000.0,635250.0,OverTheCap – Quarterback Contract History,2010.0,4.0,fractional first-down count
Mohamed Sanu,CIN,23,22/08/1989,26/04/2012,9,3,56.25,18.75,1,1,100.0,73,1,100.0,0,0.0,0.1,73,73.0,93.0,73.0,8.1,158.3,0,0,0.0,73.0,93.0,2012,16,,,,,,fractional first-down count
Matt Flynn,SEA,27,20/06/1985,26/04/2008,3,0,18.75,0.0,5,9,55.6,68,0,0.0,0,0.0,0.3,27,7.6,7.6,13.6,22.7,79.9,0,0,0.0,7.56,7.56,2012,16,19500000.0,6500000.0,OverTheCap – Quarterback Contract History,2012.0,3.0,fractional first-down count
Bruce Gradkowski,CIN,29,27/01/1983,29/04/2006,2,0,12.5,0.0,5,11,45.5,65,0,0.0,0,0.0,0.1,44,5.9,5.9,13.0,32.5,64.6,0,0,0.0,5.91,5.91,2012,16,,,,,,fractional first-down count
Derek Anderson,CAR,29,15/06/1983,29/04/2006,2,0,12.5,0.0,4,4,100.0,58,0,0.0,0,0.0,0.3,23,14.5,14.5,14.5,29.0,118.7,0,0,0.0,14.5,14.5,2012,16,890000.0,890000.0,OverTheCap – Quarterback Contract History,2012.0,1.0,fractional first-down count
Dan Orlovsky,TAM,29,18/08/1983,23/04/2005,1,0,6.25,0.0,4,7,57.1,51,0,0.0,0,0.0,0.2,24,7.3,7.3,12.8,51.0,80.1,0,0,0.0,7.29,7.29,2012,16,,,,,,fractional first-down count
Johnny Hekker,STL,22,08/02/1990,26/04/2012,16,0,100.0,0.0,3,3,100.0,42,1,33.3,0,0.0,0.3,21,14.0,20.7,14.0,2.6,158.3,0,0,0.0,14.0,20.67,2012,16,28177087.3125,7044271.828125,Spotrac 2026 Rookie Scale – 1st-round average fallback (pick not found),2012.0,4.0,fractional first-down count
Jeremy Kerley,NYJ,24,30/11/1988,28/04/2011,16,7,100.0,43.75,1,1,100.0,42,0,0.0,0,0.0,0.1,42,42.0,42.0,42.0,2.6,118.7,0,0,0.0,42.0,42.0,2012,16,,,,,,fractional first-down count
Kellen Clemens,STL,29,06/06/1983,29/04/2006,2,0,12.5,0.0,1,3,33.3,39,0,0.0,1,33.3,0.1,39,13.0,-2.0,39.0,19.5,42.4,0,0,0.0,13.0,-2.0,2012,16,,,,,,fractional first-down count
Tim Tebow,NYJ,25,14/08/1987,22/04/2010,12,2,75.0,12.5,6,8,75.0,39,0,0.0,0,0.0,0.2,23,4.9,4.9,6.5,3.3,84.9,2,7,20.0,3.2,3.2,2012,16,6054375.0,2018125.0,OverTheCap – Quarterback Contract History,2012.0,3.0,fractional first-down count
T.J. Yates,HOU,25,28/05/1987,28/04/2011,4,0,25.0,0.0,4,10,40.0,38,0,0.0,1,10.0,0.3,19,3.8,-0.7,9.5,9.5,11.7,1,0,9.1,3.45,-0.64,2012,16,2225000.0,556250.0,OverTheCap – Quarterback Contract History,2011.0,4.0,fractional first-down count
Rusty Smith,TEN,25,28/01/1987,22/04/2010,1,0,6.25,0.0,3,5,60.0,34,0,0.0,0,0.0,0.2,17,6.8,6.8,11.3,34.0,80.4,0,0,0.0,6.8,6.8,2012,16,,,,,,fractional first-down count
Tyler Thigpen,BUF,28,14/04/1984,28/04/2007,4,0,25.0,0.0,3,5,60.0,30,0,0.0,0,0.0,0.2,12,6.0,6.0,10.0,7.5,77.1,0,0,0.0,6.0,6.0,2012,16,,,,,,fractional first-down count
Mike Williams,TAM,25,18/05/1987,22/04/2010,16,16,100.0,100.0,1,1,100.0,28,0,0.0,0,0.0,0.1,28,28.0,28.0,28.0,1.8,118.7,0,0,0.0,28.0,28.0,2012,16,,,,,,fractional first-down count
Tim Masthay,GNB,25,16/03/1987,22/04/2010,16,0,100.0,0.0,1,2,50.0,27,1,50.0,0,0.0,0.1,27,13.5,23.5,27.0,1.7,135.4,0,0,0.0,13.5,23.5,2012,16,28177087.3125,7044271.828125,Spotrac 2026 Rookie Scale – 1st-round average fallback (pick not found),2010.0,4.0,fractional first-down count
Sidney Rice,SEA,26,01/09/1986,28/04/2007,16,16,100.0,100.0,1,2,50.0,25,0,0.0,0,0.0,0.1,25,12.5,12.5,25.0,1.6,95.8,0,0,0.0,12.5,12.5,2012,16,,,,,,fractional first-down count
Golden Tate,SEA,24,02/08/1988,22/04/2010,15,15,93.75,93.75,1,1,100.0,23,1,100.0,0,0.0,0.1,23,23.0,43.0,23.0,1.5,158.3,0,0,0.0,23.0,43.0,2012,16,,,,,,fractional first-down count
Graham Harrell,GNB,27,22/05/1985,28/04/2011,4,0,25.0,0.0,2,4,50.0,20,0,0.0,0,0.0,0.1,11,5.0,5.0,10.0,5.0,64.6,0,0,0.0,5.0,5.0,2012,16,28177087.3125,7044271.828125,Spotrac 2026 Rookie Scale – 1st-round average fallback (pick not found),2011.0,4.0,fractional first-down count
David Carr,NYG,33,21/07/1979,20/04/2002,2,0,12.5,0.0,2,3,66.7,19,0,0.0,0,0.0,0.1,15,6.3,6.3,9.5,9.5,84.0,1,6,25.0,3.25,3.25,2012,16,990000.0,990000.0,OverTheCap – Quarterback Contract History,2012.0,1.0,fractional first-down count
Ryan Mallett,NWE,24,05/06/1988,28/04/2011,4,0,25.0,0.0,1,4,25.0,17,0,0.0,1,25.0,0.1,17,4.3,-7.0,17.0,4.3,5.2,0,0,0.0,4.25,-7.0,2012,16,2947828.0,736957.0,OverTheCap – Quarterback Contract History,2011.0,4.0,fractional first-down count
Brock Osweiler,DEN,22,22/11/1990,26/04/2012,5,0,31.25,0.0,2,4,50.0,12,0,0.0,0,0.0,0.2,7,3.0,3.0,6.0,2.4,56.2,0,0,0.0,3.0,3.0,2012,16,3516678.0,879170.0,OverTheCap – Quarterback Contract History,2012.0,4.0,fractional first-down count
Chase Daniel,NOR,26,07/10/1986,25/04/2009,16,0,100.0,0.0,1,1,100.0,10,0,0.0,0,0.0,0.1,10,10.0,10.0,10.0,0.6,108.3,0,0,0.0,10.0,10.0,2012,16,1000000.0,1000000.0,OverTheCap – Quarterback Contract History,2012.0,1.0,fractional first-down count
Peyton Manning,DEN,37,24/03/1976,18/04/1998,16,16,100.0,100.0,450,659,68.3,5477,55,8.3,10,1.5,29.1,78,8.3,9.3,12.2,342.3,115.1,18,120,2.7,7.91,8.87,2013,16,96000000.0,19200000.0,OverTheCap – Quarterback Contract History,2012.0,5.0,fractional first-down count
Drew Brees,NOR,34,15/01/1979,21/04/2001,16,16,100.0,100.0,446,650,68.6,5162,39,6.0,12,1.8,24.6,76,7.9,8.3,11.6,322.6,104.7,37,244,5.4,7.16,7.51,2013,16,100000000.0,20000000.0,OverTheCap – Quarterback Contract History,2012.0,5.0,fractional first-down count
Matthew Stafford,DET,25,07/02/1988,25/04/2009,16,16,100.0,100.0,371,634,58.5,4650,29,4.6,19,3.0,22.3,87,7.3,6.9,12.5,290.6,84.2,23,168,3.5,6.82,6.4,2013,16,,,,,,fractional first-down count
Matt Ryan,ATL,28,17/05/1985,26/04/2008,16,16,100.0,100.0,439,651,67.4,4515,26,4.0,17,2.6,22.8,81,6.9,6.6,10.3,282.2,89.6,44,298,6.3,6.07,5.72,2013,16,103750000.0,20750000.0,OverTheCap – Quarterback Contract History,2013.0,5.0,fractional first-down count
Philip Rivers,SDG,32,08/12/1981,24/04/2004,16,16,100.0,100.0,378,544,69.5,4478,32,5.9,11,2.0,23.3,60,8.2,8.5,11.8,279.9,105.5,30,150,5.2,7.54,7.79,2013,16,91800000.0,15300000.0,OverTheCap – Quarterback Contract History,2009.0,6.0,fractional first-down count
Tom Brady,NWE,36,03/08/1977,15/04/2000,16,16,100.0,100.0,380,628,60.5,4343,25,4.0,11,1.8,22.6,81,6.9,6.9,11.4,271.4,87.3,40,256,6.0,6.12,6.13,2013,16,57000000.0,11400000.0,OverTheCap – Quarterback Contract History,2013.0,5.0,fractional first-down count
Andy Dalton,CIN,26,29/10/1987,28/04/2011,16,16,100.0,100.0,363,586,61.9,4293,33,5.6,20,3.4,20.6,82,7.3,6.9,11.8,268.3,88.8,29,182,4.7,6.68,6.29,2013,16,5214198.0,1303550.0,OverTheCap – Quarterback Contract History,2011.0,4.0,fractional first-down count
Carson Palmer,ARI,34,27/12/1979,24/04/2004,16,16,100.0,100.0,362,572,63.3,4274,24,4.2,22,3.8,20.5,91,7.5,6.6,11.8,267.1,83.9,41,289,6.7,6.5,5.67,2013,16,17000000.0,8500000.0,OverTheCap – Quarterback Contract History,2013.0,2.0,fractional first-down count
Ben Roethlisberger,PIT,31,02/03/1982,24/04/2004,16,16,100.0,100.0,375,584,64.2,4261,28,4.8,14,2.4,21.1,67,7.3,7.2,11.4,266.3,92.0,42,282,6.7,6.36,6.24,2013,16,87986500.0,14664417.0,OverTheCap – Quarterback Contract History,2008.0,6.0,fractional first-down count
Ryan Tannehill,MIA,25,27/07/1988,26/04/2012,16,16,100.0,100.0,355,588,60.4,3913,24,4.1,17,2.9,20.4,67,6.7,6.2,11.0,244.6,81.7,58,399,9.0,5.44,5.0,2013,16,12668512.0,3167128.0,OverTheCap – Quarterback Contract History,2012.0,4.0,fractional first-down count
Joe Flacco,BAL,28,16/01/1985,26/04/2008,16,16,100.0,100.0,362,614,59.0,3912,19,3.1,22,3.6,19.1,74,6.4,5.4,10.8,244.5,73.1,48,324,7.3,5.42,4.5,2013,16,120600000.0,20100000.0,OverTheCap – Quarterback Contract History,2013.0,6.0,fractional first-down count
Tony Romo,DAL,33,21/04/1980,24/04/2004,15,15,93.75,93.75,342,535,63.9,3828,31,5.8,10,1.9,19.8,82,7.2,7.5,11.2,255.2,96.7,35,272,6.1,6.24,6.54,2013,16,108000000.0,18000000.0,OverTheCap – Quarterback Contract History,2013.0,6.0,fractional first-down count
Andrew Luck,IND,24,12/09/1989,26/04/2012,16,16,100.0,100.0,343,570,60.2,3822,23,4.0,9,1.6,18.9,73,6.7,6.8,11.1,238.9,87.0,32,227,5.3,5.97,6.06,2013,16,22107998.0,5527000.0,OverTheCap – Quarterback Contract History,2012.0,4.0,fractional first-down count
Eli Manning,NYG,32,03/01/1981,24/04/2004,16,16,100.0,100.0,317,551,57.5,3818,18,3.3,27,4.9,17.4,70,6.9,5.4,12.0,238.6,69.4,39,281,6.6,5.99,4.55,2013,16,97500000.0,16250000.0,OverTheCap – Quarterback Contract History,2009.0,6.0,fractional first-down count
Cam Newton,CAR,24,11/05/1989,28/04/2011,16,16,100.0,100.0,292,473,61.7,3379,24,5.1,13,2.7,17.2,79,7.1,6.9,11.6,211.2,88.8,43,336,8.3,5.9,5.69,2013,16,22025498.0,5506375.0,OverTheCap – Quarterback Contract History,2011.0,4.0,fractional first-down count
Russell Wilson,SEA,25,29/11/1988,26/04/2012,16,16,100.0,100.0,257,407,63.1,3357,26,6.4,9,2.2,15.7,80,8.2,8.5,13.1,209.8,101.2,44,272,9.8,6.84,7.1,2013,16,2996774.0,749194.0,OverTheCap – Quarterback Contract History,2012.0,4.0,fractional first-down count
Alex Smith,KAN,29,07/05/1984,23/04/2005,15,15,93.75,93.75,308,508,60.6,3313,23,4.5,7,1.4,16.8,71,6.5,6.8,10.8,220.9,89.1,39,210,7.1,5.67,5.94,2013,16,24000000.0,8000000.0,OverTheCap – Quarterback Contract History,2012.0,3.0,fractional first-down count
Chad Henne,JAX,28,02/07/1985,26/04/2008,15,13,93.75,81.25,305,503,60.6,3241,13,2.6,14,2.8,15.2,62,6.4,5.7,10.6,216.1,76.5,38,243,7.0,5.54,4.86,2013,16,6750000.0,3375000.0,OverTheCap – Quarterback Contract History,2012.0,2.0,fractional first-down count
Robert Griffin III,WAS,23,12/02/1990,26/04/2012,13,13,81.25,81.25,274,456,60.1,3203,16,3.5,12,2.6,15.9,62,7.0,6.5,11.7,246.4,82.2,38,274,7.7,5.93,5.48,2013,16,21119098.0,5279775.0,OverTheCap – Quarterback Contract History,2012.0,5.0,fractional first-down count
Colin Kaepernick,SFO,26,03/11/1987,28/04/2011,16,16,100.0,100.0,243,416,58.4,3197,21,5.0,8,1.9,14.8,64,7.7,7.8,13.2,199.8,91.6,39,231,8.6,6.52,6.65,2013,16,5124296.0,1281074.0,OverTheCap – Quarterback Contract History,2011.0,4.0,fractional first-down count
Geno Smith,NYJ,23,10/10/1990,25/04/2013,16,16,100.0,100.0,247,443,55.8,3046,12,2.7,21,4.7,14.8,69,6.9,5.3,12.3,190.4,66.5,43,315,8.8,5.62,4.17,2013,16,5019603.0,1254901.0,OverTheCap – Quarterback Contract History,2013.0,4.0,fractional first-down count
Jay Cutler,CHI,30,29/04/1983,29/04/2006,11,11,68.75,68.75,224,355,63.1,2621,19,5.4,12,3.4,12.5,67,7.4,6.9,11.7,238.3,89.2,19,132,5.1,6.66,6.23,2013,16,,,,,,fractional first-down count
Mike Glennon,TAM,24,12/12/1989,25/04/2013,13,13,81.25,81.25,247,416,59.4,2608,19,4.6,9,2.2,12.8,85,6.3,6.2,10.6,200.6,83.9,40,314,8.8,5.03,4.98,2013,16,3104063.0,776016.0,OverTheCap – Quarterback Contract History,2013.0,4.0,fractional first-down count
Aaron Rodgers,GNB,30,02/12/1983,23/04/2005,9,9,56.25,56.25,193,290,66.6,2536,17,5.9,6,2.1,10.8,83,8.7,9.0,13.1,281.8,104.9,21,117,6.8,7.78,8.0,2013,16,110000000.0,22000000.0,OverTheCap – Quarterback Contract History,2013.0,5.0,fractional first-down count
Ryan Fitzpatrick,TEN,31,24/11/1982,23/04/2005,11,9,68.75,56.25,217,350,62.0,2454,14,4.0,12,3.4,11.9,77,7.0,6.3,11.3,223.1,82.0,21,109,5.7,6.32,5.62,2013,16,6500000.0,3250000.0,OverTheCap – Quarterback Contract History,2013.0,2.0,fractional first-down count
Matt Schaub,HOU,32,25/06/1981,24/04/2004,10,8,62.5,50.0,219,358,61.2,2310,10,2.8,14,3.9,11.6,46,6.5,5.3,10.5,231.0,73.0,21,162,5.5,5.67,4.53,2013,16,62000000.0,15500000.0,OverTheCap – Quarterback Contract History,2012.0,4.0,fractional first-down count
Jason Campbell,CLE,32,31/12/1981,29/04/2006,9,8,56.25,50.0,180,317,56.8,2015,11,3.5,8,2.5,8.6,80,6.4,5.9,11.2,223.9,76.9,16,104,4.8,5.74,5.32,2013,16,3750000.0,1875000.0,OverTheCap – Quarterback Contract History,2013.0,2.0,fractional first-down count
EJ Manuel,BUF,23,19/03/1990,25/04/2013,10,10,62.5,62.5,180,306,58.8,1972,11,3.6,9,2.9,8.9,45,6.4,5.8,11.0,197.2,77.7,28,159,8.4,5.43,4.87,2013,16,8885300.0,2221325.0,OverTheCap – Quarterback Contract History,2013.0,4.0,fractional first-down count
Josh McCown,CHI,34,04/07/1979,20/04/2002,8,5,50.0,31.25,149,224,66.5,1829,13,5.8,1,0.4,9.4,80,8.2,9.1,12.3,228.6,109.0,11,37,4.7,7.63,8.54,2013,16,865000.0,865000.0,OverTheCap – Quarterback Contract History,2013.0,1.0,fractional first-down count
Matt Cassel,MIN,31,17/05/1982,23/04/2005,9,6,56.25,37.5,153,254,60.2,1807,11,4.3,9,3.5,8.3,79,7.1,6.4,11.8,200.8,81.6,16,85,5.9,6.38,5.69,2013,16,3700000.0,3700000.0,OverTheCap – Quarterback Contract History,2013.0,1.0,fractional first-down count
Terrelle Pryor,OAK,24,20/06/1989,28/04/2011,11,9,68.75,56.25,156,272,57.4,1798,7,2.6,11,4.0,8.6,73,6.6,5.3,11.5,163.5,69.1,31,203,10.2,5.26,4.09,2013,16,28177087.3125,7044271.828125,Spotrac 2026 Rookie Scale – 1st-round average fallback (pick not found),2011.0,4.0,fractional first-down count
Case Keenum,HOU,25,17/02/1988,26/04/2012,8,8,50.0,50.0,137,253,54.2,1760,9,3.6,6,2.4,7.6,66,7.0,6.6,12.8,220.0,78.2,19,201,7.0,5.73,5.4,2013,16,900000.0,450000.0,OverTheCap – Quarterback Contract History,2013.0,2.0,fractional first-down count
Brandon Weeden,CLE,30,14/10/1983,26/04/2012,8,5,50.0,31.25,141,267,52.8,1731,9,3.4,9,3.4,8.1,95,6.5,5.6,12.3,216.4,70.3,27,180,9.2,5.28,4.51,2013,16,8083596.0,2020899.0,OverTheCap – Quarterback Contract History,2012.0,4.0,fractional first-down count
Sam Bradford,STL,26,08/11/1987,22/04/2010,7,7,43.75,43.75,159,262,60.7,1687,14,5.3,4,1.5,8.6,73,6.4,6.8,10.6,241.0,90.9,15,97,5.4,5.74,6.1,2013,16,78000000.0,13000000.0,OverTheCap – Quarterback Contract History,2010.0,5.0,fractional first-down count
Kellen Clemens,STL,30,06/06/1983,29/04/2006,10,9,62.5,56.25,142,242,58.7,1673,8,3.3,7,2.9,8.1,81,6.9,6.3,11.8,167.3,78.8,21,138,8.0,5.84,5.25,2013,16,,,,,,fractional first-down count
Christian Ponder,MIN,25,25/02/1988,28/04/2011,9,9,56.25,56.25,152,239,63.6,1648,7,2.9,9,3.8,8.3,47,6.9,5.8,10.8,183.1,77.9,27,119,10.2,5.75,4.75,2013,16,10158698.0,2539675.0,OverTheCap – Quarterback Contract History,2011.0,4.0,fractional first-down count
Jake Locker,TEN,25,15/06/1988,28/04/2011,7,7,43.75,43.75,111,183,60.7,1256,8,4.4,4,2.2,5.8,66,6.9,6.8,11.3,179.4,86.7,16,105,8.0,5.78,5.68,2013,16,12586002.0,3146501.0,OverTheCap – Quarterback Contract History,2011.0,4.0,fractional first-down count
Michael Vick,PHI,33,16/02/1982,21/04/2001,7,6,43.75,37.5,77,141,54.6,1215,5,3.5,3,2.1,5.2,70,8.6,8.4,15.8,173.6,86.5,15,99,9.6,7.15,6.93,2013,16,7500000.0,7500000.0,OverTheCap – Quarterback Contract History,2013.0,1.0,fractional first-down count
Thaddeus Lewis,BUF,28,19/11/1987,28/04/2011,6,5,37.5,31.25,93,157,59.2,1092,4,2.5,3,1.9,4.9,57,7.0,6.6,11.7,182.0,81.0,18,100,10.3,5.67,5.35,2013,16,28177087.3125,7044271.828125,Spotrac 2026 Rookie Scale – 1st-round average fallback (pick not found),2011.0,4.0,fractional first-down count
Kirk Cousins,WAS,25,19/08/1988,26/04/2012,5,3,31.25,18.75,81,155,52.3,854,4,2.6,7,4.5,4.2,62,5.5,4.0,10.5,170.8,58.4,5,32,3.1,5.14,3.67,2013,16,2572688.0,643172.0,OverTheCap – Quarterback Contract History,2012.0,4.0,fractional first-down count
Scott Tolzien,GNB,26,04/09/1987,28/04/2011,3,2,18.75,12.5,55,90,61.1,717,1,1.1,5,5.6,2.9,52,8.0,5.7,13.0,239.0,66.8,3,26,3.2,7.43,5.23,2013,16,1200000.0,600000.0,OverTheCap – Quarterback Contract History,2013.0,2.0,fractional first-down count
Brian Hoyer,CLE,28,31/10/1985,25/04/2009,3,3,18.75,18.75,57,96,59.4,615,5,5.2,3,3.1,3.3,47,6.4,6.0,10.8,205.0,82.6,6,48,5.9,5.56,5.22,2013,16,2023000.0,2023000.0,OverTheCap – Quarterback Contract History,2013.0,1.0,fractional first-down count
Blaine Gabbert,JAX,24,15/10/1989,28/04/2011,3,3,18.75,18.75,42,86,48.8,481,1,1.2,7,8.1,2.3,67,5.6,2.2,11.5,160.3,36.0,12,67,12.2,4.22,1.21,2013,16,12001646.0,3000412.0,OverTheCap – Quarterback Contract History,2011.0,4.0,fractional first-down count
Kyle Orton,DAL,31,14/11/1982,23/04/2005,3,1,18.75,6.25,33,51,64.7,398,2,3.9,2,3.9,1.9,39,7.8,6.8,12.1,132.7,85.3,0,0,0.0,7.8,6.82,2013,16,10500000.0,3500000.0,OverTheCap – Quarterback Contract History,2012.0,3.0,fractional first-down count
Jeff Tuel,BUF,22,12/02/1991,25/04/2013,2,1,12.5,6.25,26,59,44.1,309,1,1.7,3,5.1,1.5,59,5.2,3.3,11.9,154.5,45.1,2,11,3.3,4.89,3.0,2013,16,28177087.3125,7044271.828125,Spotrac 2026 Rookie Scale – 1st-round average fallback (pick not found),2013.0,4.0,fractional first-down count
Matt Barkley,PHI,23,08/09/1990,25/04/2013,3,0,18.75,0.0,30,49,61.2,300,0,0.0,4,8.2,1.7,26,6.1,2.4,10.0,100.0,44.6,3,24,5.8,5.31,1.85,2013,16,2739528.0,684882.0,OverTheCap – Quarterback Contract History,2013.0,4.0,fractional first-down count
Chase Daniel,KAN,27,07/10/1986,25/04/2009,5,1,31.25,6.25,25,38,65.8,248,1,2.6,1,2.6,1.4,48,6.5,5.9,9.9,49.6,81.9,2,11,5.0,5.93,5.3,2013,16,10000000.0,3333333.0,OverTheCap – Quarterback Contract History,2013.0,3.0,fractional first-down count
Matt Simms,NYJ,25,27/09/1988,25/04/2013,3,0,18.75,0.0,16,31,51.6,156,1,3.2,1,3.2,0.8,25,5.0,4.2,9.8,52.0,63.4,4,23,11.4,3.8,3.09,2013,16,28177087.3125,7044271.828125,Spotrac 2026 Rookie Scale – 1st-round average fallback (pick not found),2013.0,4.0,fractional first-down count
Tarvaris Jackson,SEA,30,21/04/1983,29/04/2006,3,0,18.75,0.0,10,13,76.9,151,1,7.7,0,0.0,0.7,35,11.6,13.2,15.1,50.3,140.2,0,0,0.0,11.62,13.15,2013,16,,,,,,fractional first-down count
Seneca Wallace,GNB,33,06/08/1980,23/04/2005,2,1,12.5,6.25,16,24,66.7,139,0,0.0,1,4.2,0.7,17,5.8,3.9,8.7,69.5,64.4,4,25,14.3,4.07,2.46,2013,16,,,,,,fractional first-down count
Matt Hasselbeck,IND,38,25/09/1975,17/04/1999,3,0,18.75,0.0,7,12,58.3,130,0,0.0,1,8.3,0.6,57,10.8,7.1,18.6,43.3,61.1,0,0,0.0,10.83,7.08,2013,16,7250000.0,3625000.0,OverTheCap – Quarterback Contract History,2013.0,2.0,fractional first-down count
T.J. Yates,HOU,26,28/05/1987,28/04/2011,3,0,18.75,0.0,15,22,68.2,113,0,0.0,2,9.1,0.7,20,5.1,1.0,7.5,37.7,42.4,2,7,8.3,4.42,0.67,2013,16,2225000.0,556250.0,OverTheCap – Quarterback Contract History,2011.0,4.0,fractional first-down count
Brock Osweiler,DEN,23,22/11/1990,26/04/2012,4,0,25.0,0.0,11,16,68.8,95,0,0.0,0,0.0,0.4,19,5.9,5.9,8.6,23.8,84.1,2,8,11.1,4.83,4.83,2013,16,3516678.0,879170.0,OverTheCap – Quarterback Contract History,2012.0,4.0,fractional first-down count
Curtis Painter,NYG,28,24/06/1985,25/04/2009,3,0,18.75,0.0,8,16,50.0,57,0,0.0,2,12.5,0.2,9,3.6,-2.1,7.1,19.0,19.0,1,6,5.9,3.0,-2.29,2013,16,,,,,,fractional first-down count
Matt Moore,MIA,29,09/08/1984,28/04/2007,1,0,6.25,0.0,2,6,33.3,53,0,0.0,2,33.3,0.1,50,8.8,-6.2,26.5,53.0,27.1,0,0,0.0,8.83,-6.17,2013,16,8000000.0,4000000.0,OverTheCap – Quarterback Contract History,2013.0,2.0,fractional first-down count
Josh Cribbs,NYJ,30,09/06/1983,23/04/2005,6,0,37.5,0.0,2,3,66.7,38,0,0.0,0,0.0,0.2,25,12.7,12.7,19.0,6.3,109.7,0,0,0.0,12.67,12.67,2013,16,,,,,,fractional first-down count
Dominique Davis,ATL,24,17/07/1989,26/04/2012,1,0,6.25,0.0,5,7,71.4,34,0,0.0,0,0.0,0.2,14,4.9,4.9,6.8,34.0,81.8,0,0,0.0,4.86,4.86,2013,16,28177087.3125,7044271.828125,Spotrac 2026 Rookie Scale – 1st-round average fallback (pick not found),2012.0,4.0,fractional first-down count
Mat McBriar,PIT,34,08/07/1979,24/04/2004,9,0,56.25,0.0,1,1,100.0,30,0,0.0,0,0.0,0.1,30,30.0,30.0,30.0,3.3,118.7,0,0,0.0,30.0,30.0,2013,16,,,,,,fractional first-down count
Bilal Powell,NYJ,25,27/10/1988,28/04/2011,16,11,100.0,68.75,1,1,100.0,30,0,0.0,0,0.0,0.1,30,30.0,30.0,30.0,1.9,118.7,0,0,0.0,30.0,30.0,2013,16,,,,,,fractional first-down count
Mohamed Sanu,CIN,24,22/08/1989,26/04/2012,16,14,100.0,87.5,1,1,100.0,25,0,0.0,0,0.0,0.1,25,25.0,25.0,25.0,1.6,118.7,0,0,0.0,25.0,25.0,2013,16,,,,,,fractional first-down count
Marcel Reece,OAK,28,23/06/1985,26/04/2008,16,15,100.0,93.75,1,1,100.0,22,0,0.0,0,0.0,0.1,22,22.0,22.0,22.0,1.4,118.7,0,0,0.0,22.0,22.0,2013,16,,,,,,fractional first-down count
Ace Sanders,JAX,22,11/11/1991,25/04/2013,15,4,93.75,25.0,1,1,100.0,21,1,100.0,0,0.0,0.1,21,21.0,41.0,21.0,1.4,158.3,0,0,0.0,21.0,41.0,2013,16,,,,,,fractional first-down count
Patrick Peterson,ARI,23,11/07/1990,28/04/2011,16,16,100.0,100.0,1,1,100.0,17,0,0.0,0,0.0,0.1,17,17.0,17.0,17.0,1.1,118.7,0,0,0.0,17.0,17.0,2013,16,47831802.0,11957950.5,Spotrac 2026 Rookie Scale – exact 1st-round draft slot,2011.0,4.0,fractional first-down count
Darren McFadden,OAK,26,27/08/1987,26/04/2008,10,7,62.5,43.75,1,1,100.0,16,1,100.0,0,0.0,0.1,16,16.0,36.0,16.0,1.6,158.3,0,0,0.0,16.0,36.0,2013,16,,,,,,fractional first-down count
Antonio Brown,PIT,25,10/07/1988,22/04/2010,16,14,100.0,87.5,1,1,100.0,15,0,0.0,0,0.0,0.1,15,15.0,15.0,15.0,0.9,118.7,1,7,50.0,4.0,4.0,2013,16,,,,,,fractional first-down count
Colt McCoy,SFO,27,05/09/1986,22/04/2010,4,0,25.0,0.0,1,1,100.0,13,0,0.0,0,0.0,0.1,13,13.0,13.0,13.0,3.3,118.7,0,0,0.0,13.0,13.0,2013,16,2541000.0,635250.0,OverTheCap – Quarterback Contract History,2010.0,4.0,fractional first-down count
Spencer Lanning,CLE,25,21/05/1988,25/04/2013,16,0,100.0,0.0,1,1,100.0,11,1,100.0,0,0.0,0.1,11,11.0,31.0,11.0,0.7,152.1,0,0,0.0,11.0,31.0,2013,16,28177087.3125,7044271.828125,Spotrac 2026 Rookie Scale – 1st-round average fallback (pick not found),2013.0,4.0,fractional first-down count
Maurice Jones-Drew,JAX,28,23/03/1985,29/04/2006,15,15,93.75,93.75,1,1,100.0,8,1,100.0,0,0.0,0.1,8,8.0,28.0,8.0,0.5,139.6,0,0,0.0,8.0,28.0,2013,16,,,,,,fractional first-down count
Mike James,TAM,22,13/04/1991,25/04/2013,8,3,50.0,18.75,1,1,100.0,2,1,100.0,0,0.0,0.1,2,2.0,22.0,2.0,0.3,118.7,0,0,0.0,2.0,22.0,2013,16,,,,,,fractional first-down count
Drew Brees,NOR,35,15/01/1979,21/04/2001,16,16,100.0,100.0,456,659,69.2,4952,33,5.0,17,2.6,25.9,69,7.5,7.4,10.9,309.5,97.0,29,186,4.2,6.93,6.77,2014,16,100000000.0,20000000.0,OverTheCap – Quarterback Contract History,2012.0,5.0,fractional first-down count
Ben Roethlisberger,PIT,32,02/03/1982,24/04/2004,16,16,100.0,100.0,408,608,67.1,4952,32,5.3,9,1.5,24.4,94,8.1,8.5,12.1,309.5,103.3,33,172,5.1,7.46,7.82,2014,16,,,,,,fractional first-down count
Andrew Luck,IND,25,12/09/1989,26/04/2012,16,16,100.0,100.0,380,616,61.7,4761,40,6.5,16,2.6,23.5,80,7.7,7.9,12.5,297.6,96.5,27,161,4.2,7.15,7.28,2014,16,22107998.0,5527000.0,OverTheCap – Quarterback Contract History,2012.0,4.0,fractional first-down count
Peyton Manning,DEN,38,24/03/1976,18/04/1998,16,16,100.0,100.0,395,597,66.2,4727,39,6.5,15,2.5,22.7,86,7.9,8.1,12.0,295.4,101.5,17,118,2.8,7.51,7.68,2014,16,96000000.0,19200000.0,OverTheCap – Quarterback Contract History,2012.0,5.0,fractional first-down count
Matt Ryan,ATL,29,17/05/1985,26/04/2008,16,16,100.0,100.0,415,628,66.1,4694,28,4.5,14,2.2,23.3,79,7.5,7.4,11.3,293.4,93.9,31,205,4.7,6.81,6.71,2014,16,103750000.0,20750000.0,OverTheCap – Quarterback Contract History,2013.0,5.0,fractional first-down count
Eli Manning,NYG,33,03/01/1981,24/04/2004,16,16,100.0,100.0,379,601,63.1,4410,30,5.0,14,2.3,21.9,80,7.3,7.3,11.6,275.6,92.1,28,187,4.5,6.71,6.67,2014,16,97500000.0,16250000.0,OverTheCap – Quarterback Contract History,2009.0,6.0,fractional first-down count
Aaron Rodgers,GNB,31,02/12/1983,23/04/2005,16,16,100.0,100.0,341,520,65.6,4381,38,7.3,5,1.0,22.1,80,8.4,9.5,12.8,273.8,112.2,28,174,5.1,7.68,8.65,2014,16,110000000.0,22000000.0,OverTheCap – Quarterback Contract History,2013.0,5.0,fractional first-down count
Philip Rivers,SDG,33,08/12/1981,24/04/2004,16,16,100.0,100.0,379,570,66.5,4286,31,5.4,18,3.2,21.3,59,7.5,7.2,11.3,267.9,93.8,36,189,5.9,6.76,6.45,2014,16,91800000.0,15300000.0,OverTheCap – Quarterback Contract History,2009.0,6.0,fractional first-down count
Matthew Stafford,DET,26,07/02/1988,25/04/2009,16,16,100.0,100.0,363,602,60.3,4257,22,3.7,12,2.0,21.2,73,7.1,6.9,11.7,266.1,85.7,45,254,7.0,6.19,6.03,2014,16,,,,,,fractional first-down count
Tom Brady,NWE,37,03/08/1977,15/04/2000,16,16,100.0,100.0,373,582,64.1,4109,33,5.7,9,1.5,22.1,69,7.1,7.5,11.0,256.8,97.4,21,134,3.5,6.59,7.01,2014,16,57000000.0,11400000.0,OverTheCap – Quarterback Contract History,2013.0,5.0,fractional first-down count
Ryan Tannehill,MIA,26,27/07/1988,26/04/2012,16,16,100.0,100.0,392,590,66.4,4045,27,4.6,12,2.0,22.5,50,6.9,6.9,10.3,252.8,92.8,46,337,7.2,5.83,5.83,2014,16,12668512.0,3167128.0,OverTheCap – Quarterback Contract History,2012.0,4.0,fractional first-down count
Joe Flacco,BAL,29,16/01/1985,26/04/2008,16,16,100.0,100.0,344,554,62.1,3986,27,4.9,12,2.2,19.4,80,7.2,7.2,11.6,249.1,91.0,19,167,3.3,6.66,6.66,2014,16,120600000.0,20100000.0,OverTheCap – Quarterback Contract History,2013.0,6.0,fractional first-down count
Jay Cutler,CHI,31,29/04/1983,29/04/2006,15,15,93.75,93.75,370,561,66.0,3812,28,5.0,18,3.2,18.1,74,6.8,6.3,10.3,254.1,88.6,38,223,6.3,5.99,5.57,2014,16,126700000.0,18100000.0,OverTheCap – Quarterback Contract History,2014.0,7.0,fractional first-down count
Tony Romo,DAL,34,21/04/1980,24/04/2004,15,15,93.75,93.75,304,435,69.9,3705,34,7.8,9,2.1,19.1,68,8.5,9.1,12.2,247.0,113.2,29,215,6.3,7.52,8.11,2014,16,108000000.0,18000000.0,OverTheCap – Quarterback Contract History,2013.0,6.0,fractional first-down count
Russell Wilson,SEA,26,29/11/1988,26/04/2012,16,16,100.0,100.0,285,452,63.1,3475,20,4.4,7,1.5,16.1,80,7.7,7.9,12.2,217.2,95.0,42,242,8.5,6.54,6.72,2014,16,2996774.0,749194.0,OverTheCap – Quarterback Contract History,2012.0,4.0,fractional first-down count
Colin Kaepernick,SFO,27,03/11/1987,28/04/2011,16,16,100.0,100.0,289,478,60.5,3369,19,4.0,10,2.1,16.4,80,7.0,6.9,11.7,210.6,86.4,52,344,9.8,5.71,5.58,2014,16,114000000.0,19000000.0,OverTheCap – Quarterback Contract History,2014.0,6.0,fractional first-down count
Brian Hoyer,CLE,29,31/10/1985,25/04/2009,14,13,87.5,81.25,242,438,55.3,3326,12,2.7,13,3.0,16.3,81,7.6,6.8,13.7,237.6,76.5,24,160,5.2,6.85,6.11,2014,16,1965000.0,982500.0,OverTheCap – Quarterback Contract History,2013.0,2.0,fractional first-down count
Derek Carr,OAK,23,28/03/1991,08/05/2014,16,16,100.0,100.0,348,599,58.1,3270,21,3.5,12,2.0,16.3,77,5.5,5.3,9.4,204.4,76.6,24,149,3.9,5.01,4.82,2014,16,5371802.0,1342951.0,OverTheCap – Quarterback Contract History,2014.0,4.0,fractional first-down count
Alex Smith,KAN,30,07/05/1984,23/04/2005,15,15,93.75,93.75,303,464,65.3,3265,18,3.9,6,1.3,17.9,70,7.0,7.2,10.8,217.7,93.4,45,229,8.8,5.96,6.14,2014,16,68000000.0,17000000.0,OverTheCap – Quarterback Contract History,2014.0,4.0,fractional first-down count
Cam Newton,CAR,25,11/05/1989,28/04/2011,14,14,87.5,87.5,262,448,58.5,3127,18,4.0,12,2.7,15.6,51,7.0,6.6,11.9,223.4,82.1,38,300,7.8,5.82,5.45,2014,16,22025498.0,5506375.0,OverTheCap – Quarterback Contract History,2011.0,4.0,fractional first-down count
Kyle Orton,BUF,32,14/11/1982,23/04/2005,12,12,75.0,75.0,287,447,64.2,3018,18,4.0,10,2.2,14.8,84,6.8,6.6,10.5,251.5,87.8,33,198,6.9,5.88,5.69,2014,16,11000000.0,5500000.0,OverTheCap – Quarterback Contract History,2014.0,2.0,fractional first-down count
Teddy Bridgewater,MIN,22,10/11/1992,08/05/2014,13,12,81.25,75.0,259,402,64.4,2919,14,3.5,12,3.0,13.7,87,7.3,6.6,11.3,224.5,85.2,39,249,8.8,6.05,5.46,2014,16,6849502.0,1712376.0,OverTheCap – Quarterback Contract History,2014.0,4.0,fractional first-down count
Blake Bortles,JAX,22,16/12/1991,08/05/2014,14,13,87.5,81.25,280,475,58.9,2908,11,2.3,17,3.6,13.6,63,6.1,5.0,10.4,207.7,69.5,55,345,10.4,4.84,3.81,2014,16,20654802.0,5163701.0,OverTheCap – Quarterback Contract History,2014.0,4.0,fractional first-down count
Geno Smith,NYJ,24,10/10/1990,25/04/2013,14,13,87.5,81.25,219,367,59.7,2525,13,3.5,13,3.5,11.9,74,6.9,6.0,11.5,180.4,77.5,28,175,7.1,5.95,5.13,2014,16,5019603.0,1254901.0,OverTheCap – Quarterback Contract History,2013.0,4.0,fractional first-down count
Mark Sanchez,PHI,28,11/11/1986,25/04/2009,9,8,56.25,50.0,198,309,64.1,2418,14,4.5,11,3.6,11.9,72,7.8,7.1,12.2,268.7,88.4,23,151,6.9,6.83,6.18,2014,16,2250000.0,2250000.0,OverTheCap – Quarterback Contract History,2014.0,1.0,fractional first-down count
Nick Foles,PHI,25,20/01/1989,26/04/2012,8,8,50.0,50.0,186,311,59.8,2163,13,4.2,10,3.2,10.1,68,7.0,6.3,11.6,270.4,81.4,9,74,2.8,6.53,5.93,2014,16,2768520.0,692130.0,OverTheCap – Quarterback Contract History,2012.0,4.0,fractional first-down count
Austin Davis,STL,25,02/06/1989,26/04/2012,10,8,62.5,50.0,180,284,63.4,2001,12,4.2,9,3.2,10.6,59,7.0,6.5,11.1,200.1,85.1,29,179,9.3,5.82,5.29,2014,16,570000.0,570000.0,OverTheCap – Quarterback Contract History,2014.0,1.0,fractional first-down count
Drew Stanton,ARI,30,07/05/1984,26/04/2008,9,8,56.25,50.0,132,240,55.0,1711,7,2.9,5,2.1,7.7,49,7.1,6.8,13.0,190.1,78.7,11,66,4.4,6.55,6.22,2014,16,,,,,,fractional first-down count
Kirk Cousins,WAS,26,19/08/1988,26/04/2012,6,5,37.5,31.25,126,204,61.8,1710,10,4.9,9,4.4,7.5,81,8.4,7.4,13.6,285.0,86.4,8,70,3.8,7.74,6.77,2014,16,2572688.0,643172.0,OverTheCap – Quarterback Contract History,2012.0,4.0,fractional first-down count
Shaun Hill,STL,34,09/01/1980,23/04/2005,9,8,56.25,50.0,145,229,63.3,1657,8,3.5,7,3.1,8.2,63,7.2,6.6,11.4,184.1,83.9,18,116,7.3,6.24,5.61,2014,16,1750000.0,1750000.0,OverTheCap – Quarterback Contract History,2014.0,1.0,fractional first-down count
Carson Palmer,ARI,35,27/12/1979,24/04/2004,6,6,37.5,37.5,141,224,62.9,1626,11,4.9,3,1.3,8.2,80,7.3,7.6,11.5,271.0,95.6,9,59,3.9,6.73,7.09,2014,16,49500000.0,16500000.0,OverTheCap – Quarterback Contract History,2014.0,3.0,fractional first-down count
Mike Glennon,TAM,25,12/12/1989,25/04/2013,6,5,37.5,31.25,117,203,57.6,1417,10,4.9,6,3.0,6.4,41,7.0,6.6,12.1,236.2,83.3,16,91,7.3,6.05,5.74,2014,16,3104063.0,776016.0,OverTheCap – Quarterback Contract History,2013.0,4.0,fractional first-down count
Zach Mettenberger,TEN,23,16/07/1991,08/05/2014,7,6,43.75,37.5,107,179,59.8,1412,8,4.5,7,3.9,5.6,80,7.9,7.0,13.2,201.7,83.4,18,138,9.1,6.47,5.68,2014,16,2345116.0,586279.0,OverTheCap – Quarterback Contract History,2014.0,4.0,fractional first-down count
Charlie Whitehurst,TEN,32,06/08/1982,29/04/2006,7,5,43.75,31.25,105,185,56.8,1326,7,3.8,2,1.1,5.5,75,7.2,7.4,12.6,189.4,87.4,18,103,8.9,6.02,6.27,2014,16,4000000.0,2000000.0,OverTheCap – Quarterback Contract History,2014.0,2.0,fractional first-down count
Colt McCoy,WAS,28,05/09/1986,22/04/2010,5,4,31.25,25.0,91,128,71.1,1057,4,3.1,3,2.3,4.4,70,8.3,7.8,11.6,211.4,96.4,17,117,11.7,6.48,6.1,2014,16,795000.0,795000.0,OverTheCap – Quarterback Contract History,2014.0,1.0,fractional first-down count
Jake Locker,TEN,26,15/06/1988,28/04/2011,7,5,43.75,31.25,86,146,58.9,993,5,3.4,7,4.8,4.7,61,6.8,5.3,11.5,141.9,70.9,14,85,8.8,5.68,4.33,2014,16,12586002.0,3146501.0,OverTheCap – Quarterback Contract History,2011.0,4.0,fractional first-down count
EJ Manuel,BUF,24,19/03/1990,25/04/2013,5,4,31.25,25.0,76,131,58.0,838,5,3.8,3,2.3,4.1,80,6.4,6.1,11.0,167.6,80.3,6,44,4.4,5.8,5.54,2014,16,8885300.0,2221325.0,OverTheCap – Quarterback Contract History,2013.0,4.0,fractional first-down count
Derek Anderson,CAR,31,15/06/1983,29/04/2006,6,2,37.5,12.5,65,97,67.0,701,5,5.2,0,0.0,4.4,35,7.2,8.3,10.8,116.8,105.2,4,17,4.0,6.77,7.76,2014,16,2564000.0,1282000.0,OverTheCap – Quarterback Contract History,2014.0,2.0,fractional first-down count
Michael Vick,NYJ,34,16/02/1982,21/04/2001,10,3,62.5,18.75,64,121,52.9,604,3,2.5,2,1.7,3.3,67,5.0,4.7,9.4,60.4,68.3,19,85,13.6,3.71,3.49,2014,16,4000000.0,4000000.0,OverTheCap – Quarterback Contract History,2014.0,1.0,fractional first-down count
Chad Henne,JAX,29,02/07/1985,26/04/2008,3,3,18.75,18.75,42,78,53.8,492,3,3.8,1,1.3,1.9,63,6.3,6.5,11.7,164.0,80.7,16,105,17.0,4.12,4.28,2014,16,8000000.0,4000000.0,OverTheCap – Quarterback Contract History,2014.0,2.0,fractional first-down count
Case Keenum,HOU,26,17/02/1988,26/04/2012,2,2,12.5,12.5,45,77,58.4,435,2,2.6,2,2.6,2.1,35,5.6,5.0,9.7,217.5,72.2,3,15,3.8,5.25,4.63,2014,16,495000.0,495000.0,OverTheCap – Quarterback Contract History,2014.0,1.0,fractional first-down count
Matt Cassel,MIN,32,17/05/1982,23/04/2005,3,3,18.75,18.75,41,71,57.7,425,3,4.2,4,5.6,2.1,28,6.0,4.3,10.4,141.7,65.8,6,39,7.8,5.01,3.45,2014,16,10500000.0,5250000.0,OverTheCap – Quarterback Contract History,2014.0,2.0,fractional first-down count
Ryan Mallett,HOU,26,05/06/1988,28/04/2011,3,2,18.75,12.5,41,75,54.7,400,2,2.7,2,2.7,2.3,41,5.3,4.7,9.8,133.3,67.6,1,5,1.3,5.2,4.54,2014,16,2947828.0,736957.0,OverTheCap – Quarterback Contract History,2011.0,4.0,fractional first-down count
Brandon Weeden,DAL,31,14/10/1983,26/04/2012,5,1,31.25,6.25,24,41,58.5,303,3,7.3,2,4.9,1.6,43,7.4,6.7,12.6,60.6,85.7,1,9,2.4,7.0,6.29,2014,16,1230000.0,615000.0,OverTheCap – Quarterback Contract History,2014.0,2.0,fractional first-down count
Matt Hasselbeck,IND,39,25/09/1975,17/04/1999,4,0,25.0,0.0,30,44,68.2,301,2,4.5,0,0.0,1.7,32,6.8,7.8,10.0,75.3,102.6,2,7,4.3,6.39,7.26,2014,16,7250000.0,3625000.0,OverTheCap – Quarterback Contract History,2013.0,2.0,fractional first-down count
Jimmy Clausen,CHI,27,21/09/1988,22/04/2010,4,1,25.0,6.25,26,48,54.2,223,2,4.2,1,2.1,1.3,22,4.6,4.5,8.6,55.8,71.8,3,20,5.9,3.98,3.88,2014,16,,,,,,fractional first-down count
Christian Ponder,MIN,26,25/02/1988,28/04/2011,2,1,12.5,6.25,22,44,50.0,222,0,0.0,2,4.5,1.3,18,5.0,3.0,10.1,111.0,45.8,6,34,12.0,3.76,1.96,2014,16,10158698.0,2539675.0,OverTheCap – Quarterback Contract History,2011.0,4.0,fractional first-down count
Jimmy Garoppolo,NWE,23,02/11/1991,08/05/2014,6,0,37.5,0.0,19,27,70.4,182,1,3.7,0,0.0,0.8,37,6.7,7.5,9.6,30.3,101.2,5,36,15.6,4.56,5.19,2014,16,3483898.0,870975.0,OverTheCap – Quarterback Contract History,2014.0,4.0,fractional first-down count
Johnny Manziel,CLE,22,06/12/1992,08/05/2014,5,2,31.25,12.5,18,35,51.4,175,0,0.0,2,5.7,0.6,32,5.0,2.4,9.7,35.0,42.0,3,26,7.9,3.92,1.55,2014,16,8248596.0,2062149.0,OverTheCap – Quarterback Contract History,2014.0,4.0,fractional first-down count
Chase Daniel,KAN,28,07/10/1986,25/04/2009,3,1,18.75,6.25,16,28,57.1,157,0,0.0,0,0.0,0.8,30,5.6,5.6,9.8,52.3,73.1,4,17,12.5,4.38,4.38,2014,16,10000000.0,3333333.0,OverTheCap – Quarterback Contract History,2013.0,3.0,fractional first-down count
Matt McGloin,OAK,25,02/12/1989,25/04/2013,1,0,6.25,0.0,12,19,63.2,129,1,5.3,2,10.5,0.6,29,6.8,3.1,10.8,129.0,61.0,1,8,5.0,6.05,2.55,2014,16,1485000.0,495000.0,OverTheCap – Quarterback Contract History,2013.0,3.0,fractional first-down count
Tom Savage,HOU,24,26/04/1990,08/05/2014,2,0,12.5,0.0,10,19,52.6,127,0,0.0,1,5.3,0.6,35,6.7,4.3,12.7,63.5,51.9,1,5,5.0,6.1,3.85,2014,16,2520584.0,630146.0,OverTheCap – Quarterback Contract History,2014.0,4.0,fractional first-down count
Logan Thomas,ARI,23,01/07/1991,08/05/2014,2,0,12.5,0.0,1,9,11.1,81,1,11.1,0,0.0,0.1,81,9.0,11.2,81.0,40.5,101.6,2,11,18.2,6.36,8.18,2014,16,2652092.0,663023.0,OverTheCap – Quarterback Contract History,2014.0,4.0,fractional first-down count
Mohamed Sanu,CIN,25,22/08/1989,26/04/2012,16,13,100.0,81.25,3,3,100.0,79,1,33.3,0,0.0,0.3,50,26.3,33.0,26.3,4.9,158.3,1,6,25.0,18.25,23.25,2014,16,,,,,,fractional first-down count
Jason Campbell,CIN,33,31/12/1981,29/04/2006,4,0,25.0,0.0,11,19,57.9,74,0,0.0,0,0.0,0.3,38,3.9,3.9,6.7,18.5,66.6,1,0,5.0,3.7,3.7,2014,16,1500000.0,1500000.0,OverTheCap – Quarterback Contract History,2014.0,1.0,fractional first-down count
Matt Flynn,GNB,29,20/06/1985,26/04/2008,7,0,43.75,0.0,8,16,50.0,66,0,0.0,1,6.3,0.3,14,4.1,1.3,8.3,9.4,34.9,2,12,11.1,3.0,0.5,2014,16,11500000.0,5750000.0,OverTheCap – Quarterback Contract History,2013.0,2.0,fractional first-down count
T.J. Yates,ATL,27,28/05/1987,28/04/2011,1,0,6.25,0.0,3,4,75.0,64,0,0.0,1,25.0,0.3,40,16.0,4.8,21.3,64.0,77.1,0,0,0.0,16.0,4.75,2014,16,2225000.0,556250.0,OverTheCap – Quarterback Contract History,2011.0,4.0,fractional first-down count
Ryan Nassib,NYG,24,10/03/1990,25/04/2013,4,0,25.0,0.0,4,5,80.0,60,0,0.0,0,0.0,0.2,29,12.0,12.0,15.0,15.0,116.7,2,11,28.6,7.0,7.0,2014,16,2613600.0,653400.0,OverTheCap – Quarterback Contract History,2013.0,4.0,fractional first-down count
Matt Schaub,OAK,33,25/06/1981,24/04/2004,11,0,68.75,0.0,5,10,50.0,57,0,0.0,2,20.0,0.4,16,5.7,-3.3,11.4,5.2,27.9,3,24,23.1,2.54,-4.38,2014,16,13500000.0,6750000.0,OverTheCap – Quarterback Contract History,2014.0,2.0,fractional first-down count
Brock Osweiler,DEN,24,22/11/1990,26/04/2012,4,0,25.0,0.0,4,10,40.0,52,1,10.0,0,0.0,0.2,38,5.2,7.2,13.0,13.0,90.4,0,0,0.0,5.2,7.2,2014,16,3516678.0,879170.0,OverTheCap – Quarterback Contract History,2012.0,4.0,fractional first-down count
Matt Simms,NYJ,26,27/09/1988,25/04/2013,1,0,6.25,0.0,3,8,37.5,39,0,0.0,0,0.0,0.2,21,4.9,4.9,13.0,39.0,53.6,0,0,0.0,4.88,4.88,2014,16,28177087.3125,7044271.828125,Spotrac 2026 Rookie Scale – 1st-round average fallback (pick not found),2013.0,4.0,fractional first-down count
Blaine Gabbert,SFO,25,15/10/1989,28/04/2011,1,0,6.25,0.0,3,7,42.9,38,1,14.3,0,0.0,0.2,20,5.4,8.3,12.7,38.0,100.0,0,0,0.0,5.43,8.29,2014,16,12001646.0,3000412.0,OverTheCap – Quarterback Contract History,2011.0,4.0,fractional first-down count
Ryan Quigley,NYJ,24,26/01/1990,25/04/2013,16,0,100.0,0.0,1,1,100.0,38,0,0.0,0,0.0,0.1,38,38.0,38.0,38.0,2.4,118.7,0,0,0.0,38.0,38.0,2014,16,28177087.3125,7044271.828125,Spotrac 2026 Rookie Scale – 1st-round average fallback (pick not found),2013.0,4.0,fractional first-down count
Johnny Hekker,STL,24,08/02/1990,26/04/2012,16,0,100.0,0.0,2,2,100.0,37,0,0.0,0,0.0,0.2,19,18.5,18.5,18.5,2.3,118.7,0,0,0.0,18.5,18.5,2014,16,28177087.3125,7044271.828125,Spotrac 2026 Rookie Scale – 1st-round average fallback (pick not found),2012.0,4.0,fractional first-down count
Cecil Shorts,JAX,27,22/12/1987,28/04/2011,13,12,81.25,75.0,2,2,100.0,32,1,50.0,0,0.0,0.2,23,16.0,26.0,16.0,2.5,158.3,0,0,0.0,16.0,26.0,2014,16,,,,,,fractional first-down count
Sam Martin,DET,24,27/02/1990,25/04/2013,16,0,100.0,0.0,2,2,100.0,27,0,0.0,0,0.0,0.1,24,13.5,13.5,13.5,1.7,118.7,0,0,0.0,13.5,13.5,2014,16,,,,,,fractional first-down count
Robert Golden,PIT,24,13/09/1990,26/04/2012,16,0,100.0,0.0,1,1,100.0,25,0,0.0,0,0.0,0.1,25,25.0,25.0,25.0,1.6,118.7,0,0,0.0,25.0,25.0,2014,16,28177087.3125,7044271.828125,Spotrac 2026 Rookie Scale – 1st-round average fallback (pick not found),2012.0,4.0,fractional first-down count
Matt Moore,MIA,30,09/08/1984,28/04/2007,2,0,12.5,0.0,2,4,50.0,21,0,0.0,0,0.0,0.2,14,5.3,5.3,10.5,10.5,65.6,0,0,0.0,5.25,5.25,2014,16,8000000.0,4000000.0,OverTheCap – Quarterback Contract History,2013.0,2.0,fractional first-down count
Antonio Brown,PIT,26,10/07/1988,22/04/2010,16,16,100.0,100.0,2,2,100.0,20,1,50.0,0,0.0,0.2,17,10.0,20.0,10.0,1.3,147.9,0,0,0.0,10.0,20.0,2014,16,,,,,,fractional first-down count
Bryan Anger,JAX,26,06/10/1988,26/04/2012,16,0,100.0,0.0,1,1,100.0,19,0,0.0,0,0.0,0.1,19,19.0,19.0,19.0,1.2,118.7,0,0,0.0,19.0,19.0,2014,16,,,,,,fractional first-down count
Jermaine Kearse,SEA,24,06/02/1990,26/04/2012,15,14,93.75,87.5,1,1,100.0,17,0,0.0,0,0.0,0.1,17,17.0,17.0,17.0,1.1,118.7,0,0,0.0,17.0,17.0,2014,16,28177087.3125,7044271.828125,Spotrac 2026 Rookie Scale – 1st-round average fallback (pick not found),2012.0,4.0,fractional first-down count
Kellen Clemens,SDG,31,06/06/1983,29/04/2006,2,0,12.5,0.0,1,3,33.3,10,0,0.0,0,0.0,0.1,10,3.3,3.3,10.0,5.0,43.7,1,9,25.0,0.25,0.25,2014,16,,,,,,fractional first-down count
Ted Ginn Jr.,ARI,29,12/04/1985,28/04/2007,16,0,100.0,0.0,1,1,100.0,10,0,0.0,0,0.0,0.1,10,10.0,10.0,10.0,0.6,108.3,0,0,0.0,10.0,10.0,2014,16,,,,,,fractional first-down count
Shane Lechler,HOU,38,07/08/1976,15/04/2000,16,0,100.0,0.0,1,1,100.0,10,0,0.0,0,0.0,0.1,10,10.0,10.0,10.0,0.6,108.3,0,0,0.0,10.0,10.0,2014,16,,,,,,fractional first-down count
Dustin Colquitt,KAN,32,06/05/1982,23/04/2005,16,0,100.0,0.0,1,1,100.0,6,0,0.0,0,0.0,0.1,6,6.0,6.0,6.0,0.4,91.7,0,0,0.0,6.0,6.0,2014,16,,,,,,fractional first-down count
Arian Foster,HOU,28,24/08/1986,25/04/2009,13,13,81.25,81.25,1,1,100.0,5,1,100.0,0,0.0,0.1,5,5.0,25.0,5.0,0.4,127.1,0,0,0.0,5.0,25.0,2014,16,,,,,,fractional first-down count
Drew Brees,NOR,36,15/01/1979,21/04/2001,15,15,93.75,93.75,428,627,68.3,4870,32,5.1,11,1.8,22.8,80,7.8,8.0,11.4,324.7,101.0,31,235,4.7,7.04,7.26,2015,16,100000000.0,20000000.0,OverTheCap – Quarterback Contract History,2012.0,5.0,fractional first-down count
Philip Rivers,SDG,34,08/12/1981,24/04/2004,16,16,100.0,100.0,437,661,66.1,4792,29,4.4,13,2.0,22.7,80,7.2,7.2,11.0,299.5,93.8,40,264,5.7,6.46,6.45,2015,16,83250000.0,20812500.0,OverTheCap – Quarterback Contract History,2015.0,4.0,fractional first-down count
Tom Brady,NWE,38,03/08/1977,15/04/2000,16,16,100.0,100.0,402,624,64.4,4770,36,5.8,7,1.1,22.9,76,7.6,8.3,11.9,298.1,102.2,38,225,5.7,6.87,7.48,2015,16,57000000.0,11400000.0,OverTheCap – Quarterback Contract History,2013.0,5.0,fractional first-down count
Carson Palmer,ARI,36,27/12/1979,24/04/2004,16,16,100.0,100.0,342,537,63.7,4671,35,6.5,11,2.0,23.1,68,8.7,9.1,13.7,291.9,104.6,25,151,4.4,8.04,8.41,2015,16,49500000.0,16500000.0,OverTheCap – Quarterback Contract History,2014.0,3.0,fractional first-down count
Matt Ryan,ATL,30,17/05/1985,26/04/2008,16,16,100.0,100.0,407,614,66.3,4591,21,3.4,16,2.6,22.8,70,7.5,7.0,11.3,286.9,89.0,30,203,4.7,6.81,6.35,2015,16,103750000.0,20750000.0,OverTheCap – Quarterback Contract History,2013.0,5.0,fractional first-down count
Eli Manning,NYG,34,03/01/1981,24/04/2004,16,16,100.0,100.0,387,618,62.6,4432,35,5.7,14,2.3,20.6,87,7.2,7.3,11.5,277.0,93.6,27,157,4.2,6.63,6.74,2015,16,84000000.0,21000000.0,OverTheCap – Quarterback Contract History,2015.0,4.0,fractional first-down count
Matthew Stafford,DET,27,07/02/1988,25/04/2009,16,16,100.0,100.0,398,592,67.2,4262,32,5.4,13,2.2,22.4,57,7.2,7.3,10.7,266.4,97.0,44,251,6.9,6.31,6.39,2015,16,,,,,,fractional first-down count
Ryan Tannehill,MIA,27,27/07/1988,26/04/2012,16,16,100.0,100.0,363,586,61.9,4208,24,4.1,12,2.0,19.5,54,7.2,7.1,11.6,263.0,88.7,45,420,7.1,6.0,5.91,2015,16,77000000.0,19250000.0,OverTheCap – Quarterback Contract History,2015.0,4.0,fractional first-down count
Kirk Cousins,WAS,27,19/08/1988,26/04/2012,16,16,100.0,100.0,379,543,69.8,4166,29,5.3,11,2.0,20.5,78,7.7,7.8,11.0,260.4,101.6,26,186,4.6,6.99,7.14,2015,16,2572688.0,643172.0,OverTheCap – Quarterback Contract History,2012.0,4.0,fractional first-down count
Jameis Winston,TAM,21,06/01/1994,30/04/2015,16,16,100.0,100.0,312,535,58.3,4042,22,4.1,15,2.8,20.1,68,7.6,7.1,13.0,252.6,84.2,27,190,4.8,6.85,6.44,2015,16,25351277.0,6337819.0,OverTheCap – Quarterback Contract History,2015.0,4.0,fractional first-down count
Derek Carr,OAK,24,28/03/1991,08/05/2014,16,16,100.0,100.0,350,573,61.1,3987,32,5.6,13,2.3,18.8,68,7.0,7.1,11.4,249.2,91.1,31,230,5.1,6.22,6.31,2015,16,5371802.0,1342951.0,OverTheCap – Quarterback Contract History,2014.0,4.0,fractional first-down count
Ben Roethlisberger,PIT,33,02/03/1982,24/04/2004,12,11,75.0,68.75,319,469,68.0,3938,21,4.5,16,3.4,17.5,69,8.4,7.8,12.3,328.2,94.5,20,141,4.1,7.76,7.15,2015,16,87400000.0,21850000.0,OverTheCap – Quarterback Contract History,2015.0,4.0,fractional first-down count
Ryan Fitzpatrick,NYJ,33,24/11/1982,23/04/2005,16,16,100.0,100.0,335,562,59.6,3905,31,5.5,15,2.7,19.7,69,6.9,6.9,11.7,244.1,88.0,19,94,3.3,6.56,6.46,2015,16,7250000.0,3625000.0,OverTheCap – Quarterback Contract History,2014.0,2.0,fractional first-down count
Cam Newton,CAR,26,11/05/1989,28/04/2011,16,16,100.0,100.0,296,495,59.8,3837,35,7.1,10,2.0,19.5,74,7.8,8.3,13.0,239.8,99.4,33,284,6.3,6.73,7.2,2015,16,103800000.0,20760000.0,OverTheCap – Quarterback Contract History,2015.0,5.0,fractional first-down count
Aaron Rodgers,GNB,32,02/12/1983,23/04/2005,16,16,100.0,100.0,347,572,60.7,3821,31,5.4,8,1.4,17.7,65,6.7,7.1,11.0,238.8,92.7,46,314,7.4,5.67,6.1,2015,16,110000000.0,22000000.0,OverTheCap – Quarterback Contract History,2013.0,5.0,fractional first-down count
Jay Cutler,CHI,32,29/04/1983,29/04/2006,15,15,93.75,93.75,311,483,64.4,3659,21,4.3,11,2.3,17.3,87,7.6,7.4,11.8,243.9,92.3,29,150,5.7,6.85,6.71,2015,16,126700000.0,18100000.0,OverTheCap – Quarterback Contract History,2014.0,7.0,fractional first-down count
Alex Smith,KAN,31,07/05/1984,23/04/2005,16,16,100.0,100.0,307,470,65.3,3486,20,4.3,7,1.5,15.5,80,7.4,7.6,11.4,217.9,95.4,45,235,8.7,6.31,6.48,2015,16,68000000.0,17000000.0,OverTheCap – Quarterback Contract History,2014.0,4.0,fractional first-down count
Andy Dalton,CIN,28,29/10/1987,28/04/2011,13,13,81.25,81.25,255,386,66.1,3250,25,6.5,7,1.8,14.8,80,8.4,8.9,12.7,250.0,106.2,20,118,4.9,7.71,8.17,2015,16,96000000.0,16000000.0,OverTheCap – Quarterback Contract History,2014.0,6.0,fractional first-down count
Teddy Bridgewater,MIN,23,10/11/1992,08/05/2014,16,16,100.0,100.0,292,447,65.3,3231,14,3.1,9,2.0,15.3,52,7.2,6.9,11.1,201.9,88.7,44,307,9.0,5.96,5.7,2015,16,6849502.0,1712376.0,OverTheCap – Quarterback Contract History,2014.0,4.0,fractional first-down count
Tyrod Taylor,BUF,26,03/08/1989,28/04/2011,14,14,87.5,87.5,242,380,63.7,3035,20,5.3,6,1.6,12.9,63,8.0,8.3,12.5,216.8,99.4,36,212,8.7,6.79,7.1,2015,16,3350000.0,1116667.0,OverTheCap – Quarterback Contract History,2015.0,3.0,fractional first-down count
Marcus Mariota,TEN,22,30/10/1993,30/04/2015,12,12,75.0,75.0,230,370,62.2,2818,19,5.1,10,2.7,14.2,61,7.6,7.4,12.3,234.8,91.5,38,258,9.3,6.27,6.1,2015,16,24213974.0,6053494.0,OverTheCap – Quarterback Contract History,2015.0,4.0,fractional first-down count
Joe Flacco,BAL,30,16/01/1985,26/04/2008,10,10,62.5,62.5,266,413,64.4,2791,14,3.4,12,2.9,12.5,50,6.8,6.1,10.5,279.1,83.1,16,124,3.7,6.22,5.61,2015,16,120600000.0,20100000.0,OverTheCap – Quarterback Contract History,2013.0,6.0,fractional first-down count
Josh McCown,CLE,36,04/07/1979,20/04/2002,8,8,50.0,50.0,186,292,63.7,2109,12,4.1,4,1.4,9.6,56,7.2,7.4,11.3,263.6,93.3,23,137,7.3,6.26,6.45,2015,16,14000000.0,4666667.0,OverTheCap – Quarterback Contract History,2015.0,3.0,fractional first-down count
Nick Foles,STL,26,20/01/1989,26/04/2012,11,11,68.75,68.75,190,337,56.4,2052,7,2.1,10,3.0,8.5,68,6.1,5.2,10.8,186.5,69.0,14,98,4.0,5.57,4.68,2015,16,25000000.0,12250000.0,OverTheCap – Quarterback Contract History,2015.0,2.0,fractional first-down count
Blaine Gabbert,SFO,26,15/10/1989,28/04/2011,8,8,50.0,50.0,178,282,63.1,2031,10,3.5,7,2.5,8.5,71,7.2,6.8,11.4,253.9,86.2,25,164,8.1,6.08,5.71,2015,16,4000000.0,2000000.0,OverTheCap – Quarterback Contract History,2015.0,2.0,fractional first-down count
Brock Osweiler,DEN,25,22/11/1990,26/04/2012,8,7,50.0,43.75,170,275,61.8,1967,10,3.6,6,2.2,9.2,72,7.2,6.9,11.6,245.9,86.4,23,151,7.7,6.09,5.86,2015,16,3516678.0,879170.0,OverTheCap – Quarterback Contract History,2012.0,4.0,fractional first-down count
Andrew Luck,IND,26,12/09/1989,26/04/2012,7,7,43.75,43.75,162,293,55.3,1881,15,5.1,12,4.1,9.2,87,6.4,5.6,11.6,268.7,74.9,15,88,4.9,5.82,5.04,2015,16,22107998.0,5527000.0,OverTheCap – Quarterback Contract History,2012.0,4.0,fractional first-down count
Matt Hasselbeck,IND,40,25/09/1975,17/04/1999,8,8,50.0,50.0,156,256,60.9,1690,9,3.5,5,2.0,8.7,57,6.6,6.4,10.8,211.3,84.0,16,101,5.9,5.84,5.68,2015,16,3000000.0,3000000.0,OverTheCap – Quarterback Contract History,2015.0,1.0,fractional first-down count
Colin Kaepernick,SFO,28,03/11/1987,28/04/2011,9,8,56.25,50.0,144,244,59.0,1615,6,2.5,5,2.0,7.3,76,6.6,6.2,11.2,179.4,78.5,28,166,10.3,5.33,4.94,2015,16,114000000.0,19000000.0,OverTheCap – Quarterback Contract History,2014.0,6.0,fractional first-down count
Johnny Manziel,CLE,23,06/12/1992,08/05/2014,9,6,56.25,37.5,129,223,57.8,1500,7,3.1,5,2.2,7.2,61,6.7,6.3,11.6,166.7,79.4,19,141,7.9,5.62,5.26,2015,16,8248596.0,2062149.0,OverTheCap – Quarterback Contract History,2014.0,4.0,fractional first-down count
Zach Mettenberger,TEN,24,16/07/1991,08/05/2014,7,4,43.75,25.0,101,166,60.8,935,4,2.4,7,4.2,4.6,57,5.6,4.2,9.3,133.6,66.7,13,98,7.3,4.68,3.36,2015,16,2345116.0,586279.0,OverTheCap – Quarterback Contract History,2014.0,4.0,fractional first-down count
Tony Romo,DAL,35,21/04/1980,24/04/2004,4,4,25.0,25.0,83,121,68.6,884,5,4.1,7,5.8,4.7,39,7.3,5.5,10.7,221.0,79.4,6,35,4.7,6.69,4.99,2015,16,108000000.0,18000000.0,OverTheCap – Quarterback Contract History,2013.0,6.0,fractional first-down count
A.J. McCarron,CIN,25,13/09/1990,08/05/2014,7,3,43.75,18.75,79,119,66.4,854,6,5.0,2,1.7,4.6,66,7.2,7.4,10.8,122.0,97.1,12,63,9.2,6.04,6.27,2015,16,2401652.0,600413.0,OverTheCap – Quarterback Contract History,2014.0,4.0,fractional first-down count
Case Keenum,STL,27,17/02/1988,26/04/2012,6,5,37.5,31.25,76,125,60.8,828,4,3.2,1,0.8,4.2,60,6.6,6.9,10.9,138.0,87.7,4,28,3.1,6.2,6.47,2015,16,585000.0,585000.0,OverTheCap – Quarterback Contract History,2015.0,1.0,fractional first-down count
EJ Manuel,BUF,25,19/03/1990,25/04/2013,7,2,43.75,12.5,52,84,61.9,561,3,3.6,3,3.6,2.6,58,6.7,5.8,10.8,80.1,78.5,6,45,6.7,5.73,4.9,2015,16,8885300.0,2221325.0,OverTheCap – Quarterback Contract History,2013.0,4.0,fractional first-down count
Austin Davis,CLE,26,02/06/1989,26/04/2012,3,2,18.75,12.5,56,94,59.6,547,1,1.1,3,3.2,2.5,42,5.8,4.6,9.8,182.3,66.2,11,96,10.5,4.3,3.2,2015,16,4173530.0,2086765.0,OverTheCap – Quarterback Contract History,2015.0,3.0,fractional first-down count
Matt Schaub,BAL,34,25/06/1981,24/04/2004,2,2,12.5,12.5,52,80,65.0,540,3,3.8,4,5.0,2.8,48,6.8,5.3,10.4,270.0,76.0,3,27,3.6,6.18,4.73,2015,16,2000000.0,2000000.0,OverTheCap – Quarterback Contract History,2015.0,1.0,fractional first-down count
Landry Jones,PIT,26,04/04/1989,25/04/2013,7,2,43.75,12.5,32,55,58.2,513,3,5.5,4,7.3,1.9,88,9.3,7.1,16.0,73.3,77.3,2,17,3.5,8.7,6.6,2015,16,2599220.0,649805.0,OverTheCap – Quarterback Contract History,2013.0,4.0,fractional first-down count
Michael Vick,PIT,35,16/02/1982,21/04/2001,5,3,31.25,18.75,40,66,60.6,371,2,3.0,1,1.5,1.4,72,5.6,5.5,9.3,74.2,79.8,10,53,13.2,4.18,4.12,2015,16,970000.0,970000.0,OverTheCap – Quarterback Contract History,2015.0,1.0,fractional first-down count
T.J. Yates,HOU,28,28/05/1987,28/04/2011,4,2,25.0,12.5,28,57,49.1,370,3,5.3,1,1.8,1.9,61,6.5,6.8,13.2,92.5,80.3,5,33,8.1,5.44,5.68,2015,16,,,,,,fractional first-down count
Luke McCown,NOR,34,12/07/1981,24/04/2004,8,1,50.0,6.25,32,39,82.1,335,0,0.0,1,2.6,1.9,25,8.6,7.4,10.5,41.9,91.8,1,0,2.5,8.38,7.25,2015,16,1050000.0,1050000.0,OverTheCap – Quarterback Contract History,2015.0,1.0,fractional first-down count
Geno Smith,NYJ,25,10/10/1990,25/04/2013,1,0,6.25,0.0,27,42,64.3,265,2,4.8,1,2.4,1.4,28,6.3,6.2,9.8,265.0,87.9,3,19,6.7,5.47,5.36,2015,16,5019603.0,1254901.0,OverTheCap – Quarterback Contract History,2013.0,4.0,fractional first-down count
Dan Orlovsky,DET,32,18/08/1983,23/04/2005,2,0,12.5,0.0,22,40,55.0,201,1,2.5,1,2.5,1.3,23,5.0,4.4,9.1,100.5,66.8,0,0,0.0,5.03,4.4,2015,16,,,,,,fractional first-down count
Charlie Whitehurst,IND,33,06/08/1982,29/04/2006,4,0,25.0,0.0,16,32,50.0,150,0,0.0,1,3.1,0.9,33,4.7,3.3,9.4,37.5,50.3,5,28,13.5,3.3,2.08,2015,16,2000000.0,2000000.0,OverTheCap – Quarterback Contract History,2015.0,1.0,fractional first-down count
Josh Freeman,IND,27,13/01/1988,25/04/2009,1,1,6.25,6.25,15,28,53.6,149,1,3.6,1,3.6,0.7,57,5.3,4.4,9.9,149.0,65.9,1,7,3.4,4.9,4.03,2015,16,765000.0,765000.0,OverTheCap – Quarterback Contract History,2015.0,1.0,fractional first-down count
Colt McCoy,WAS,29,05/09/1986,22/04/2010,2,0,12.5,0.0,7,11,63.6,128,1,9.1,0,0.0,0.4,71,11.6,13.5,18.3,64.0,133.9,1,13,8.3,9.58,11.25,2015,16,1500000.0,1500000.0,OverTheCap – Quarterback Contract History,2015.0,1.0,fractional first-down count
Drew Stanton,ARI,31,07/05/1984,26/04/2008,7,0,43.75,0.0,11,25,44.0,104,0,0.0,2,8.0,0.6,21,4.2,0.6,9.5,14.9,22.7,2,8,7.4,3.56,0.22,2015,16,,,,,,fractional first-down count
Alex Tanney,TEN,28,11/11/1987,26/04/2012,1,0,6.25,0.0,10,14,71.4,99,1,7.1,0,0.0,0.7,29,7.1,8.5,9.9,99.0,114.9,3,34,17.6,3.82,5.0,2015,16,28177087.3125,7044271.828125,Spotrac 2026 Rookie Scale – 1st-round average fallback (pick not found),2012.0,4.0,fractional first-down count
Ryan Nassib,NYG,25,10/03/1990,25/04/2013,1,0,6.25,0.0,5,5,100.0,68,1,20.0,0,0.0,0.4,25,13.6,17.6,13.6,68.0,158.3,0,0,0.0,13.6,17.6,2015,16,2613600.0,653400.0,OverTheCap – Quarterback Contract History,2013.0,4.0,fractional first-down count
Kellen Clemens,SDG,32,06/06/1983,29/04/2006,2,0,12.5,0.0,5,6,83.3,63,1,16.7,0,0.0,0.4,19,10.5,13.8,12.6,31.5,150.0,0,0,0.0,10.5,13.83,2015,16,,,,,,fractional first-down count
Ryan Lindley,IND,26,22/06/1989,26/04/2012,1,0,6.25,0.0,6,10,60.0,58,1,10.0,0,0.0,0.4,18,5.8,7.8,9.7,58.0,109.6,0,0,0.0,5.8,7.8,2015,16,1335000.0,667500.0,OverTheCap – Quarterback Contract History,2015.0,2.0,fractional first-down count
Antonio Andrews,TEN,23,17/08/1992,08/05/2014,14,10,87.5,62.5,1,1,100.0,41,1,100.0,0,0.0,0.1,41,41.0,61.0,41.0,2.9,158.3,0,0,0.0,41.0,61.0,2015,16,28177087.3125,7044271.828125,Spotrac 2026 Rookie Scale – 1st-round average fallback (pick not found),2014.0,4.0,fractional first-down count
Tarvaris Jackson,SEA,32,21/04/1983,29/04/2006,4,0,25.0,0.0,4,6,66.7,37,0,0.0,0,0.0,0.3,17,6.2,6.2,9.3,9.3,83.3,1,6,14.3,4.43,4.43,2015,16,1500000.0,1500000.0,OverTheCap – Quarterback Contract History,2015.0,1.0,fractional first-down count
Danny Amendola,NWE,30,02/11/1985,25/04/2009,14,7,87.5,43.75,1,1,100.0,36,0,0.0,0,0.0,0.1,36,36.0,36.0,36.0,2.6,118.7,0,0,0.0,36.0,36.0,2015,16,,,,,,fractional first-down count
Derek Anderson,CAR,32,15/06/1983,29/04/2006,3,0,18.75,0.0,4,6,66.7,36,0,0.0,0,0.0,0.2,24,6.0,6.0,9.0,12.0,82.6,0,0,0.0,6.0,6.0,2015,16,4500000.0,2250000.0,OverTheCap – Quarterback Contract History,2015.0,2.0,fractional first-down count
Sean Mannion,STL,23,25/04/1992,30/04/2015,1,0,6.25,0.0,6,7,85.7,31,0,0.0,0,0.0,0.2,11,4.4,4.4,5.2,31.0,85.1,0,0,0.0,4.43,4.43,2015,16,3250896.0,812724.0,OverTheCap – Quarterback Contract History,2015.0,4.0,fractional first-down count
Johnny Hekker,STL,25,08/02/1990,26/04/2012,16,0,100.0,0.0,1,4,25.0,20,0,0.0,0,0.0,0.1,20,5.0,5.0,20.0,1.3,47.9,0,0,0.0,5.0,5.0,2015,16,28177087.3125,7044271.828125,Spotrac 2026 Rookie Scale – 1st-round average fallback (pick not found),2012.0,4.0,fractional first-down count
Matt Moore,MIA,31,09/08/1984,28/04/2007,1,0,6.25,0.0,1,1,100.0,14,0,0.0,0,0.0,0.1,14,14.0,14.0,14.0,14.0,118.7,0,0,0.0,14.0,14.0,2015,16,2600000.0,2600000.0,OverTheCap – Quarterback Contract History,2015.0,1.0,fractional first-down count
Sean Renfree,ATL,25,28/04/1990,25/04/2013,2,0,12.5,0.0,3,7,42.9,11,0,0.0,1,14.3,0.1,11,1.6,-4.9,3.7,5.5,10.7,2,17,22.2,-0.67,-5.67,2015,16,2205896.0,551474.0,OverTheCap – Quarterback Contract History,2013.0,4.0,fractional first-down count
Jarvis Landry,MIA,23,28/11/1992,08/05/2014,16,14,100.0,87.5,1,1,100.0,9,0,0.0,0,0.0,0.1,9,9.0,9.0,9.0,0.6,104.2,0,0,0.0,9.0,9.0,2015,16,,,,,,fractional first-down count
Chase Daniel,KAN,29,07/10/1986,25/04/2009,2,0,12.5,0.0,2,2,100.0,4,0,0.0,0,0.0,0.1,6,2.0,2.0,2.0,2.0,79.2,0,0,0.0,2.0,2.0,2015,16,10000000.0,3333333.0,OverTheCap – Quarterback Contract History,2013.0,3.0,fractional first-down count
Drew Brees,NOR,37,15/01/1979,21/04/2001,16,16,100.0,100.0,471,673,70.0,5208,37,5.5,15,2.2,26.5,98,7.7,7.8,11.1,325.5,101.7,27,184,3.9,7.18,7.27,2016,16,24250000.0,24250000.0,OverTheCap – Quarterback Contract History,2016.0,1.0,fractional first-down count
Kirk Cousins,WAS,28,19/08/1988,26/04/2012,16,16,100.0,100.0,406,606,67.0,4917,25,4.1,12,2.0,22.7,80,8.1,8.0,12.1,307.3,97.2,23,190,3.7,7.52,7.45,2016,16,19953000.0,19953000.0,OverTheCap – Quarterback Contract History,2016.0,1.0,fractional first-down count
Aaron Rodgers,GNB,33,02/12/1983,23/04/2005,16,16,100.0,100.0,401,610,65.7,4428,40,6.6,7,1.1,22.6,66,7.3,8.1,11.0,276.8,104.2,35,246,5.4,6.48,7.24,2016,16,110000000.0,22000000.0,OverTheCap – Quarterback Contract History,2013.0,5.0,fractional first-down count
Philip Rivers,SDG,35,08/12/1981,24/04/2004,16,16,100.0,100.0,349,578,60.4,4386,33,5.7,21,3.6,21.5,59,7.6,7.1,12.6,274.1,87.9,36,188,5.9,6.84,6.37,2016,16,83250000.0,20812500.0,OverTheCap – Quarterback Contract History,2015.0,4.0,fractional first-down count
Matthew Stafford,DET,28,07/02/1988,25/04/2009,16,16,100.0,100.0,388,594,65.3,4327,24,4.0,10,1.7,21.8,73,7.3,7.3,11.2,270.4,93.3,37,216,5.9,6.52,6.56,2016,16,,,,,,fractional first-down count
Joe Flacco,BAL,31,16/01/1985,26/04/2008,16,16,100.0,100.0,436,672,64.9,4317,20,3.0,15,2.2,20.4,95,6.4,6.0,9.9,269.8,83.5,33,243,4.7,5.78,5.39,2016,16,66400000.0,22133333.0,OverTheCap – Quarterback Contract History,2016.0,3.0,fractional first-down count
Andrew Luck,IND,27,12/09/1989,26/04/2012,15,15,93.75,93.75,346,545,63.5,4240,31,5.7,13,2.4,20.6,64,7.8,7.8,12.3,282.7,96.4,41,268,7.0,6.78,6.84,2016,16,122970000.0,24594000.0,OverTheCap – Quarterback Contract History,2016.0,5.0,fractional first-down count
Russell Wilson,SEA,28,29/11/1988,26/04/2012,16,16,100.0,100.0,353,546,64.7,4219,21,3.8,11,2.0,19.3,59,7.7,7.6,12.0,263.7,92.6,41,293,7.0,6.69,6.56,2016,16,87600000.0,21900000.0,OverTheCap – Quarterback Contract History,2015.0,4.0,fractional first-down count
Andy Dalton,CIN,29,29/10/1987,28/04/2011,16,16,100.0,100.0,364,563,64.7,4206,18,3.2,8,1.4,20.6,86,7.5,7.5,11.6,262.9,91.8,41,264,6.8,6.53,6.53,2016,16,96000000.0,16000000.0,OverTheCap – Quarterback Contract History,2014.0,6.0,fractional first-down count
Jameis Winston,TAM,22,06/01/1994,30/04/2015,16,16,100.0,100.0,345,567,60.8,4090,28,4.9,18,3.2,21.6,45,7.2,6.8,11.9,255.6,86.1,35,239,5.8,6.4,5.98,2016,16,25351277.0,6337819.0,OverTheCap – Quarterback Contract History,2015.0,4.0,fractional first-down count
Eli Manning,NYG,35,03/01/1981,24/04/2004,16,16,100.0,100.0,377,598,63.0,4027,26,4.3,16,2.7,19.1,75,6.7,6.4,10.7,251.7,86.0,21,142,3.4,6.28,5.95,2016,16,84000000.0,21000000.0,OverTheCap – Quarterback Contract History,2015.0,4.0,fractional first-down count
Derek Carr,OAK,25,28/03/1991,08/05/2014,15,15,93.75,93.75,357,560,63.8,3937,28,5.0,6,1.1,19.1,75,7.0,7.5,11.0,262.5,96.7,16,79,2.8,6.7,7.2,2016,16,5371802.0,1342951.0,OverTheCap – Quarterback Contract History,2014.0,4.0,fractional first-down count
Blake Bortles,JAX,24,16/12/1991,08/05/2014,16,16,100.0,100.0,368,625,58.9,3905,23,3.7,16,2.6,20.7,51,6.2,5.8,10.6,244.1,78.8,34,197,5.2,5.63,5.23,2016,16,20654802.0,5163701.0,OverTheCap – Quarterback Contract History,2014.0,4.0,fractional first-down count
Sam Bradford,MIN,29,08/11/1987,22/04/2010,15,15,93.75,93.75,395,552,71.6,3877,20,3.6,5,0.9,19.9,71,7.0,7.3,9.8,258.5,99.3,37,276,6.3,6.11,6.41,2016,16,35000000.0,17500000.0,OverTheCap – Quarterback Contract History,2016.0,2.0,fractional first-down count
Ben Roethlisberger,PIT,34,02/03/1982,24/04/2004,14,14,87.5,87.5,328,509,64.4,3819,29,5.7,13,2.6,18.4,72,7.5,7.5,11.6,272.8,95.4,17,141,3.2,6.99,6.98,2016,16,87400000.0,21850000.0,OverTheCap – Quarterback Contract History,2015.0,4.0,fractional first-down count
Carson Wentz,PHI,24,30/12/1992,28/04/2016,16,16,100.0,100.0,379,607,62.4,3782,16,2.6,14,2.3,19.2,73,6.2,5.7,10.0,236.4,79.3,33,213,5.2,5.58,5.09,2016,16,26676338.0,6669085.0,OverTheCap – Quarterback Contract History,2016.0,4.0,fractional first-down count
Dak Prescott,DAL,23,29/07/1993,28/04/2016,16,16,100.0,100.0,311,459,67.8,3667,23,5.0,4,0.9,18.5,83,8.0,8.6,11.8,229.2,104.9,25,143,5.2,7.28,7.86,2016,16,2723392.0,680848.0,OverTheCap – Quarterback Contract History,2016.0,4.0,fractional first-down count
Tom Brady,NWE,39,03/08/1977,15/04/2000,12,12,75.0,75.0,291,432,67.4,3554,28,6.5,2,0.5,16.5,79,8.2,9.3,12.2,296.2,112.2,15,87,3.4,7.76,8.81,2016,16,41000000.0,20500000.0,OverTheCap – Quarterback Contract History,2016.0,2.0,fractional first-down count
Cam Newton,CAR,27,11/05/1989,28/04/2011,15,14,93.75,87.5,270,510,52.9,3509,19,3.7,14,2.7,17.3,88,6.9,6.4,13.0,233.9,75.8,36,277,6.6,5.92,5.46,2016,16,103800000.0,20760000.0,OverTheCap – Quarterback Contract History,2015.0,5.0,fractional first-down count
Alex Smith,KAN,32,07/05/1984,23/04/2005,15,15,93.75,93.75,328,489,67.1,3502,15,3.1,8,1.6,18.2,80,7.2,7.0,10.7,233.5,91.2,28,140,5.4,6.5,6.39,2016,16,68000000.0,17000000.0,OverTheCap – Quarterback Contract History,2014.0,4.0,fractional first-down count
Marcus Mariota,TEN,23,30/10/1993,30/04/2015,15,15,93.75,93.75,276,451,61.2,3426,26,5.8,9,2.0,15.7,60,7.6,7.9,12.4,228.4,95.6,23,156,4.9,6.9,7.14,2016,16,24213974.0,6053494.0,OverTheCap – Quarterback Contract History,2015.0,4.0,fractional first-down count
Trevor Siemian,DEN,25,26/12/1991,30/04/2015,14,14,87.5,87.5,289,486,59.5,3401,18,3.7,10,2.1,15.5,76,7.0,6.8,11.8,242.9,84.6,31,187,6.0,6.22,6.04,2016,16,2332784.0,583196.0,OverTheCap – Quarterback Contract History,2015.0,4.0,fractional first-down count
Tyrod Taylor,BUF,27,03/08/1989,28/04/2011,15,15,93.75,93.75,269,436,61.7,3023,17,3.9,6,1.4,14.8,84,6.9,7.1,11.2,201.5,89.7,42,192,8.8,5.92,6.07,2016,16,90000000.0,18000000.0,OverTheCap – Quarterback Contract History,2016.0,5.0,fractional first-down count
Ryan Tannehill,MIA,28,27/07/1988,26/04/2012,13,13,81.25,81.25,261,389,67.1,2995,19,4.9,12,3.1,13.4,74,7.7,7.3,11.5,230.4,93.5,29,216,6.9,6.65,6.27,2016,16,77000000.0,19250000.0,OverTheCap – Quarterback Contract History,2015.0,4.0,fractional first-down count
Brock Osweiler,HOU,26,22/11/1990,26/04/2012,15,14,93.75,87.5,301,510,59.0,2957,15,2.9,16,3.1,15.4,53,5.8,5.0,9.8,197.1,72.2,27,206,5.0,5.12,4.34,2016,16,72000000.0,18000000.0,OverTheCap – Quarterback Contract History,2016.0,4.0,fractional first-down count
Colin Kaepernick,SFO,29,03/11/1987,28/04/2011,12,11,75.0,68.75,196,331,59.2,2241,16,4.8,4,1.2,10.1,65,6.8,7.2,11.4,186.8,90.7,36,207,9.8,5.54,5.92,2016,16,31200000.0,15600000.0,OverTheCap – Quarterback Contract History,2016.0,2.0,fractional first-down count
Case Keenum,LAR,28,17/02/1988,26/04/2012,10,9,62.5,56.25,196,322,60.9,2201,9,2.8,11,3.4,10.3,65,6.8,5.9,11.2,220.1,76.4,23,140,6.7,5.97,5.06,2016,16,,,,,,fractional first-down count
Brian Hoyer,CHI,31,31/10/1985,25/04/2009,6,5,37.5,31.25,134,200,67.0,1445,6,3.0,0,0.0,7.5,64,7.2,7.8,10.8,240.8,98.0,4,18,2.0,7.0,7.58,2016,16,2000000.0,2000000.0,OverTheCap – Quarterback Contract History,2016.0,1.0,fractional first-down count
Cody Kessler,CLE,23,11/05/1993,28/04/2016,9,8,56.25,50.0,128,195,65.6,1380,6,3.1,2,1.0,6.9,44,7.1,7.2,10.8,153.3,92.3,21,140,9.7,5.74,5.88,2016,16,3389082.0,847271.0,OverTheCap – Quarterback Contract History,2016.0,4.0,fractional first-down count
Josh McCown,CLE,37,04/07/1979,20/04/2002,5,3,31.25,18.75,90,165,54.5,1100,6,3.6,6,3.6,5.6,54,6.7,5.8,12.2,220.0,72.3,18,126,9.8,5.32,4.5,2016,16,14000000.0,4666667.0,OverTheCap – Quarterback Contract History,2015.0,3.0,fractional first-down count
Jared Goff,LAR,22,14/10/1994,28/04/2016,7,7,43.75,43.75,112,205,54.6,1089,5,2.4,7,3.4,4.8,66,5.3,4.3,9.7,155.6,63.6,26,222,11.3,3.75,2.82,2016,16,27937672.0,6984418.0,OverTheCap – Quarterback Contract History,2016.0,4.0,fractional first-down count
Jay Cutler,CHI,33,29/04/1983,29/04/2006,5,5,31.25,31.25,81,137,59.1,1059,4,2.9,5,3.6,4.5,54,7.7,6.7,13.1,211.8,78.1,17,104,11.0,6.2,5.26,2016,16,126700000.0,18100000.0,OverTheCap – Quarterback Contract History,2014.0,7.0,fractional first-down count
Robert Griffin III,CLE,26,12/02/1990,26/04/2012,5,5,31.25,31.25,87,147,59.2,886,2,1.4,3,2.0,4.3,58,6.0,5.4,10.2,177.2,72.5,22,138,13.0,4.43,3.86,2016,16,15000000.0,7500000.0,OverTheCap – Quarterback Contract History,2016.0,2.0,fractional first-down count
Bryce Petty,NYJ,25,31/05/1991,28/04/2016,6,4,37.5,25.0,75,133,56.4,809,3,2.3,7,5.3,3.5,52,6.1,4.2,10.8,134.8,60.0,13,79,8.9,5.0,3.25,2016,16,2833696.0,708424.0,OverTheCap – Quarterback Contract History,2015.0,4.0,fractional first-down count
Matt Moore,MIA,32,09/08/1984,28/04/2007,4,3,25.0,18.75,55,87,63.2,721,8,9.2,3,3.4,3.5,66,8.3,8.6,13.1,180.3,105.6,1,0,1.1,8.19,8.48,2016,16,3550000.0,1775000.0,OverTheCap – Quarterback Contract History,2016.0,2.0,fractional first-down count
Landry Jones,PIT,27,04/04/1989,25/04/2013,8,2,50.0,12.5,53,86,61.6,558,4,4.7,2,2.3,2.7,51,6.5,6.4,10.5,69.8,86.3,4,34,4.4,5.82,5.71,2016,16,2599220.0,649805.0,OverTheCap – Quarterback Contract History,2013.0,4.0,fractional first-down count
Jimmy Garoppolo,NWE,25,02/11/1991,08/05/2014,6,2,37.5,12.5,43,63,68.3,502,4,6.3,0,0.0,2.2,37,8.0,9.2,11.7,83.7,113.3,3,15,4.5,7.38,8.59,2016,16,3483898.0,870975.0,OverTheCap – Quarterback Contract History,2014.0,4.0,fractional first-down count
Paxton Lynch,DEN,22,12/02/1994,28/04/2016,3,2,18.75,12.5,49,83,59.0,497,2,2.4,1,1.2,2.5,31,6.0,5.9,10.1,165.7,79.2,9,42,9.8,4.95,4.89,2016,16,9476306.0,2369077.0,OverTheCap – Quarterback Contract History,2016.0,4.0,fractional first-down count
Derek Anderson,CAR,33,15/06/1983,29/04/2006,5,2,31.25,12.5,36,53,67.9,453,2,3.8,5,9.4,2.2,48,8.5,5.1,12.6,90.6,67.6,0,0,0.0,8.55,5.06,2016,16,4500000.0,2250000.0,OverTheCap – Quarterback Contract History,2015.0,2.0,fractional first-down count
Nick Foles,KAN,27,20/01/1989,26/04/2012,3,1,18.75,6.25,36,55,65.5,410,3,5.5,0,0.0,1.5,49,7.5,8.5,11.4,136.7,105.9,4,34,6.8,6.37,7.39,2016,16,8500000.0,4250000.0,OverTheCap – Quarterback Contract History,2016.0,2.0,fractional first-down count
Jacoby Brissett,NWE,24,11/12/1992,28/04/2016,3,2,18.75,12.5,34,55,61.8,400,0,0.0,0,0.0,1.8,58,7.3,7.3,11.8,133.3,83.9,6,46,9.8,5.8,5.8,2016,16,3410832.0,852708.0,OverTheCap – Quarterback Contract History,2016.0,4.0,fractional first-down count
Matt Cassel,TEN,34,17/05/1982,23/04/2005,4,1,25.0,6.25,30,51,58.8,284,2,3.9,2,3.9,1.6,50,5.6,4.6,9.5,71.0,71.0,5,23,8.9,4.66,3.77,2016,16,2000000.0,2000000.0,OverTheCap – Quarterback Contract History,2016.0,1.0,fractional first-down count
Shaun Hill,MIN,36,09/01/1980,23/04/2005,3,1,18.75,6.25,19,35,54.3,242,0,0.0,0,0.0,1.2,33,6.9,6.9,12.7,80.7,76.1,1,7,2.8,6.53,6.53,2016,16,6500000.0,3250000.0,OverTheCap – Quarterback Contract History,2015.0,2.0,fractional first-down count
Scott Tolzien,IND,29,04/09/1987,28/04/2011,3,1,18.75,6.25,23,37,62.2,216,1,2.7,2,5.4,1.3,32,5.8,3.9,9.4,72.0,64.7,3,21,7.5,4.88,3.13,2016,16,3500000.0,1750000.0,OverTheCap – Quarterback Contract History,2016.0,2.0,fractional first-down count
Drew Stanton,ARI,32,07/05/1984,26/04/2008,5,1,31.25,6.25,19,48,39.6,192,2,4.2,3,6.3,1.1,29,4.0,2.0,10.1,38.4,39.6,1,8,2.0,3.76,1.82,2016,16,6500000.0,3250000.0,OverTheCap – Quarterback Contract History,2016.0,2.0,fractional first-down count
Charlie Whitehurst,CLE,34,06/08/1982,29/04/2006,1,0,6.25,0.0,14,24,58.3,182,1,4.2,1,4.2,0.8,31,7.6,6.5,13.0,182.0,78.8,2,14,7.7,6.46,5.5,2016,16,1000000.0,1000000.0,OverTheCap – Quarterback Contract History,2016.0,1.0,fractional first-down count
Connor Cook,OAK,23,29/01/1993,28/04/2016,1,0,6.25,0.0,14,21,66.7,150,1,4.8,1,4.8,0.6,32,7.1,6.0,10.7,150.0,83.4,2,7,8.7,6.22,5.13,2016,16,2959888.0,739972.0,OverTheCap – Quarterback Contract History,2016.0,4.0,fractional first-down count
Trevone Boykin,SEA,23,22/08/1993,28/04/2016,5,0,31.25,0.0,13,18,72.2,145,1,5.6,1,5.6,0.8,31,8.1,6.7,11.2,29.0,91.2,1,5,5.3,7.37,6.05,2016,16,1635000.0,545000.0,OverTheCap – Quarterback Contract History,2016.0,3.0,fractional first-down count
EJ Manuel,BUF,26,19/03/1990,25/04/2013,6,1,37.5,6.25,11,26,42.3,131,0,0.0,0,0.0,0.6,35,5.0,5.0,11.9,21.8,58.3,3,20,10.3,3.83,3.83,2016,16,8885300.0,2221325.0,OverTheCap – Quarterback Contract History,2013.0,4.0,fractional first-down count
Geno Smith,NYJ,26,10/10/1990,25/04/2013,2,1,12.5,6.25,8,14,57.1,126,1,7.1,1,7.1,0.3,69,9.0,7.2,15.8,63.0,81.2,3,19,17.6,6.29,4.82,2016,16,5019603.0,1254901.0,OverTheCap – Quarterback Contract History,2013.0,4.0,fractional first-down count
Kevin Hogan,CLE,24,20/10/1992,28/04/2016,4,0,25.0,0.0,14,26,53.8,104,0,0.0,2,7.7,0.6,17,4.0,0.5,7.4,26.0,31.6,2,10,7.1,3.36,0.14,2016,16,990000.0,495000.0,OverTheCap – Quarterback Contract History,2016.0,2.0,fractional first-down count
Cardale Jones,BUF,24,29/09/1992,28/04/2016,1,0,6.25,0.0,6,11,54.5,96,0,0.0,1,9.1,0.2,64,8.7,4.6,16.0,96.0,46.0,1,2,8.3,7.83,4.08,2016,16,2723392.0,680848.0,OverTheCap – Quarterback Contract History,2016.0,4.0,fractional first-down count
Mark Sanchez,DAL,30,11/11/1986,25/04/2009,2,0,12.5,0.0,10,18,55.6,93,0,0.0,2,11.1,0.5,33,5.2,0.2,9.3,46.5,30.3,3,25,14.3,3.24,-1.05,2016,16,2000000.0,2000000.0,OverTheCap – Quarterback Contract History,2016.0,1.0,fractional first-down count
Mike Glennon,TAM,27,12/12/1989,25/04/2013,2,0,12.5,0.0,10,11,90.9,75,1,9.1,0,0.0,0.6,13,6.8,8.6,7.5,37.5,125.4,0,0,0.0,6.82,8.64,2016,16,3104063.0,776016.0,OverTheCap – Quarterback Contract History,2013.0,4.0,fractional first-down count
Matt McGloin,OAK,27,02/12/1989,25/04/2013,3,1,18.75,6.25,8,15,53.3,50,0,0.0,0,0.0,0.3,19,3.3,3.3,6.3,16.7,60.4,0,0,0.0,3.33,3.33,2016,16,2553000.0,2553000.0,OverTheCap – Quarterback Contract History,2016.0,1.0,fractional first-down count
Willie Snead,NOR,24,17/10/1992,08/05/2014,15,4,93.75,25.0,1,1,100.0,50,1,100.0,0,0.0,0.1,50,50.0,70.0,50.0,3.3,158.3,0,0,0.0,50.0,70.0,2016,16,,,,,,fractional first-down count
Tanner McEvoy,SEA,23,26/01/1993,28/04/2016,14,0,87.5,0.0,1,1,100.0,43,0,0.0,0,0.0,0.1,43,43.0,43.0,43.0,3.1,118.7,0,0,0.0,43.0,43.0,2016,16,28177087.3125,7044271.828125,Spotrac 2026 Rookie Scale – 1st-round average fallback (pick not found),2016.0,4.0,fractional first-down count
Terrelle Pryor,CLE,27,20/06/1989,28/04/2011,16,15,100.0,93.75,5,9,55.6,41,0,0.0,0,0.0,0.1,26,4.6,4.6,8.2,2.6,67.4,1,1,10.0,4.0,4.0,2016,16,,,,,,fractional first-down count
Pat McAfee,IND,29,02/05/1987,25/04/2009,16,0,100.0,0.0,1,1,100.0,35,0,0.0,0,0.0,0.1,35,35.0,35.0,35.0,2.2,118.7,0,0,0.0,35.0,35.0,2016,16,,,,,,fractional first-down count
Tress Way,WAS,26,18/04/1990,08/05/2014,16,0,100.0,0.0,1,1,100.0,31,0,0.0,0,0.0,0.1,31,31.0,31.0,31.0,1.9,118.7,0,0,0.0,31.0,31.0,2016,16,28177087.3125,7044271.828125,Spotrac 2026 Rookie Scale – 1st-round average fallback (pick not found),2014.0,4.0,fractional first-down count
Tony Romo,DAL,36,21/04/1980,24/04/2004,1,0,6.25,0.0,3,4,75.0,29,1,25.0,0,0.0,0.3,15,7.3,12.3,9.7,29.0,134.4,0,0,0.0,7.25,12.25,2016,16,108000000.0,18000000.0,OverTheCap – Quarterback Contract History,2013.0,6.0,fractional first-down count
Ryan Mallett,BAL,28,05/06/1988,28/04/2011,4,0,25.0,0.0,3,6,50.0,26,0,0.0,1,16.7,0.1,12,4.3,-3.2,8.7,6.5,22.2,0,0,0.0,4.33,-3.17,2016,16,7000000.0,3500000.0,OverTheCap – Quarterback Contract History,2015.0,2.0,fractional first-down count
David Fales,CHI,26,04/10/1990,08/05/2014,1,0,6.25,0.0,2,5,40.0,22,0,0.0,0,0.0,0.2,12,4.4,4.4,11.0,22.0,53.7,1,5,16.7,2.83,2.83,2016,16,600000.0,600000.0,OverTheCap – Quarterback Contract History,2016.0,1.0,fractional first-down count
Marqise Lee,JAX,25,25/11/1991,08/05/2014,16,6,100.0,37.5,1,1,100.0,20,1,100.0,0,0.0,0.1,20,20.0,40.0,20.0,1.3,158.3,0,0,0.0,20.0,40.0,2016,16,,,,,,fractional first-down count
Sean Mannion,LAR,24,25/04/1992,30/04/2015,1,0,6.25,0.0,3,6,50.0,19,0,0.0,1,16.7,0.1,9,3.2,-4.3,6.3,19.0,17.4,0,0,0.0,3.17,-4.33,2016,16,3250896.0,812724.0,OverTheCap – Quarterback Contract History,2015.0,4.0,fractional first-down count
Chase Daniel,PHI,30,07/10/1986,25/04/2009,1,0,6.25,0.0,1,1,100.0,16,0,0.0,0,0.0,0.1,16,16.0,16.0,16.0,16.0,118.7,0,0,0.0,16.0,16.0,2016,16,21000000.0,7000000.0,OverTheCap – Quarterback Contract History,2016.0,3.0,fractional first-down count
Riley Dixon,DEN,23,24/08/1993,28/04/2016,16,0,100.0,0.0,1,1,100.0,16,0,0.0,0,0.0,0.1,16,16.0,16.0,16.0,1.0,118.7,0,0,0.0,16.0,16.0,2016,16,,,,,,fractional first-down count
Matt Schaub,ATL,35,25/06/1981,24/04/2004,4,0,25.0,0.0,1,3,33.3,16,0,0.0,0,0.0,0.1,16,5.3,5.3,16.0,4.0,52.1,0,0,0.0,5.33,5.33,2016,16,1750000.0,1750000.0,OverTheCap – Quarterback Contract History,2016.0,1.0,fractional first-down count
Doug Baldwin,SEA,28,21/09/1988,28/04/2011,16,15,100.0,93.75,1,1,100.0,15,1,100.0,0,0.0,0.1,15,15.0,35.0,15.0,0.9,158.3,0,0,0.0,15.0,35.0,2016,16,,,,,,fractional first-down count
Dez Bryant,DAL,28,04/11/1988,22/04/2010,13,13,81.25,81.25,1,1,100.0,10,1,100.0,0,0.0,0.1,10,10.0,30.0,10.0,0.8,147.9,0,0,0.0,10.0,30.0,2016,16,,,,,,fractional first-down count
DeMarco Murray,TEN,28,12/02/1988,28/04/2011,16,16,100.0,100.0,1,2,50.0,10,1,50.0,0,0.0,0.1,10,5.0,15.0,10.0,0.6,104.2,0,0,0.0,5.0,15.0,2016,16,,,,,,fractional first-down count
Johnny Hekker,LAR,26,08/02/1990,26/04/2012,16,0,100.0,0.0,1,2,50.0,4,0,0.0,0,0.0,0.1,4,2.0,2.0,4.0,0.3,56.2,0,0,0.0,2.0,2.0,2016,16,,,,,,fractional first-down count
Cameron Meredith,CHI,24,21/09/1992,30/04/2015,14,10,87.5,62.5,1,1,100.0,2,1,100.0,0,0.0,0.1,2,2.0,22.0,2.0,0.1,118.7,0,0,0.0,2.0,22.0,2016,16,28177087.3125,7044271.828125,Spotrac 2026 Rookie Scale – 1st-round average fallback (pick not found),2015.0,4.0,fractional first-down count
Dontari Poe,KAN,26,18/08/1990,26/04/2012,16,16,100.0,100.0,1,1,100.0,2,1,100.0,0,0.0,0.1,2,2.0,22.0,2.0,0.1,118.7,0,0,0.0,2.0,22.0,2016,16,,,,,,fractional first-down count
Philip Rivers,LAC,36,08/12/1981,24/04/2004,16,16,100.0,100.0,360,575,62.6,4515,28,4.9,10,1.7,21.7,75,7.9,8.0,12.5,282.2,96.0,18,120,3.0,7.41,7.6,2017,16,83250000.0,20812500.0,OverTheCap – Quarterback Contract History,2015.0,4.0,fractional first-down count
Drew Brees,NOR,38,15/01/1979,21/04/2001,16,16,100.0,100.0,386,536,72.0,4334,23,4.3,8,1.5,20.3,54,8.1,8.3,11.2,270.9,103.9,20,145,3.6,7.53,7.71,2017,16,,,,,,fractional first-down count
Ben Roethlisberger,PIT,35,02/03/1982,24/04/2004,15,15,93.75,93.75,360,561,64.2,4251,28,5.0,14,2.5,20.4,97,7.6,7.5,11.8,283.4,93.4,21,139,3.6,7.07,6.95,2017,16,87400000.0,21850000.0,OverTheCap – Quarterback Contract History,2015.0,4.0,fractional first-down count
Matt Ryan,ATL,32,17/05/1985,26/04/2008,16,16,100.0,100.0,342,529,64.7,4095,20,3.8,12,2.3,19.9,88,7.7,7.5,12.0,255.9,91.4,24,156,4.3,7.12,6.87,2017,16,103750000.0,20750000.0,OverTheCap – Quarterback Contract History,2013.0,5.0,fractional first-down count
Kirk Cousins,WAS,29,19/08/1988,26/04/2012,16,16,100.0,100.0,347,540,64.3,4093,27,5.0,13,2.4,19.4,74,7.6,7.5,11.8,255.8,93.9,41,342,7.1,6.46,6.38,2017,16,23943600.0,23943600.0,OverTheCap – Quarterback Contract History,2017.0,1.0,fractional first-down count
Alex Smith,KAN,33,07/05/1984,23/04/2005,15,15,93.75,93.75,341,505,67.5,4042,26,5.1,5,1.0,18.2,79,8.0,8.6,11.9,269.5,104.7,35,207,6.5,7.1,7.65,2017,16,68000000.0,17000000.0,OverTheCap – Quarterback Contract History,2014.0,4.0,fractional first-down count
Russell Wilson,SEA,29,29/11/1988,26/04/2012,16,16,100.0,100.0,339,553,61.3,3983,34,6.1,11,2.0,18.9,74,7.2,7.5,11.7,248.9,95.4,43,322,7.2,6.14,6.45,2017,16,87600000.0,21900000.0,OverTheCap – Quarterback Contract History,2015.0,4.0,fractional first-down count
Jared Goff,LAR,23,14/10/1994,28/04/2016,15,15,93.75,93.75,296,477,62.1,3804,28,5.9,7,1.5,17.7,94,8.0,8.5,12.9,253.6,100.5,25,172,5.0,7.24,7.72,2017,16,27937672.0,6984418.0,OverTheCap – Quarterback Contract History,2016.0,4.0,fractional first-down count
Blake Bortles,JAX,25,16/12/1991,08/05/2014,16,16,100.0,100.0,315,523,60.2,3687,21,4.0,13,2.5,19.5,75,7.0,6.7,11.7,230.4,84.7,24,123,4.4,6.52,6.21,2017,16,20654802.0,5163701.0,OverTheCap – Quarterback Contract History,2014.0,4.0,fractional first-down count
Jameis Winston,TAM,23,06/01/1994,30/04/2015,13,13,81.25,81.25,282,442,63.8,3504,19,4.3,11,2.5,18.5,70,7.9,7.7,12.4,269.5,92.2,33,207,6.9,6.94,6.7,2017,16,25351277.0,6337819.0,OverTheCap – Quarterback Contract History,2015.0,4.0,fractional first-down count
Derek Carr,OAK,26,28/03/1991,08/05/2014,15,15,93.75,93.75,323,515,62.7,3496,22,4.3,13,2.5,16.8,87,6.8,6.5,10.8,233.1,86.4,20,101,3.7,6.35,6.07,2017,16,125025000.0,25005000.0,OverTheCap – Quarterback Contract History,2017.0,5.0,fractional first-down count
Eli Manning,NYG,36,03/01/1981,24/04/2004,15,15,93.75,93.75,352,571,61.6,3468,19,3.3,13,2.3,17.2,77,6.1,5.7,9.9,231.2,80.4,31,189,5.1,5.45,5.11,2017,16,84000000.0,21000000.0,OverTheCap – Quarterback Contract History,2015.0,4.0,fractional first-down count
Dak Prescott,DAL,24,29/07/1993,28/04/2016,16,16,100.0,100.0,308,490,62.9,3324,22,4.5,13,2.7,16.2,81,6.8,6.5,10.8,207.8,86.6,32,185,6.1,6.01,5.74,2017,16,2723392.0,680848.0,OverTheCap – Quarterback Contract History,2016.0,4.0,fractional first-down count
Andy Dalton,CIN,30,29/10/1987,28/04/2011,16,16,100.0,100.0,297,496,59.9,3320,25,5.0,12,2.4,16.3,77,6.7,6.6,11.2,207.5,86.6,39,255,7.3,5.73,5.65,2017,16,96000000.0,16000000.0,OverTheCap – Quarterback Contract History,2014.0,6.0,fractional first-down count
Cam Newton,CAR,28,11/05/1989,28/04/2011,16,16,100.0,100.0,291,492,59.1,3302,22,4.5,16,3.3,16.7,64,6.7,6.1,11.3,206.4,80.7,35,242,6.6,5.81,5.28,2017,16,103800000.0,20760000.0,OverTheCap – Quarterback Contract History,2015.0,5.0,fractional first-down count
Carson Wentz,PHI,25,30/12/1992,28/04/2016,13,13,81.25,81.25,265,440,60.2,3296,33,7.5,7,1.6,16.1,72,7.5,8.3,12.4,253.5,101.9,28,162,6.0,6.7,7.43,2017,16,26676338.0,6669085.0,OverTheCap – Quarterback Contract History,2016.0,4.0,fractional first-down count
Marcus Mariota,TEN,24,30/10/1993,30/04/2015,15,15,93.75,93.75,281,453,62.0,3232,13,2.9,15,3.3,14.9,75,7.1,6.2,11.5,215.5,79.3,27,173,5.6,6.37,5.51,2017,16,24213974.0,6053494.0,OverTheCap – Quarterback Contract History,2015.0,4.0,fractional first-down count
Joe Flacco,BAL,32,16/01/1985,26/04/2008,16,16,100.0,100.0,352,549,64.1,3141,18,3.3,13,2.4,16.3,66,5.7,5.3,8.9,196.3,80.4,27,205,4.7,5.1,4.71,2017,16,66400000.0,22133333.0,OverTheCap – Quarterback Contract History,2016.0,3.0,fractional first-down count
Jacoby Brissett,IND,25,11/12/1992,28/04/2016,16,15,100.0,93.75,276,469,58.8,3098,13,2.8,7,1.5,14.6,80,6.6,6.5,11.2,193.6,81.7,52,305,10.0,5.36,5.26,2017,16,3410832.0,852708.0,OverTheCap – Quarterback Contract History,2016.0,4.0,fractional first-down count
Josh McCown,NYJ,38,04/07/1979,20/04/2002,13,13,81.25,81.25,267,397,67.3,2926,18,4.5,9,2.3,13.7,69,7.4,7.3,11.0,225.1,94.5,39,264,8.9,6.11,6.0,2017,16,6000000.0,6000000.0,OverTheCap – Quarterback Contract History,2017.0,1.0,fractional first-down count
DeShone Kizer,CLE,21,03/01/1996,27/04/2017,15,15,93.75,93.75,255,476,53.6,2894,11,2.3,22,4.6,13.1,56,6.1,4.5,11.3,192.9,60.5,38,226,7.4,5.19,3.69,2017,16,4948412.0,1237103.0,OverTheCap – Quarterback Contract History,2017.0,4.0,fractional first-down count
Tyrod Taylor,BUF,28,03/08/1989,28/04/2011,15,14,93.75,87.5,263,420,62.6,2799,14,3.3,4,1.0,13.3,47,6.7,6.9,10.6,186.6,89.2,46,256,9.9,5.46,5.67,2017,16,30500000.0,15250000.0,OverTheCap – Quarterback Contract History,2017.0,2.0,fractional first-down count
Jay Cutler,MIA,34,29/04/1983,29/04/2006,14,14,87.5,87.5,266,429,62.0,2666,19,4.4,14,3.3,13.8,65,6.2,5.6,10.0,190.4,80.8,20,154,4.5,5.59,5.04,2017,16,10000000.0,10000000.0,OverTheCap – Quarterback Contract History,2017.0,1.0,fractional first-down count
Trevor Siemian,DEN,26,26/12/1991,30/04/2015,11,10,68.75,62.5,206,349,59.0,2285,12,3.4,14,4.0,11.2,44,6.5,5.4,11.1,207.7,73.3,33,220,8.6,5.41,4.38,2017,16,2332784.0,583196.0,OverTheCap – Quarterback Contract History,2015.0,4.0,fractional first-down count
Carson Palmer,ARI,38,27/12/1979,24/04/2004,7,7,43.75,43.75,164,267,61.4,1978,9,3.4,7,2.6,9.5,46,7.4,6.9,12.1,282.6,84.4,22,150,7.6,6.33,5.86,2017,16,,,,,,fractional first-down count
Deshaun Watson,HOU,22,14/09/1995,27/04/2017,7,6,43.75,37.5,126,204,61.8,1699,19,9.3,8,3.9,8.5,72,8.3,8.4,13.5,242.7,103.0,19,116,8.5,7.1,7.19,2017,16,13854482.0,3463621.0,OverTheCap – Quarterback Contract History,2017.0,4.0,fractional first-down count
Aaron Rodgers,GNB,34,02/12/1983,23/04/2005,7,7,43.75,43.75,154,238,64.7,1675,16,6.7,6,2.5,8.6,72,7.0,7.2,10.9,239.3,97.2,22,168,8.5,5.8,5.99,2017,16,110000000.0,22000000.0,OverTheCap – Quarterback Contract History,2013.0,5.0,fractional first-down count
Jimmy Garoppolo,SFO,26,02/11/1991,08/05/2014,6,5,37.5,31.25,120,178,67.4,1560,7,3.9,5,2.8,8.1,61,8.8,8.3,13.0,260.0,96.2,8,57,4.3,8.08,7.62,2017,16,3483898.0,870975.0,OverTheCap – Quarterback Contract History,2014.0,4.0,fractional first-down count
C.J. Beathard,SFO,24,16/11/1993,27/04/2017,7,5,43.75,31.25,123,224,54.9,1430,4,1.8,6,2.7,6.7,83,6.4,5.5,11.6,204.3,69.2,19,141,7.8,5.3,4.52,2017,16,3528646.0,882162.0,OverTheCap – Quarterback Contract History,2017.0,4.0,fractional first-down count
Ryan Fitzpatrick,TAM,35,24/11/1982,23/04/2005,6,3,37.5,18.75,96,163,58.9,1103,7,4.3,3,1.8,6.4,41,6.8,6.8,11.5,183.8,86.0,7,34,4.1,6.29,6.32,2017,16,3000000.0,3000000.0,OverTheCap – Quarterback Contract History,2017.0,1.0,fractional first-down count
Brock Osweiler,DEN,27,22/11/1990,26/04/2012,6,4,37.5,25.0,96,172,55.8,1088,5,2.9,5,2.9,5.3,54,6.3,5.6,11.3,181.3,72.5,10,64,5.5,5.63,4.94,2017,16,775000.0,775000.0,OverTheCap – Quarterback Contract History,2017.0,1.0,fractional first-down count
Blaine Gabbert,ARI,28,15/10/1989,28/04/2011,5,5,31.25,31.25,95,171,55.6,1086,6,3.5,6,3.5,5.5,52,6.4,5.5,11.4,217.2,71.9,23,149,11.9,4.83,4.06,2017,16,855000.0,855000.0,OverTheCap – Quarterback Contract History,2017.0,1.0,fractional first-down count
Drew Stanton,ARI,33,07/05/1984,26/04/2008,5,4,31.25,25.0,79,159,49.7,894,6,3.8,5,3.1,4.9,52,5.6,5.0,11.3,178.8,66.4,7,40,4.2,5.14,4.51,2017,16,6500000.0,3250000.0,OverTheCap – Quarterback Contract History,2016.0,2.0,fractional first-down count
Mike Glennon,CHI,28,12/12/1989,25/04/2013,4,4,25.0,25.0,93,140,66.4,833,4,2.9,5,3.6,4.2,29,6.0,4.9,9.0,208.3,76.9,8,78,5.4,5.1,4.12,2017,16,45000000.0,15000000.0,OverTheCap – Quarterback Contract History,2017.0,3.0,fractional first-down count
Bryce Petty,NYJ,26,31/05/1991,28/04/2016,4,3,25.0,18.75,55,112,49.1,544,1,0.9,3,2.7,2.5,46,4.9,3.8,9.9,136.0,55.1,8,55,6.7,4.08,3.12,2017,16,2833696.0,708424.0,OverTheCap – Quarterback Contract History,2015.0,4.0,fractional first-down count
Nick Foles,PHI,28,20/01/1989,26/04/2012,7,3,43.75,18.75,57,101,56.4,537,5,5.0,2,2.0,2.9,35,5.3,5.4,9.4,76.7,79.5,5,44,4.7,4.65,4.75,2017,16,11000000.0,5500000.0,OverTheCap – Quarterback Contract History,2017.0,2.0,fractional first-down count
T.J. Yates,HOU,30,28/05/1987,28/04/2011,4,3,25.0,18.75,47,97,48.5,523,4,4.1,3,3.1,2.7,40,5.4,4.8,11.1,130.8,65.8,13,75,11.8,4.07,3.57,2017,16,855000.0,855000.0,OverTheCap – Quarterback Contract History,2017.0,1.0,fractional first-down count
Kevin Hogan,CLE,25,20/10/1992,28/04/2016,4,1,25.0,6.25,46,75,61.3,517,4,5.3,5,6.7,2.1,49,6.9,5.0,11.2,129.3,71.9,6,35,7.4,5.95,4.16,2017,16,990000.0,495000.0,OverTheCap – Quarterback Contract History,2016.0,2.0,fractional first-down count
Sam Bradford,MIN,30,08/11/1987,22/04/2010,2,2,12.5,12.5,32,43,74.4,382,3,7.0,0,0.0,1.7,44,8.9,10.3,11.9,191.0,124.4,5,40,10.4,7.13,8.38,2017,16,35000000.0,17500000.0,OverTheCap – Quarterback Contract History,2016.0,2.0,fractional first-down count
Paxton Lynch,DEN,23,12/02/1994,28/04/2016,2,2,12.5,12.5,30,45,66.7,295,2,4.4,3,6.7,1.5,30,6.6,4.4,9.8,147.5,72.0,9,51,16.7,4.52,2.76,2017,16,9476306.0,2369077.0,OverTheCap – Quarterback Contract History,2016.0,4.0,fractional first-down count
Patrick Mahomes,KAN,22,17/09/1995,27/04/2017,1,1,6.25,6.25,22,35,62.9,284,0,0.0,1,2.9,1.5,51,8.1,6.8,12.9,284.0,76.4,2,15,5.4,7.27,6.05,2017,16,16425962.0,4106491.0,OverTheCap – Quarterback Contract History,2017.0,4.0,fractional first-down count
David Fales,MIA,27,04/10/1990,08/05/2014,2,0,12.5,0.0,29,43,67.4,265,1,2.3,1,2.3,1.5,26,6.2,5.6,9.1,132.5,82.0,1,8,2.3,5.84,5.27,2017,16,690000.0,690000.0,OverTheCap – Quarterback Contract History,2017.0,1.0,fractional first-down count
EJ Manuel,OAK,27,19/03/1990,25/04/2013,2,1,12.5,6.25,24,43,55.8,265,1,2.3,1,2.3,1.3,41,6.2,5.6,11.0,132.5,72.3,4,29,8.5,5.02,4.49,2017,16,800000.0,800000.0,OverTheCap – Quarterback Contract History,2017.0,1.0,fractional first-down count
Nathan Peterman,BUF,23,04/05/1994,27/04/2017,4,2,25.0,12.5,24,49,49.0,252,2,4.1,5,10.2,1.5,21,5.1,1.4,10.5,63.0,38.4,1,5,2.0,4.94,1.24,2017,16,2639508.0,659877.0,OverTheCap – Quarterback Contract History,2017.0,4.0,fractional first-down count
Landry Jones,PIT,28,04/04/1989,25/04/2013,3,1,18.75,6.25,23,28,82.1,239,1,3.6,1,3.6,0.9,46,8.5,7.6,10.4,79.7,99.3,3,15,9.7,7.23,6.42,2017,16,4400000.0,2200000.0,OverTheCap – Quarterback Contract History,2017.0,2.0,fractional first-down count
Geno Smith,NYG,27,10/10/1990,25/04/2013,2,1,12.5,6.25,21,36,58.3,212,1,2.8,0,0.0,0.8,47,5.9,6.4,10.1,106.0,84.5,3,12,7.7,5.13,5.64,2017,16,1200000.0,1200000.0,OverTheCap – Quarterback Contract History,2017.0,1.0,fractional first-down count
Sean Mannion,LAR,25,25/04/1992,30/04/2015,5,1,31.25,6.25,22,37,59.5,185,0,0.0,0,0.0,0.8,50,5.0,5.0,8.4,37.0,72.5,3,20,7.5,4.13,4.13,2017,16,3250896.0,812724.0,OverTheCap – Quarterback Contract History,2015.0,4.0,fractional first-down count
Nate Sudfeld,PHI,24,07/10/1993,27/04/2017,1,0,6.25,0.0,19,23,82.6,134,0,0.0,0,0.0,0.5,16,5.8,5.8,7.1,134.0,90.9,3,24,11.5,4.23,4.23,2017,16,1170000.0,585000.0,OverTheCap – Quarterback Contract History,2017.0,2.0,fractional first-down count
Scott Tolzien,IND,30,04/09/1987,28/04/2011,1,1,6.25,6.25,9,18,50.0,128,0,0.0,2,11.1,0.5,32,7.1,2.1,14.2,128.0,33.8,4,29,18.2,4.5,0.41,2017,16,3500000.0,1750000.0,OverTheCap – Quarterback Contract History,2016.0,2.0,fractional first-down count
Cody Kessler,CLE,24,11/05/1993,28/04/2016,3,0,18.75,0.0,11,23,47.8,126,0,0.0,1,4.3,0.6,31,5.5,3.5,11.5,42.0,46.6,6,48,20.7,2.69,1.14,2017,16,3389082.0,847271.0,OverTheCap – Quarterback Contract History,2016.0,4.0,fractional first-down count
A.J. McCarron,CIN,27,13/09/1990,08/05/2014,3,0,18.75,0.0,7,14,50.0,66,0,0.0,0,0.0,0.4,27,4.7,4.7,9.4,22.0,63.4,1,9,6.7,3.8,3.8,2017,16,2401652.0,600413.0,OverTheCap – Quarterback Contract History,2014.0,4.0,fractional first-down count
Ryan Mallett,BAL,29,05/06/1988,28/04/2011,2,0,12.5,0.0,9,16,56.3,56,2,12.5,0,0.0,0.5,12,3.5,6.0,6.2,28.0,103.1,0,0,0.0,3.5,6.0,2017,16,2000000.0,2000000.0,OverTheCap – Quarterback Contract History,2017.0,1.0,fractional first-down count
Mohamed Sanu,ATL,28,22/08/1989,26/04/2012,15,15,93.75,93.75,1,1,100.0,51,1,100.0,0,0.0,0.1,51,51.0,71.0,51.0,3.4,158.3,0,0,0.0,51.0,71.0,2017,16,,,,,,fractional first-down count
Robert Golden,PIT,27,13/09/1990,26/04/2012,16,2,100.0,12.5,1,1,100.0,44,0,0.0,0,0.0,0.1,44,44.0,44.0,44.0,2.8,118.7,0,0,0.0,44.0,44.0,2017,16,,,,,,fractional first-down count
Sam Koch,BAL,35,13/08/1982,29/04/2006,16,0,100.0,0.0,2,2,100.0,38,0,0.0,0,0.0,0.2,22,19.0,19.0,19.0,2.4,118.7,0,0,0.0,19.0,19.0,2017,16,,,,,,fractional first-down count
Pat O'Donnell,CHI,26,22/02/1991,08/05/2014,16,0,100.0,0.0,1,1,100.0,38,1,100.0,0,0.0,0.1,38,38.0,58.0,38.0,2.4,158.3,0,0,0.0,38.0,58.0,2017,16,,,,,,fractional first-down count
Kellen Clemens,LAC,34,06/06/1983,29/04/2006,8,0,50.0,0.0,6,8,75.0,36,0,0.0,1,12.5,0.4,10,4.5,-1.1,6.0,4.5,43.7,0,0,0.0,4.5,-1.13,2017,16,1080000.0,1080000.0,OverTheCap – Quarterback Contract History,2017.0,1.0,fractional first-down count
Joe Webb,BUF,31,14/11/1986,22/04/2010,16,0,100.0,0.0,2,7,28.6,35,0,0.0,1,14.3,0.1,34,5.0,-1.4,17.5,2.2,8.3,0,0,0.0,5.0,-1.43,2017,16,1860000.0,930000.0,OverTheCap – Quarterback Contract History,2016.0,2.0,fractional first-down count
Johnny Hekker,LAR,27,08/02/1990,26/04/2012,16,0,100.0,0.0,2,3,66.7,34,0,0.0,0,0.0,0.1,8,11.3,11.3,17.0,2.1,104.9,0,0,0.0,11.33,11.33,2017,16,,,,,,fractional first-down count
Lac Edwards,NYJ,25,27/04/1992,28/04/2016,16,0,100.0,0.0,1,1,100.0,31,0,0.0,0,0.0,0.1,31,31.0,31.0,31.0,1.9,118.7,0,0,0.0,31.0,31.0,2017,16,,,,,,fractional first-down count
Brad Nortman,JAX,28,12/09/1989,26/04/2012,16,0,100.0,0.0,1,1,100.0,29,0,0.0,0,0.0,0.1,29,29.0,29.0,29.0,1.8,118.7,0,0,0.0,29.0,29.0,2017,16,,,,,,fractional first-down count
Jake Rudock,DET,24,21/01/1993,27/04/2017,3,0,18.75,0.0,3,5,60.0,24,0,0.0,1,20.0,0.1,13,4.8,-4.2,8.0,8.0,32.5,0,0,0.0,4.8,-4.2,2017,16,990000.0,495000.0,OverTheCap – Quarterback Contract History,2016.0,2.0,fractional first-down count
Tarik Cohen,CHI,22,26/07/1995,27/04/2017,16,4,100.0,25.0,1,2,50.0,21,1,50.0,0,0.0,0.1,21,10.5,20.5,21.0,1.3,127.1,0,0,0.0,10.5,20.5,2017,16,,,,,,fractional first-down count
Larry Fitzgerald,ARI,34,31/08/1983,24/04/2004,16,16,100.0,100.0,1,1,100.0,21,0,0.0,0,0.0,0.1,21,21.0,21.0,21.0,1.3,118.7,0,0,0.0,21.0,21.0,2017,16,,,,,,fractional first-down count
Derek Anderson,CAR,34,15/06/1983,29/04/2006,3,0,18.75,0.0,2,8,25.0,17,0,0.0,0,0.0,0.1,9,2.1,2.1,8.5,5.7,39.6,0,0,0.0,2.13,2.13,2017,16,,,,,,fractional first-down count
Joe Callahan,GNB,24,04/06/1993,27/04/2017,1,0,6.25,0.0,5,7,71.4,11,0,0.0,0,0.0,0.1,9,1.6,1.6,2.2,11.0,74.1,0,0,0.0,1.57,1.57,2017,16,540000.0,540000.0,OverTheCap – Quarterback Contract History,2017.0,1.0,fractional first-down count
Randall Cobb,GNB,27,22/08/1990,28/04/2011,15,14,93.75,87.5,1,1,100.0,10,0,0.0,0,0.0,0.1,10,10.0,10.0,10.0,0.7,108.3,0,0,0.0,10.0,10.0,2017,16,,,,,,fractional first-down count
Taylor Heinicke,HOU,24,15/03/1993,27/04/2017,1,0,6.25,0.0,1,1,100.0,10,0,0.0,0,0.0,0.1,10,10.0,10.0,10.0,10.0,108.3,1,16,50.0,-3.0,-3.0,2017,16,1320000.0,660000.0,OverTheCap – Quarterback Contract History,2017.0,2.0,fractional first-down count
Ben Roethlisberger,PIT,36,02/03/1982,24/04/2004,16,16,100.0,100.0,452,675,67.0,5129,34,5.0,16,2.4,24.8,97,7.6,7.5,11.3,320.6,96.5,24,166,3.4,7.1,7.04,2018,16,87400000.0,21850000.0,OverTheCap – Quarterback Contract History,2015.0,4.0,fractional first-down count
Patrick Mahomes,KAN,23,17/09/1995,27/04/2017,16,16,100.0,100.0,383,580,66.0,5097,50,8.6,12,2.1,23.7,89,8.8,9.6,13.3,318.6,113.8,26,171,4.3,8.13,8.89,2018,16,16425962.0,4106491.0,OverTheCap – Quarterback Contract History,2017.0,4.0,fractional first-down count
Matt Ryan,ATL,33,17/05/1985,26/04/2008,16,16,100.0,100.0,422,608,69.4,4924,35,5.8,7,1.2,23.6,75,8.1,8.7,11.7,307.8,108.1,42,296,6.5,7.12,7.71,2018,16,150000000.0,30000000.0,OverTheCap – Quarterback Contract History,2018.0,5.0,fractional first-down count
Jared Goff,LAR,24,14/10/1994,28/04/2016,16,16,100.0,100.0,364,561,64.9,4688,32,5.7,12,2.1,23.3,70,8.4,8.5,12.9,293.0,101.1,33,223,5.6,7.52,7.69,2018,16,27937672.0,6984418.0,OverTheCap – Quarterback Contract History,2016.0,4.0,fractional first-down count
Andrew Luck,IND,29,12/09/1989,26/04/2012,16,16,100.0,100.0,430,639,67.3,4593,39,6.1,15,2.3,23.6,68,7.2,7.4,10.7,287.1,98.7,18,134,2.7,6.79,6.95,2018,16,122970000.0,24594000.0,OverTheCap – Quarterback Contract History,2016.0,5.0,fractional first-down count
Tom Brady,NWE,41,03/08/1977,15/04/2000,16,16,100.0,100.0,375,570,65.8,4355,29,5.1,11,1.9,20.5,63,7.6,7.8,11.6,272.2,97.7,21,147,3.6,7.12,7.26,2018,16,,,,,,fractional first-down count
Philip Rivers,LAC,37,08/12/1981,24/04/2004,16,16,100.0,100.0,347,508,68.3,4308,32,6.3,12,2.4,21.1,75,8.5,8.7,12.4,269.3,105.5,32,204,5.9,7.6,7.79,2018,16,83250000.0,20812500.0,OverTheCap – Quarterback Contract History,2015.0,4.0,fractional first-down count
Eli Manning,NYG,37,03/01/1981,24/04/2004,16,16,100.0,100.0,380,576,66.0,4299,21,3.6,11,1.9,20.5,58,7.5,7.3,11.3,268.7,92.4,47,358,7.5,6.33,6.21,2018,16,84000000.0,21000000.0,OverTheCap – Quarterback Contract History,2015.0,4.0,fractional first-down count
Kirk Cousins,MIN,30,19/08/1988,26/04/2012,16,16,100.0,100.0,425,606,70.1,4298,30,5.0,10,1.7,21.8,75,7.1,7.3,10.1,268.6,99.7,40,262,6.2,6.25,6.48,2018,16,84000000.0,28000000.0,OverTheCap – Quarterback Contract History,2018.0,3.0,fractional first-down count
Deshaun Watson,HOU,23,14/09/1995,27/04/2017,16,16,100.0,100.0,345,505,68.3,4165,26,5.1,9,1.8,20.2,73,8.2,8.5,12.1,260.3,103.1,62,384,10.9,6.67,6.87,2018,16,13854482.0,3463621.0,OverTheCap – Quarterback Contract History,2017.0,4.0,fractional first-down count
Derek Carr,OAK,27,28/03/1991,08/05/2014,16,16,100.0,100.0,381,553,68.9,4049,19,3.4,10,1.8,19.7,66,7.3,7.2,10.6,253.1,93.9,51,299,8.4,6.21,6.09,2018,16,125025000.0,25005000.0,OverTheCap – Quarterback Contract History,2017.0,5.0,fractional first-down count
Drew Brees,NOR,39,15/01/1979,21/04/2001,15,15,93.75,93.75,364,489,74.4,3992,32,6.5,5,1.0,19.7,72,8.2,9.0,11.0,266.1,115.7,17,121,3.4,7.65,8.47,2018,16,50000000.0,25000000.0,OverTheCap – Quarterback Contract History,2018.0,2.0,fractional first-down count
Case Keenum,DEN,30,17/02/1988,26/04/2012,16,16,100.0,100.0,365,586,62.3,3890,18,3.1,15,2.6,17.9,64,6.6,6.1,10.7,243.1,81.2,34,235,5.5,5.9,5.39,2018,16,36000000.0,18000000.0,OverTheCap – Quarterback Contract History,2018.0,2.0,fractional first-down count
Dak Prescott,DAL,25,29/07/1993,28/04/2016,16,16,100.0,100.0,356,526,67.7,3885,22,4.2,8,1.5,18.4,90,7.4,7.5,10.9,242.8,96.9,56,347,9.6,6.08,6.22,2018,16,2723392.0,680848.0,OverTheCap – Quarterback Contract History,2016.0,4.0,fractional first-down count
Matthew Stafford,DET,30,07/02/1988,25/04/2009,16,16,100.0,100.0,367,555,66.1,3777,21,3.8,11,2.0,19.7,67,6.8,6.7,10.3,236.1,89.9,40,255,6.7,5.92,5.79,2018,16,,,,,,fractional first-down count
Baker Mayfield,CLE,23,14/04/1995,26/04/2018,14,13,87.5,81.25,310,486,63.8,3725,27,5.6,14,2.9,17.1,71,7.7,7.5,12.0,266.1,93.7,25,173,4.9,6.95,6.77,2018,16,32682980.0,8170745.0,OverTheCap – Quarterback Contract History,2018.0,4.0,fractional first-down count
Russell Wilson,SEA,30,29/11/1988,26/04/2012,16,16,100.0,100.0,280,427,65.6,3448,35,8.2,7,1.6,15.6,66,8.1,9.0,12.3,215.5,110.9,51,355,10.7,6.47,7.28,2018,16,87600000.0,21900000.0,OverTheCap – Quarterback Contract History,2015.0,4.0,fractional first-down count
Mitchell Trubisky,CHI,24,20/08/1994,27/04/2017,14,14,87.5,87.5,289,434,66.6,3223,24,5.5,12,2.8,15.1,70,7.4,7.3,11.2,230.2,95.4,24,143,5.2,6.72,6.59,2018,16,29032436.0,7258109.0,OverTheCap – Quarterback Contract History,2017.0,4.0,fractional first-down count
Carson Wentz,PHI,26,30/12/1992,28/04/2016,11,11,68.75,68.75,279,401,69.6,3074,21,5.2,7,1.7,15.9,58,7.7,7.9,11.0,279.5,102.2,31,202,7.2,6.65,6.89,2018,16,26676338.0,6669085.0,OverTheCap – Quarterback Contract History,2016.0,4.0,fractional first-down count
Jameis Winston,TAM,24,06/01/1994,30/04/2015,11,9,68.75,56.25,244,378,64.6,2992,19,5.0,14,3.7,15.2,64,7.9,7.3,12.3,272.0,90.2,27,157,6.7,7.0,6.38,2018,16,25351277.0,6337819.0,OverTheCap – Quarterback Contract History,2015.0,4.0,fractional first-down count
Blake Bortles,JAX,26,16/12/1991,08/05/2014,13,12,81.25,75.0,243,403,60.3,2718,13,3.2,11,2.7,12.6,80,6.7,6.2,11.2,209.1,79.8,31,173,7.1,5.86,5.32,2018,16,34947000.0,17483500.0,OverTheCap – Quarterback Contract History,2018.0,2.0,fractional first-down count
Andy Dalton,CIN,31,29/10/1987,28/04/2011,11,11,68.75,68.75,226,365,61.9,2566,21,5.8,11,3.0,13.2,49,7.0,6.8,11.4,233.3,89.6,21,157,5.4,6.24,6.05,2018,16,96000000.0,16000000.0,OverTheCap – Quarterback Contract History,2014.0,6.0,fractional first-down count
Marcus Mariota,TEN,25,30/10/1993,30/04/2015,14,13,87.5,81.25,228,331,68.9,2528,11,3.3,8,2.4,12.1,61,7.6,7.2,11.1,180.6,92.3,42,243,11.3,6.13,5.75,2018,16,24213974.0,6053494.0,OverTheCap – Quarterback Contract History,2015.0,4.0,fractional first-down count
Joe Flacco,BAL,33,16/01/1985,26/04/2008,9,9,56.25,56.25,232,379,61.2,2465,12,3.2,6,1.6,11.9,71,6.5,6.4,10.6,273.9,84.2,16,79,4.1,6.04,5.96,2018,16,66400000.0,22133333.0,OverTheCap – Quarterback Contract History,2016.0,3.0,fractional first-down count
Ryan Fitzpatrick,TAM,36,24/11/1982,23/04/2005,8,7,50.0,43.75,164,246,66.7,2366,17,6.9,12,4.9,11.3,75,9.6,8.8,14.4,295.8,100.4,14,76,5.4,8.81,8.04,2018,16,3300000.0,3300000.0,OverTheCap – Quarterback Contract History,2018.0,1.0,fractional first-down count
Josh Rosen,ARI,21,10/02/1997,26/04/2018,14,13,87.5,81.25,217,393,55.2,2278,11,2.8,14,3.6,11.2,75,5.8,4.8,10.5,162.7,66.7,45,320,10.3,4.47,3.53,2018,16,17597760.0,4399440.0,OverTheCap – Quarterback Contract History,2018.0,4.0,fractional first-down count
Nick Mullens,SFO,23,21/03/1995,26/04/2018,8,8,50.0,50.0,176,274,64.2,2277,13,4.7,10,3.6,10.6,85,8.3,7.6,12.9,284.6,90.8,17,127,5.8,7.39,6.74,2018,16,1050000.0,525000.0,OverTheCap – Quarterback Contract History,2018.0,2.0,fractional first-down count
Alex Smith,WAS,34,07/05/1984,23/04/2005,10,10,62.5,62.5,205,328,62.5,2180,10,3.0,5,1.5,10.6,52,6.6,6.6,10.6,218.0,85.7,22,121,6.3,5.88,5.81,2018,16,94000000.0,23500000.0,OverTheCap – Quarterback Contract History,2018.0,4.0,fractional first-down count
Josh Allen,BUF,22,21/05/1996,26/04/2018,12,11,75.0,68.75,169,320,52.8,2074,10,3.1,12,3.8,8.9,75,6.5,5.4,12.3,172.8,67.9,28,213,8.0,5.35,4.37,2018,16,21183034.0,5295759.0,OverTheCap – Quarterback Contract History,2018.0,4.0,fractional first-down count
Ryan Tannehill,MIA,30,27/07/1988,26/04/2012,11,11,68.75,68.75,176,274,64.2,1979,17,6.2,9,3.3,9.2,75,7.2,7.0,11.2,179.9,92.7,35,279,11.3,5.5,5.29,2018,16,77000000.0,19250000.0,OverTheCap – Quarterback Contract History,2015.0,4.0,fractional first-down count
Nick Foles,PHI,29,20/01/1989,26/04/2012,5,5,31.25,31.25,141,195,72.3,1413,7,3.6,4,2.1,5.9,83,7.2,7.0,10.0,282.6,96.0,9,47,4.4,6.7,6.5,2018,16,29000000.0,14500000.0,OverTheCap – Quarterback Contract History,2018.0,2.0,fractional first-down count
Brock Osweiler,MIA,28,22/11/1990,26/04/2012,7,5,43.75,31.25,113,178,63.5,1247,6,3.4,4,2.2,5.8,75,7.0,6.7,11.0,178.1,86.0,17,130,8.7,5.73,5.42,2018,16,880000.0,880000.0,OverTheCap – Quarterback Contract History,2018.0,1.0,fractional first-down count
Jimmy Garoppolo,SFO,27,02/11/1991,08/05/2014,3,3,18.75,18.75,53,89,59.6,718,5,5.6,3,3.4,3.5,56,8.1,7.7,13.5,239.3,90.0,13,97,12.7,6.09,5.75,2018,16,137500000.0,27500000.0,OverTheCap – Quarterback Contract History,2018.0,5.0,fractional first-down count
Cody Kessler,JAX,25,11/05/1993,28/04/2016,5,4,31.25,25.0,85,131,64.9,709,2,1.5,2,1.5,3.5,35,5.4,5.0,8.3,141.8,77.4,22,149,14.4,3.66,3.33,2018,16,3389082.0,847271.0,OverTheCap – Quarterback Contract History,2016.0,4.0,fractional first-down count
Blaine Gabbert,TEN,29,15/10/1989,28/04/2011,8,3,50.0,18.75,61,101,60.4,626,4,4.0,4,4.0,3.2,35,6.2,5.2,10.3,78.3,74.9,5,37,4.7,5.56,4.61,2018,16,4000000.0,2000000.0,OverTheCap – Quarterback Contract History,2018.0,2.0,fractional first-down count
Josh Johnson,WAS,32,15/05/1986,26/04/2008,4,3,25.0,18.75,52,91,57.1,590,3,3.3,4,4.4,2.9,79,6.5,5.2,11.3,147.5,69.4,9,67,9.0,5.23,4.03,2018,16,1005000.0,1005000.0,OverTheCap – Quarterback Contract History,2018.0,1.0,fractional first-down count
Josh McCown,NYJ,39,04/07/1979,20/04/2002,4,3,25.0,18.75,60,110,54.5,539,1,0.9,4,3.6,2.7,41,4.9,3.4,9.0,134.8,55.8,7,35,6.0,4.31,2.94,2018,16,10000000.0,10000000.0,OverTheCap – Quarterback Contract History,2018.0,1.0,fractional first-down count
Chase Daniel,CHI,32,07/10/1986,25/04/2009,5,2,31.25,12.5,53,76,69.7,515,3,3.9,2,2.6,2.3,46,6.8,6.4,9.7,103.0,90.6,9,40,10.6,5.59,5.24,2018,16,10000000.0,5000000.0,OverTheCap – Quarterback Contract History,2018.0,2.0,fractional first-down count
Tyrod Taylor,CLE,29,03/08/1989,28/04/2011,4,3,25.0,18.75,42,85,49.4,473,2,2.4,2,2.4,1.7,47,5.6,5.0,11.3,118.3,64.5,13,81,13.3,4.0,3.49,2018,16,30500000.0,15250000.0,OverTheCap – Quarterback Contract History,2017.0,2.0,fractional first-down count
Derek Anderson,BUF,35,15/06/1983,29/04/2006,2,2,12.5,12.5,42,70,60.0,465,0,0.0,4,5.7,2.2,40,6.6,4.1,11.1,232.5,56.0,5,33,6.7,5.76,3.36,2018,16,1073530.0,1073530.0,OverTheCap – Quarterback Contract History,2018.0,1.0,fractional first-down count
Sam Bradford,ARI,31,08/11/1987,22/04/2010,3,3,18.75,18.75,50,80,62.5,400,2,2.5,4,5.0,1.6,35,5.0,3.3,8.0,133.3,62.5,6,33,7.0,4.27,2.64,2018,16,40000000.0,20000000.0,OverTheCap – Quarterback Contract History,2018.0,2.0,fractional first-down count
Colt McCoy,WAS,32,05/09/1986,22/04/2010,3,2,18.75,12.5,34,54,63.0,372,3,5.6,3,5.6,1.7,53,6.9,5.5,10.9,124.0,78.6,6,36,10.0,5.6,4.35,2018,16,6500000.0,3250000.0,OverTheCap – Quarterback Contract History,2018.0,2.0,fractional first-down count
Taylor Heinicke,CAR,25,15/03/1993,27/04/2017,6,1,37.5,6.25,35,57,61.4,320,1,1.8,3,5.3,1.9,33,5.6,3.6,9.1,53.3,60.6,2,17,3.4,5.14,3.19,2018,16,1320000.0,660000.0,OverTheCap – Quarterback Contract History,2017.0,2.0,fractional first-down count
Nathan Peterman,BUF,24,04/05/1994,27/04/2017,4,2,25.0,12.5,44,81,54.3,296,1,1.2,7,8.6,1.3,26,3.7,0.0,6.7,74.0,30.7,7,34,8.0,2.98,-0.38,2018,16,129200.0,129200.0,OverTheCap – Quarterback Contract History,2018.0,1.0,fractional first-down count
Kyle Allen,CAR,22,08/03/1996,26/04/2018,2,1,12.5,6.25,20,31,64.5,266,2,6.5,0,0.0,1.1,53,8.6,9.9,13.3,133.0,113.1,0,0,0.0,8.58,9.87,2018,16,1713000.0,581000.0,OverTheCap – Quarterback Contract History,2018.0,3.0,fractional first-down count
Matt Barkley,BUF,28,08/09/1990,25/04/2013,1,1,6.25,6.25,15,25,60.0,232,2,8.0,0,0.0,1.2,47,9.3,10.9,15.5,232.0,117.4,1,8,3.8,8.62,10.15,2018,16,4000000.0,2000000.0,OverTheCap – Quarterback Contract History,2018.0,2.0,fractional first-down count
DeShone Kizer,GNB,22,03/01/1996,27/04/2017,3,0,18.75,0.0,20,42,47.6,187,0,0.0,2,4.8,0.8,29,4.5,2.3,9.4,62.3,40.5,4,38,8.7,3.24,1.28,2018,16,4948412.0,1237103.0,OverTheCap – Quarterback Contract History,2017.0,4.0,fractional first-down count
Mike Glennon,ARI,29,12/12/1989,25/04/2013,2,0,12.5,0.0,15,21,71.4,174,1,4.8,0,0.0,0.8,26,8.3,9.2,11.6,87.0,112.0,1,8,4.5,7.55,8.45,2018,16,8000000.0,4000000.0,OverTheCap – Quarterback Contract History,2018.0,2.0,fractional first-down count
Mark Sanchez,WAS,32,11/11/1986,25/04/2009,2,1,12.5,6.25,19,35,54.3,138,0,0.0,3,8.6,0.3,20,3.9,0.1,7.3,69.0,28.0,7,42,16.7,2.29,-0.93,2018,16,915000.0,915000.0,OverTheCap – Quarterback Contract History,2018.0,1.0,fractional first-down count
Teddy Bridgewater,NOR,26,10/11/1992,08/05/2014,5,1,31.25,6.25,14,23,60.9,118,1,4.3,1,4.3,0.8,18,5.1,4.0,8.4,23.6,70.6,2,8,8.0,4.4,3.4,2018,16,6000000.0,6000000.0,OverTheCap – Quarterback Contract History,2018.0,1.0,fractional first-down count
Odell Beckham Jr.,NYG,26,05/11/1992,08/05/2014,12,12,75.0,75.0,2,2,100.0,106,2,100.0,0,0.0,0.2,57,53.0,73.0,53.0,8.8,158.3,0,0,0.0,53.0,73.0,2018,16,,,,,,fractional first-down count
Kevin Byard,TEN,25,17/08/1993,28/04/2016,16,16,100.0,100.0,1,1,100.0,66,1,100.0,0,0.0,0.1,66,66.0,86.0,66.0,4.1,158.3,0,0,0.0,66.0,86.0,2018,16,,,,,,fractional first-down count
Taysom Hill,NOR,28,23/08/1990,27/04/2017,16,4,100.0,25.0,3,7,42.9,64,0,0.0,1,14.3,0.3,44,9.1,2.7,21.3,4.0,36.3,1,3,12.5,7.63,2.0,2018,16,1670000.0,556667.0,OverTheCap – Quarterback Contract History,2017.0,3.0,fractional first-down count
Jarvis Landry,CLE,26,28/11/1992,08/05/2014,16,14,100.0,87.5,1,2,50.0,63,0,0.0,0,0.0,0.1,63,31.5,31.5,63.0,3.9,95.8,0,0,0.0,31.5,31.5,2018,16,,,,,,fractional first-down count
Matt Cassel,DET,36,17/05/1982,23/04/2005,2,0,12.5,0.0,7,17,41.2,59,0,0.0,1,5.9,0.2,11,3.5,0.8,8.4,29.5,26.3,1,13,5.6,2.56,0.06,2018,16,1105000.0,1105000.0,OverTheCap – Quarterback Contract History,2018.0,1.0,fractional first-down count
Albert Wilson,MIA,26,12/07/1992,08/05/2014,7,3,43.75,18.75,1,1,100.0,52,1,100.0,0,0.0,0.1,52,52.0,72.0,52.0,7.4,158.3,0,0,0.0,52.0,72.0,2018,16,,,,,,fractional first-down count
Christian McCaffrey,CAR,22,07/06/1996,27/04/2017,16,16,100.0,100.0,1,1,100.0,50,1,100.0,0,0.0,0.1,50,50.0,70.0,50.0,3.1,158.3,0,0,0.0,50.0,70.0,2018,16,32492288.0,8123072.0,Spotrac 2026 Rookie Scale – exact 1st-round draft slot,2017.0,4.0,fractional first-down count
Joshua Dobbs,PIT,23,26/01/1995,26/04/2018,5,0,31.25,0.0,6,12,50.0,43,0,0.0,1,8.3,0.2,22,3.6,-0.2,7.2,8.6,24.0,0,0,0.0,3.58,-0.17,2018,16,2959124.0,739781.0,OverTheCap – Quarterback Contract History,2017.0,4.0,fractional first-down count
Julian Edelman,NWE,32,22/05/1986,25/04/2009,12,12,75.0,75.0,2,2,100.0,43,0,0.0,0,0.0,0.1,37,21.5,21.5,21.5,3.6,118.7,0,0,0.0,21.5,21.5,2018,16,,,,,,fractional first-down count
Garrett Gilbert,CAR,27,01/07/1991,08/05/2014,1,0,6.25,0.0,2,3,66.7,40,0,0.0,0,0.0,0.1,31,13.3,13.3,20.0,40.0,109.7,1,5,25.0,8.75,8.75,2018,16,555000.0,555000.0,OverTheCap – Quarterback Contract History,2018.0,1.0,fractional first-down count
Larry Fitzgerald,ARI,35,31/08/1983,24/04/2004,16,16,100.0,100.0,1,1,100.0,32,1,100.0,0,0.0,0.1,32,32.0,52.0,32.0,2.0,158.3,0,0,0.0,32.0,52.0,2018,16,,,,,,fractional first-down count
Chad Henne,KAN,33,02/07/1985,26/04/2008,1,0,6.25,0.0,2,3,66.7,29,0,0.0,0,0.0,0.2,22,9.7,9.7,14.5,29.0,97.9,0,0,0.0,9.67,9.67,2018,16,6700000.0,3350000.0,OverTheCap – Quarterback Contract History,2018.0,2.0,fractional first-down count
Danny Amendola,MIA,33,02/11/1985,25/04/2009,15,15,93.75,93.75,1,1,100.0,28,1,100.0,0,0.0,0.1,28,28.0,48.0,28.0,1.9,158.3,0,0,0.0,28.0,48.0,2018,16,,,,,,fractional first-down count
Emmanuel Sanders,DEN,31,17/03/1987,22/04/2010,12,12,75.0,75.0,1,1,100.0,28,1,100.0,0,0.0,0.1,28,28.0,48.0,28.0,2.3,158.3,0,0,0.0,28.0,48.0,2018,16,,,,,,fractional first-down count
Sean Mannion,LAR,26,25/04/1992,30/04/2015,3,0,18.75,0.0,2,3,66.7,23,0,0.0,0,0.0,0.1,18,7.7,7.7,11.5,7.7,89.6,0,0,0.0,7.67,7.67,2018,16,3250896.0,812724.0,OverTheCap – Quarterback Contract History,2015.0,4.0,fractional first-down count
Nate Sudfeld,PHI,25,07/10/1993,27/04/2017,2,0,12.5,0.0,1,2,50.0,22,1,50.0,0,0.0,0.1,22,11.0,21.0,22.0,11.0,129.2,0,0,0.0,11.0,21.0,2018,16,1170000.0,585000.0,OverTheCap – Quarterback Contract History,2017.0,2.0,fractional first-down count
Robert Griffin III,BAL,28,12/02/1990,26/04/2012,3,0,18.75,0.0,2,6,33.3,21,0,0.0,0,0.0,0.1,14,3.5,3.5,10.5,7.0,44.4,0,0,0.0,3.5,3.5,2018,16,1100000.0,1100000.0,OverTheCap – Quarterback Contract History,2018.0,1.0,fractional first-down count
Darius Jennings,TEN,26,28/06/1992,30/04/2015,16,0,100.0,0.0,1,1,100.0,21,0,0.0,0,0.0,0.1,21,21.0,21.0,21.0,1.3,118.7,0,0,0.0,21.0,21.0,2018,16,28177087.3125,7044271.828125,Spotrac 2026 Rookie Scale – 1st-round average fallback (pick not found),2015.0,4.0,fractional first-down count
Sam Koch,BAL,36,13/08/1982,29/04/2006,16,0,100.0,0.0,1,1,100.0,21,0,0.0,0,0.0,0.1,21,21.0,21.0,21.0,1.3,118.7,0,0,0.0,21.0,21.0,2018,16,,,,,,fractional first-down count
Matt Schaub,ATL,37,25/06/1981,24/04/2004,3,0,18.75,0.0,5,7,71.4,20,0,0.0,0,0.0,0.1,9,2.9,2.9,4.0,6.7,74.1,0,0,0.0,2.86,2.86,2018,16,,,,,,fractional first-down count
Johnny Hekker,LAR,28,08/02/1990,26/04/2012,16,0,100.0,0.0,2,4,50.0,19,0,0.0,0,0.0,0.2,12,4.8,4.8,9.5,1.2,63.5,0,0,0.0,4.75,4.75,2018,16,,,,,,fractional first-down count
Nelson Agholor,PHI,25,24/05/1993,30/04/2015,16,16,100.0,100.0,1,1,100.0,15,0,0.0,0,0.0,0.1,15,15.0,15.0,15.0,0.9,118.7,0,0,0.0,15.0,15.0,2018,16,20810658.0,5202664.5,Spotrac 2026 Rookie Scale – exact 1st-round draft slot,2015.0,4.0,fractional first-down count
Logan Thomas,BUF,27,01/07/1991,08/05/2014,12,3,75.0,18.75,1,1,100.0,15,0,0.0,0,0.0,0.1,15,15.0,15.0,15.0,1.3,118.7,0,0,0.0,15.0,15.0,2018,16,,,,,,fractional first-down count
Derrick Henry,TEN,24,04/01/1994,28/04/2016,16,12,100.0,75.0,2,3,66.7,14,0,0.0,0,0.0,0.1,8,4.7,4.7,7.0,0.9,77.1,0,0,0.0,4.67,4.67,2018,16,,,,,,fractional first-down count
Colby Wadman,DEN,23,19/04/1995,26/04/2018,12,0,75.0,0.0,1,1,100.0,12,0,0.0,0,0.0,0.1,12,12.0,12.0,12.0,1.0,116.7,0,0,0.0,12.0,12.0,2018,16,28177087.3125,7044271.828125,Spotrac 2026 Rookie Scale – 1st-round average fallback (pick not found),2018.0,4.0,fractional first-down count
Anthony Miller,CHI,24,09/10/1994,26/04/2018,15,4,93.75,25.0,1,1,100.0,8,0,0.0,0,0.0,0.1,8,8.0,8.0,8.0,0.5,100.0,0,0,0.0,8.0,8.0,2018,16,,,,,,fractional first-down count
Matt Prater,DET,34,10/08/1984,28/04/2007,16,0,100.0,0.0,1,1,100.0,8,1,100.0,0,0.0,0.1,8,8.0,28.0,8.0,0.5,139.6,0,0,0.0,8.0,28.0,2018,16,,,,,,fractional first-down count
Tress Way,WAS,28,18/04/1990,08/05/2014,16,0,100.0,0.0,1,1,100.0,7,0,0.0,0,0.0,0.1,7,7.0,7.0,7.0,0.4,95.8,0,0,0.0,7.0,7.0,2018,16,,,,,,fractional first-down count
Mohamed Sanu,ATL,29,22/08/1989,26/04/2012,16,16,100.0,100.0,1,2,50.0,5,1,50.0,0,0.0,0.1,5,2.5,12.5,5.0,0.3,95.8,0,0,0.0,2.5,12.5,2018,16,,,,,,fractional first-down count
Logan Cooke,JAX,23,28/07/1995,26/04/2018,16,0,100.0,0.0,1,1,100.0,4,0,0.0,0,0.0,0.1,4,4.0,4.0,4.0,0.3,83.3,0,0,0.0,4.0,4.0,2018,16,,,,,,fractional first-down count
Kenny Stills,MIA,26,22/04/1992,25/04/2013,15,15,93.75,93.75,1,1,100.0,3,1,100.0,0,0.0,0.1,3,3.0,23.0,3.0,0.2,118.7,0,0,0.0,3.0,23.0,2018,16,,,,,,fractional first-down count
Chris Boswell,PIT,27,16/03/1991,30/04/2015,15,0,93.75,0.0,1,1,100.0,2,1,100.0,0,0.0,0.1,2,2.0,22.0,2.0,0.1,118.7,0,0,0.0,2.0,22.0,2018,16,28177087.3125,7044271.828125,Spotrac 2026 Rookie Scale – 1st-round average fallback (pick not found),2015.0,4.0,fractional first-down count
Jacoby Brissett,IND,26,11/12/1992,28/04/2016,4,0,25.0,0.0,2,4,50.0,2,0,0.0,0,0.0,0.1,4,0.5,0.5,1.0,0.5,56.2,0,0,0.0,0.5,0.5,2018,16,3410832.0,852708.0,OverTheCap – Quarterback Contract History,2016.0,4.0,fractional first-down count
Tarik Cohen,CHI,23,26/07/1995,27/04/2017,16,7,100.0,43.75,1,1,100.0,1,1,100.0,0,0.0,0.1,1,1.0,21.0,1.0,0.1,118.7,0,0,0.0,1.0,21.0,2018,16,,,,,,fractional first-down count
Jameis Winston,TAM,25,06/01/1994,30/04/2015,16,16,100.0,100.0,380,626,60.7,5109,33,5.3,30,4.8,24.3,71,8.2,7.1,13.4,319.3,84.3,47,282,7.0,7.17,6.15,2019,16,,,,,,fractional first-down count
Dak Prescott,DAL,26,29/07/1993,28/04/2016,16,16,100.0,100.0,388,596,65.1,4902,30,5.0,11,1.8,22.9,62,8.2,8.4,12.6,306.4,99.7,23,151,3.7,7.68,7.84,2019,16,2723392.0,680848.0,OverTheCap – Quarterback Contract History,2016.0,4.0,fractional first-down count
Philip Rivers,LAC,38,08/12/1981,24/04/2004,16,16,100.0,100.0,390,591,66.0,4615,23,3.9,20,3.4,21.7,84,7.8,7.1,11.8,288.4,88.5,34,222,5.4,7.03,6.32,2019,16,,,,,,fractional first-down count
Matt Ryan,ATL,34,17/05/1985,26/04/2008,15,15,93.75,93.75,408,616,66.2,4466,26,4.2,14,2.3,22.8,93,7.3,7.1,10.9,297.7,92.1,48,316,7.2,6.25,6.08,2019,16,150000000.0,30000000.0,OverTheCap – Quarterback Contract History,2018.0,5.0,fractional first-down count
Tom Brady,NWE,42,03/08/1977,15/04/2000,16,16,100.0,100.0,373,613,60.8,4057,24,3.9,8,1.3,19.3,59,6.6,6.8,10.9,253.6,88.0,27,185,4.2,6.05,6.24,2019,16,23000000.0,23000000.0,OverTheCap – Quarterback Contract History,2019.0,1.0,fractional first-down count
Derek Carr,OAK,28,28/03/1991,08/05/2014,16,16,100.0,100.0,361,513,70.4,4054,21,4.1,8,1.6,19.1,75,7.9,8.0,11.2,253.4,100.8,29,184,5.4,7.14,7.25,2019,16,125025000.0,25005000.0,OverTheCap – Quarterback Contract History,2017.0,5.0,fractional first-down count
Carson Wentz,PHI,27,30/12/1992,28/04/2016,16,16,100.0,100.0,388,607,63.9,4039,27,4.4,7,1.2,21.3,53,6.7,7.0,10.4,252.4,93.1,37,230,5.7,5.91,6.26,2019,16,128000000.0,32000000.0,OverTheCap – Quarterback Contract History,2019.0,4.0,fractional first-down count
Patrick Mahomes,KAN,24,17/09/1995,27/04/2017,14,14,87.5,87.5,319,484,65.9,4031,26,5.4,5,1.0,17.6,83,8.3,8.9,12.6,287.9,105.3,17,127,3.4,7.79,8.38,2019,16,16425962.0,4106491.0,OverTheCap – Quarterback Contract History,2017.0,4.0,fractional first-down count
Aaron Rodgers,GNB,36,02/12/1983,23/04/2005,16,16,100.0,100.0,353,569,62.0,4002,26,4.6,4,0.7,18.9,74,7.0,7.6,11.3,250.1,95.4,36,284,6.0,6.15,6.71,2019,16,134000000.0,33500000.0,OverTheCap – Quarterback Contract History,2018.0,4.0,fractional first-down count
Jimmy Garoppolo,SFO,28,02/11/1991,08/05/2014,16,16,100.0,100.0,329,476,69.1,3978,27,5.7,13,2.7,19.3,75,8.4,8.3,12.1,248.6,102.0,36,237,7.0,7.31,7.22,2019,16,137500000.0,27500000.0,OverTheCap – Quarterback Contract History,2018.0,5.0,fractional first-down count
Deshaun Watson,HOU,24,14/09/1995,27/04/2017,15,15,93.75,93.75,333,495,67.3,3852,26,5.3,12,2.4,19.1,54,7.8,7.7,11.6,256.8,98.0,44,257,8.2,6.67,6.63,2019,16,13854482.0,3463621.0,OverTheCap – Quarterback Contract History,2017.0,4.0,fractional first-down count
Baker Mayfield,CLE,24,14/04/1995,26/04/2018,16,16,100.0,100.0,317,534,59.4,3827,22,4.1,21,3.9,17.9,89,7.2,6.2,12.1,239.2,78.8,40,285,7.0,6.17,5.29,2019,16,32682980.0,8170745.0,OverTheCap – Quarterback Contract History,2018.0,4.0,fractional first-down count
Kyler Murray,ARI,22,07/08/1997,25/04/2019,16,16,100.0,100.0,349,542,64.4,3722,20,3.7,12,2.2,17.3,88,6.9,6.6,10.7,232.6,87.4,48,309,8.1,5.78,5.55,2019,16,35158644.0,8789661.0,OverTheCap – Quarterback Contract History,2019.0,4.0,fractional first-down count
Kirk Cousins,MIN,31,19/08/1988,26/04/2012,15,15,93.75,93.75,307,444,69.1,3603,26,5.9,6,1.4,16.5,66,8.1,8.7,11.7,240.2,107.4,28,206,5.9,7.2,7.73,2019,16,84000000.0,28000000.0,OverTheCap – Quarterback Contract History,2018.0,3.0,fractional first-down count
Ryan Fitzpatrick,MIA,37,24/11/1982,23/04/2005,15,13,93.75,81.25,311,502,62.0,3529,20,4.0,13,2.6,18.2,51,7.0,6.7,11.3,235.3,85.5,40,209,7.4,6.13,5.78,2019,16,11000000.0,5500000.0,OverTheCap – Quarterback Contract History,2019.0,2.0,fractional first-down count
Kyle Allen,CAR,23,08/03/1996,26/04/2018,13,12,81.25,75.0,303,489,62.0,3322,17,3.5,16,3.3,18.8,52,6.8,6.0,11.0,255.5,80.0,46,397,8.6,5.47,4.76,2019,16,1713000.0,581000.0,OverTheCap – Quarterback Contract History,2018.0,3.0,fractional first-down count
Mitchell Trubisky,CHI,25,20/08/1994,27/04/2017,15,15,93.75,93.75,326,516,63.2,3138,17,3.3,10,1.9,15.6,53,6.1,5.9,9.6,209.2,83.0,38,234,6.9,5.24,5.04,2019,16,29032436.0,7258109.0,OverTheCap – Quarterback Contract History,2017.0,4.0,fractional first-down count
Lamar Jackson,BAL,22,07/01/1997,26/04/2018,15,15,93.75,93.75,265,401,66.1,3127,36,9.0,6,1.5,16.1,83,7.8,8.9,11.8,208.5,113.3,23,106,5.4,7.13,8.19,2019,16,9471652.0,2367913.0,OverTheCap – Quarterback Contract History,2018.0,4.0,fractional first-down count
Josh Allen,BUF,23,21/05/1996,26/04/2018,16,16,100.0,100.0,271,461,58.8,3089,20,4.3,9,2.0,14.6,53,6.7,6.7,11.4,193.1,85.3,38,237,7.6,5.72,5.71,2019,16,21183034.0,5295759.0,OverTheCap – Quarterback Contract History,2018.0,4.0,fractional first-down count
Sam Darnold,NYJ,22,05/06/1997,26/04/2018,13,13,81.25,81.25,273,441,61.9,3024,19,4.3,13,2.9,14.7,92,6.9,6.4,11.1,232.6,84.3,33,212,7.0,5.93,5.5,2019,16,30247694.0,7561924.0,OverTheCap – Quarterback Contract History,2018.0,4.0,fractional first-down count
Drew Brees,NOR,40,15/01/1979,21/04/2001,11,11,68.75,68.75,281,378,74.3,2979,27,7.1,4,1.1,15.9,61,7.9,8.8,10.6,270.8,116.3,12,89,3.1,7.41,8.33,2019,16,50000000.0,25000000.0,OverTheCap – Quarterback Contract History,2018.0,2.0,fractional first-down count
Jacoby Brissett,IND,27,11/12/1992,28/04/2016,15,15,93.75,93.75,272,447,60.9,2942,18,4.0,6,1.3,14.3,50,6.6,6.8,10.8,196.1,88.0,27,159,5.7,5.87,6.06,2019,16,27975000.0,27975000.0,OverTheCap – Quarterback Contract History,2019.0,1.0,fractional first-down count
Ryan Tannehill,TEN,31,27/07/1988,26/04/2012,12,10,75.0,62.5,201,286,70.3,2742,22,7.7,6,2.1,12.6,91,9.6,10.2,13.6,228.5,117.5,31,212,9.8,7.98,8.52,2019,16,7000000.0,7000000.0,OverTheCap – Quarterback Contract History,2019.0,1.0,fractional first-down count
Matthew Stafford,DET,31,07/02/1988,25/04/2009,8,8,50.0,50.0,187,291,64.3,2499,19,6.5,5,1.7,11.7,66,8.6,9.1,13.4,312.4,106.0,18,137,5.8,7.64,8.15,2019,16,,,,,,fractional first-down count
Joe Flacco,DEN,34,16/01/1985,26/04/2008,8,8,50.0,50.0,171,262,65.3,1822,6,2.3,5,1.9,8.6,70,7.0,6.6,10.7,227.8,85.1,26,194,9.0,5.65,5.29,2019,16,,,,,,fractional first-down count
Case Keenum,WAS,31,17/02/1988,26/04/2012,10,8,62.5,50.0,160,247,64.8,1707,11,4.5,5,2.0,8.3,69,6.9,6.9,10.7,170.7,91.3,15,145,5.7,5.96,5.94,2019,16,7500000.0,7500000.0,OverTheCap – Quarterback Contract History,2019.0,1.0,fractional first-down count
Teddy Bridgewater,NOR,27,10/11/1992,08/05/2014,9,5,56.25,31.25,133,196,67.9,1384,9,4.6,2,1.0,6.7,45,7.1,7.5,10.4,153.8,99.1,12,89,5.8,6.23,6.66,2019,16,7250000.0,7250000.0,OverTheCap – Quarterback Contract History,2019.0,1.0,fractional first-down count
Dwayne Haskins,WAS,22,03/05/1997,25/04/2019,9,7,56.25,43.75,119,203,58.6,1365,7,3.4,7,3.4,6.5,75,6.7,5.9,11.5,151.7,76.1,29,204,12.5,5.0,4.25,2019,16,14416614.0,3604154.0,OverTheCap – Quarterback Contract History,2019.0,4.0,fractional first-down count
Devlin Hodges,PIT,23,12/04/1996,25/04/2019,8,6,50.0,37.5,100,160,62.5,1063,5,3.1,8,5.0,5.1,79,6.6,5.0,10.6,132.9,71.4,15,102,8.6,5.49,4.01,2019,16,1756000.0,585333.0,OverTheCap – Quarterback Contract History,2019.0,3.0,fractional first-down count
Eli Manning,NYG,38,03/01/1981,24/04/2004,4,4,25.0,25.0,91,147,61.9,1042,6,4.1,5,3.4,4.7,55,7.1,6.4,11.5,260.5,82.6,5,44,3.3,6.57,5.88,2019,16,,,,,,fractional first-down count
Drew Lock,DEN,23,10/11/1996,25/04/2019,5,5,31.25,31.25,100,156,64.1,1020,7,4.5,3,1.9,5.4,48,6.5,6.6,10.2,204.0,89.7,5,26,3.1,6.17,6.2,2019,16,7010820.0,1752705.0,OverTheCap – Quarterback Contract History,2019.0,4.0,fractional first-down count
David Blough,DET,24,31/07/1995,25/04/2019,5,5,31.25,31.25,94,174,54.0,984,4,2.3,6,3.4,4.7,75,5.7,4.6,10.5,196.8,64.0,14,104,7.4,4.68,3.67,2019,16,1775000.0,591667.0,OverTheCap – Quarterback Contract History,2019.0,3.0,fractional first-down count
Nick Foles,JAX,30,20/01/1989,26/04/2012,4,4,25.0,25.0,77,117,65.8,736,3,2.6,2,1.7,3.1,39,6.3,6.0,9.6,184.0,84.6,8,60,6.4,5.41,5.17,2019,16,88000000.0,22000000.0,OverTheCap – Quarterback Contract History,2019.0,4.0,fractional first-down count
Jeff Driskel,DET,26,23/04/1993,26/04/2018,3,3,18.75,18.75,62,105,59.0,685,4,3.8,4,3.8,3.1,47,6.5,5.6,11.0,228.3,75.3,11,46,9.5,5.51,4.65,2019,16,645000.0,645000.0,OverTheCap – Quarterback Contract History,2019.0,1.0,fractional first-down count
Matt Moore,KAN,35,09/08/1984,28/04/2007,6,2,37.5,12.5,59,91,64.8,659,4,4.4,0,0.0,3.5,57,7.2,8.1,11.2,109.8,100.9,8,65,8.1,6.0,6.81,2019,16,1030000.0,1030000.0,OverTheCap – Quarterback Contract History,2019.0,1.0,fractional first-down count
Cam Newton,CAR,30,11/05/1989,28/04/2011,2,2,12.5,12.5,50,89,56.2,572,0,0.0,1,1.1,2.9,44,6.4,5.9,11.4,286.0,71.0,6,43,6.3,5.57,5.09,2019,16,103800000.0,20760000.0,OverTheCap – Quarterback Contract History,2015.0,5.0,fractional first-down count
Josh Rosen,MIA,22,10/02/1997,26/04/2018,6,3,37.5,18.75,58,109,53.2,567,1,0.9,5,4.6,2.6,40,5.2,3.3,9.8,94.5,52.0,16,93,12.8,3.79,2.15,2019,16,17597760.0,4399440.0,OverTheCap – Quarterback Contract History,2018.0,4.0,fractional first-down count
Chase Daniel,CHI,33,07/10/1986,25/04/2009,3,1,18.75,6.25,45,64,70.3,435,3,4.7,2,3.1,2.2,37,6.8,6.3,9.7,145.0,91.6,7,48,9.9,5.45,5.03,2019,16,10000000.0,5000000.0,OverTheCap – Quarterback Contract History,2018.0,2.0,fractional first-down count
Luke Falk,NYJ,25,28/12/1994,26/04/2018,3,2,18.75,12.5,47,73,64.4,416,0,0.0,3,4.1,1.5,36,5.7,3.8,8.9,138.7,62.4,16,96,18.0,3.6,2.08,2019,16,570000.0,570000.0,OverTheCap – Quarterback Contract History,2019.0,1.0,fractional first-down count
Brian Hoyer,IND,34,31/10/1985,25/04/2009,4,1,25.0,6.25,35,65,53.8,372,4,6.2,4,6.2,2.2,23,5.7,4.2,10.6,93.0,65.7,5,47,7.1,4.64,3.21,2019,16,12000000.0,4000000.0,OverTheCap – Quarterback Contract History,2019.0,3.0,fractional first-down count
Matt Barkley,BUF,29,08/09/1990,25/04/2013,2,0,12.5,0.0,27,51,52.9,359,0,0.0,3,5.9,1.5,41,7.0,4.4,13.3,179.5,51.0,2,10,3.8,6.58,4.04,2019,16,4000000.0,2000000.0,OverTheCap – Quarterback Contract History,2018.0,2.0,fractional first-down count
Ben Roethlisberger,PIT,37,02/03/1982,24/04/2004,2,2,12.5,12.5,35,62,56.5,351,0,0.0,1,1.6,1.4,45,5.7,4.9,10.0,175.5,66.0,2,7,3.1,5.38,4.67,2019,16,68000000.0,34000000.0,OverTheCap – Quarterback Contract History,2019.0,2.0,fractional first-down count
Will Grier,CAR,24,03/04/1995,25/04/2019,2,2,12.5,12.5,28,52,53.8,228,0,0.0,4,7.7,1.2,28,4.4,0.9,8.1,114.0,33.2,6,44,10.3,3.17,0.07,2019,16,3852996.0,963249.0,OverTheCap – Quarterback Contract History,2019.0,4.0,fractional first-down count
A.J. McCarron,HOU,29,13/09/1990,08/05/2014,2,1,12.5,6.25,21,37,56.8,225,0,0.0,1,2.7,1.1,21,6.1,4.9,10.7,112.5,63.5,5,43,11.9,4.33,3.26,2019,16,3000000.0,3000000.0,OverTheCap – Quarterback Contract History,2019.0,1.0,fractional first-down count
Sean Mannion,MIN,27,25/04/1992,30/04/2015,3,1,18.75,6.25,12,21,57.1,126,0,0.0,2,9.5,0.6,35,6.0,1.7,10.5,42.0,35.1,0,0,0.0,6.0,1.71,2019,16,895000.0,895000.0,OverTheCap – Quarterback Contract History,2019.0,1.0,fractional first-down count
Colt McCoy,WAS,33,05/09/1986,22/04/2010,1,1,6.25,6.25,18,27,66.7,122,0,0.0,1,3.7,0.5,22,4.5,2.9,6.8,122.0,61.0,6,44,18.2,2.36,1.0,2019,16,6500000.0,3250000.0,OverTheCap – Quarterback Contract History,2018.0,2.0,fractional first-down count
Mike Glennon,OAK,30,12/12/1989,25/04/2013,2,0,12.5,0.0,6,10,60.0,56,1,10.0,0,0.0,0.3,19,5.6,7.6,9.3,28.0,108.7,0,0,0.0,5.6,7.6,2019,16,1950000.0,1950000.0,OverTheCap – Quarterback Contract History,2019.0,1.0,fractional first-down count
Taysom Hill,NOR,29,23/08/1990,27/04/2017,16,5,100.0,31.25,3,6,50.0,55,0,0.0,0,0.0,0.3,20,9.2,9.2,18.3,3.4,81.9,1,9,14.3,6.57,6.57,2019,16,1670000.0,556667.0,OverTheCap – Quarterback Contract History,2017.0,3.0,fractional first-down count
Brett Hundley,ARI,26,15/06/1993,28/04/2016,3,0,18.75,0.0,5,11,45.5,49,0,0.0,0,0.0,0.2,28,4.5,4.5,9.8,16.3,58.5,2,11,15.4,2.92,2.92,2019,16,1875000.0,1875000.0,OverTheCap – Quarterback Contract History,2019.0,1.0,fractional first-down count
Julian Edelman,NWE,33,22/05/1986,25/04/2009,16,13,100.0,81.25,2,2,100.0,47,1,50.0,0,0.0,0.2,32,23.5,33.5,23.5,2.9,158.3,0,0,0.0,23.5,33.5,2019,16,,,,,,fractional first-down count
Courtland Sutton,DEN,24,10/10/1995,26/04/2018,16,14,100.0,87.5,1,1,100.0,38,0,0.0,0,0.0,0.1,38,38.0,38.0,38.0,2.4,118.7,0,0,0.0,38.0,38.0,2019,16,,,,,,fractional first-down count
Jaylen Samuels,PIT,23,20/07/1996,26/04/2018,14,4,87.5,25.0,4,5,80.0,35,0,0.0,1,20.0,0.2,21,7.0,-2.0,8.8,2.5,56.2,0,0,0.0,7.0,-2.0,2019,16,,,,,,fractional first-down count
Emmanuel Sanders,2TM,32,17/03/1987,22/04/2010,17,16,106.25,100.0,1,1,100.0,35,1,100.0,0,0.0,0.1,35,35.0,55.0,35.0,2.1,158.3,0,0,0.0,35.0,55.0,2019,16,,,,,,fractional first-down count
James White,NWE,27,03/02/1992,08/05/2014,15,1,93.75,6.25,1,1,100.0,35,0,0.0,0,0.0,0.1,35,35.0,35.0,35.0,2.3,118.7,0,0,0.0,35.0,35.0,2019,16,,,,,,fractional first-down count
Tyrod Taylor,LAC,30,03/08/1989,28/04/2011,8,0,50.0,0.0,4,6,66.7,33,1,16.7,0,0.0,0.3,14,5.5,8.8,8.3,4.1,120.1,0,0,0.0,5.5,8.83,2019,16,11000000.0,5500000.0,OverTheCap – Quarterback Contract History,2019.0,2.0,fractional first-down count
John Brown,BUF,29,03/04/1990,08/05/2014,15,15,93.75,93.75,1,1,100.0,28,1,100.0,0,0.0,0.1,28,28.0,48.0,28.0,1.9,158.3,0,0,0.0,28.0,48.0,2019,16,,,,,,fractional first-down count
Johnny Hekker,LAR,29,08/02/1990,26/04/2012,16,0,100.0,0.0,2,3,66.7,28,0,0.0,1,33.3,0.2,23,9.3,-5.7,14.0,1.8,56.9,0,0,0.0,9.33,-5.67,2019,16,,,,,,fractional first-down count
Alex Erickson,CIN,27,06/11/1992,28/04/2016,16,6,100.0,37.5,1,1,100.0,26,0,0.0,0,0.0,0.1,26,26.0,26.0,26.0,1.6,118.7,0,0,0.0,26.0,26.0,2019,16,28177087.3125,7044271.828125,Spotrac 2026 Rookie Scale – 1st-round average fallback (pick not found),2016.0,4.0,fractional first-down count
Andy Lee,ARI,37,11/08/1982,24/04/2004,15,0,93.75,0.0,1,1,100.0,26,0,0.0,0,0.0,0.1,26,26.0,26.0,26.0,1.7,118.7,0,0,0.0,26.0,26.0,2019,16,,,,,,fractional first-down count
Josh McCown,PHI,40,04/07/1979,20/04/2002,3,0,18.75,0.0,3,5,60.0,24,0,0.0,0,0.0,0.2,13,4.8,4.8,8.0,8.0,72.1,0,0,0.0,4.8,4.8,2019,16,2000000.0,2000000.0,OverTheCap – Quarterback Contract History,2019.0,1.0,fractional first-down count
Odell Beckham Jr.,CLE,27,05/11/1992,08/05/2014,16,15,100.0,93.75,1,2,50.0,20,0,0.0,0,0.0,0.1,20,10.0,10.0,20.0,1.3,85.4,0,0,0.0,10.0,10.0,2019,16,,,,,,fractional first-down count
Albert Wilson,MIA,27,12/07/1992,08/05/2014,13,4,81.25,25.0,1,2,50.0,20,0,0.0,0,0.0,0.1,20,10.0,10.0,20.0,1.5,85.4,1,10,33.3,3.33,3.33,2019,16,,,,,,fractional first-down count
Danny Amendola,DET,34,02/11/1985,25/04/2009,15,10,93.75,62.5,1,1,100.0,19,1,100.0,0,0.0,0.1,19,19.0,39.0,19.0,1.3,158.3,0,0,0.0,19.0,39.0,2019,16,,,,,,fractional first-down count
Ryan Griffin,TAM,30,17/11/1989,25/04/2013,2,0,12.5,0.0,2,4,50.0,18,0,0.0,0,0.0,0.1,13,4.5,4.5,9.0,9.0,62.5,0,0,0.0,4.5,4.5,2019,16,2900000.0,1450000.0,OverTheCap – Quarterback Contract History,2019.0,2.0,fractional first-down count
Logan Cooke,JAX,24,28/07/1995,26/04/2018,16,0,100.0,0.0,2,2,100.0,16,0,0.0,0,0.0,0.2,9,8.0,8.0,8.0,1.0,100.0,1,19,33.3,-1.0,-1.0,2019,16,,,,,,fractional first-down count
Dante Pettis,SFO,24,23/10/1995,26/04/2018,11,4,68.75,25.0,1,1,100.0,16,0,0.0,0,0.0,0.1,16,16.0,16.0,16.0,1.5,118.7,0,0,0.0,16.0,16.0,2019,16,,,,,,fractional first-down count
Tim Boyle,GNB,25,03/10/1994,26/04/2018,3,0,18.75,0.0,3,4,75.0,15,0,0.0,0,0.0,0.1,7,3.8,3.8,5.0,5.0,80.2,0,0,0.0,3.75,3.75,2019,16,1716000.0,572000.0,OverTheCap – Quarterback Contract History,2018.0,3.0,fractional first-down count
Jarrett Stidham,NWE,23,08/08/1996,25/04/2019,3,0,18.75,0.0,2,4,50.0,14,0,0.0,1,25.0,0.1,11,3.5,-7.8,7.0,4.7,18.7,1,7,20.0,1.4,-7.6,2019,16,3156112.0,789028.0,OverTheCap – Quarterback Contract History,2019.0,4.0,fractional first-down count
Alvin Kamara,NOR,24,25/07/1995,27/04/2017,14,9,87.5,56.25,1,1,100.0,13,0,0.0,0,0.0,0.1,13,13.0,13.0,13.0,0.9,118.7,0,0,0.0,13.0,13.0,2019,16,,,,,,fractional first-down count
Michael Palardy,CAR,27,06/07/1992,08/05/2014,16,0,100.0,0.0,1,1,100.0,12,0,0.0,0,0.0,0.1,12,12.0,12.0,12.0,0.8,116.7,0,0,0.0,12.0,12.0,2019,16,,,,,,fractional first-down count
Kelvin Harmon,WAS,23,15/12/1996,25/04/2019,16,8,100.0,50.0,1,1,100.0,11,0,0.0,0,0.0,0.1,11,11.0,11.0,11.0,0.7,112.5,0,0,0.0,11.0,11.0,2019,16,,,,,,fractional first-down count
Brett Kern,TEN,33,17/02/1986,26/04/2008,16,0,100.0,0.0,1,2,50.0,11,0,0.0,0,0.0,0.1,11,5.5,5.5,11.0,0.7,66.7,0,0,0.0,5.5,5.5,2019,16,,,,,,fractional first-down count
Andrew Beck,DEN,23,15/05/1996,25/04/2019,16,6,100.0,37.5,1,1,100.0,6,0,0.0,0,0.0,0.1,6,6.0,6.0,6.0,0.4,91.7,0,0,0.0,6.0,6.0,2019,16,28177087.3125,7044271.828125,Spotrac 2026 Rookie Scale – 1st-round average fallback (pick not found),2019.0,4.0,fractional first-down count
DeAndre Hopkins,HOU,27,06/06/1992,25/04/2013,15,15,93.75,93.75,1,2,50.0,6,1,50.0,1,50.0,0.1,6,3.0,-9.5,6.0,0.4,56.2,0,0,0.0,3.0,-9.5,2019,16,,,,,,fractional first-down count
Matt Haack,MIA,25,25/07/1994,27/04/2017,16,0,100.0,0.0,1,2,50.0,1,1,50.0,0,0.0,0.1,1,0.5,10.5,1.0,0.1,95.8,0,0,0.0,0.5,10.5,2019,16,28177087.3125,7044271.828125,Spotrac 2026 Rookie Scale – 1st-round average fallback (pick not found),2017.0,4.0,fractional first-down count
Deshaun Watson,HOU,25,14/09/1995,27/04/2017,16,16,100.0,100.0,382,544,70.2,4823,33,6.1,7,1.3,22.1,77,8.9,9.5,12.6,301.4,112.4,49,293,8.3,7.64,8.22,2020,16,156000000.0,39000000.0,OverTheCap – Quarterback Contract History,2020.0,4.0,fractional first-down count
Patrick Mahomes,KAN,25,17/09/1995,27/04/2017,15,15,93.75,93.75,390,588,66.3,4740,38,6.5,6,1.0,23.8,75,8.1,8.9,12.2,316.0,108.2,22,147,3.6,7.53,8.33,2020,16,450000000.0,45000000.0,OverTheCap – Quarterback Contract History,2020.0,10.0,fractional first-down count
Tom Brady,TAM,43,03/08/1977,15/04/2000,16,16,100.0,100.0,401,610,65.7,4633,40,6.6,12,2.0,23.3,50,7.6,8.0,11.6,289.6,102.2,21,143,3.3,7.12,7.53,2020,16,50000000.0,25000000.0,OverTheCap – Quarterback Contract History,2020.0,2.0,fractional first-down count
Matt Ryan,ATL,35,17/05/1985,26/04/2008,16,16,100.0,100.0,407,626,65.0,4581,26,4.2,11,1.8,24.2,63,7.3,7.4,11.3,286.3,93.3,41,257,6.1,6.48,6.52,2020,16,150000000.0,30000000.0,OverTheCap – Quarterback Contract History,2018.0,5.0,fractional first-down count
Josh Allen,BUF,24,21/05/1996,26/04/2018,16,16,100.0,100.0,396,572,69.2,4544,37,6.5,10,1.7,22.8,55,7.9,8.5,11.5,284.0,107.2,26,159,4.3,7.33,7.82,2020,16,21183034.0,5295759.0,OverTheCap – Quarterback Contract History,2018.0,4.0,fractional first-down count
Justin Herbert,LAC,22,10/03/1998,23/04/2020,15,15,93.75,93.75,396,595,66.6,4336,31,5.2,10,1.7,21.6,72,7.3,7.6,10.9,289.1,98.3,32,218,5.1,6.57,6.84,2020,16,26578754.0,6644689.0,OverTheCap – Quarterback Contract History,2020.0,4.0,fractional first-down count
Aaron Rodgers,GNB,37,02/12/1983,23/04/2005,16,16,100.0,100.0,372,526,70.7,4299,48,9.1,5,1.0,21.6,78,8.2,9.6,11.6,268.7,121.5,20,182,3.7,7.54,8.89,2020,16,134000000.0,33500000.0,OverTheCap – Quarterback Contract History,2018.0,4.0,fractional first-down count
Kirk Cousins,MIN,32,19/08/1988,26/04/2012,16,16,100.0,100.0,349,516,67.6,4265,35,6.8,13,2.5,21.2,71,8.3,8.5,12.2,266.6,105.0,39,256,7.0,7.22,7.43,2020,16,66000000.0,33000000.0,OverTheCap – Quarterback Contract History,2020.0,2.0,fractional first-down count
Russell Wilson,SEA,32,29/11/1988,26/04/2012,16,16,100.0,100.0,384,558,68.8,4212,40,7.2,13,2.3,21.3,62,7.5,7.9,11.0,263.3,105.1,47,301,7.8,6.46,6.82,2020,16,140000000.0,35000000.0,OverTheCap – Quarterback Contract History,2019.0,4.0,fractional first-down count
Derek Carr,LVR,29,28/03/1991,08/05/2014,16,16,100.0,100.0,348,517,67.3,4103,27,5.2,9,1.7,19.2,85,7.9,8.2,11.8,256.4,101.4,26,150,4.8,7.28,7.53,2020,16,125025000.0,25005000.0,OverTheCap – Quarterback Contract History,2017.0,5.0,fractional first-down count
Matthew Stafford,DET,32,07/02/1988,25/04/2009,16,16,100.0,100.0,339,528,64.2,4084,26,4.9,10,1.9,20.5,73,7.7,7.9,12.0,255.3,96.3,38,254,6.7,6.77,6.89,2020,16,,,,,,fractional first-down count
Kyler Murray,ARI,23,07/08/1997,25/04/2019,16,16,100.0,100.0,375,558,67.2,3971,26,4.7,12,2.2,20.5,80,7.1,7.1,10.6,248.2,94.3,27,176,4.6,6.49,6.45,2020,16,35158644.0,8789661.0,OverTheCap – Quarterback Contract History,2019.0,4.0,fractional first-down count
Jared Goff,LAR,26,14/10/1994,28/04/2016,15,15,93.75,93.75,370,552,67.0,3952,20,3.6,13,2.4,19.4,56,7.2,6.8,10.7,263.5,90.0,23,161,4.0,6.59,6.27,2020,16,134000000.0,33500000.0,OverTheCap – Quarterback Contract History,2019.0,4.0,fractional first-down count
Ryan Tannehill,TEN,32,27/07/1988,26/04/2012,16,16,100.0,100.0,315,481,65.5,3819,33,6.9,7,1.5,20.2,75,7.9,8.7,12.1,238.7,106.5,24,173,4.8,7.22,7.9,2020,16,118000000.0,29500000.0,OverTheCap – Quarterback Contract History,2020.0,4.0,fractional first-down count
Ben Roethlisberger,PIT,38,02/03/1982,24/04/2004,15,15,93.75,93.75,399,608,65.6,3803,33,5.4,10,1.6,19.3,84,6.3,6.6,9.5,253.5,94.1,13,118,2.1,5.93,6.27,2020,16,68000000.0,34000000.0,OverTheCap – Quarterback Contract History,2019.0,2.0,fractional first-down count
Teddy Bridgewater,CAR,28,10/11/1992,08/05/2014,15,15,93.75,93.75,340,492,69.1,3733,15,3.0,11,2.2,17.4,75,7.6,7.2,11.0,248.9,92.1,31,205,5.9,6.75,6.37,2020,16,63000000.0,21000000.0,OverTheCap – Quarterback Contract History,2020.0,3.0,fractional first-down count
Baker Mayfield,CLE,25,14/04/1995,26/04/2018,16,16,100.0,100.0,305,486,62.8,3563,26,5.3,8,1.6,18.8,75,7.3,7.7,11.7,222.7,95.9,26,162,5.1,6.64,6.96,2020,16,32682980.0,8170745.0,OverTheCap – Quarterback Contract History,2018.0,4.0,fractional first-down count
Daniel Jones,NYG,23,27/05/1997,25/04/2019,14,14,87.5,87.5,280,448,62.5,2943,11,2.5,10,2.2,15.7,53,6.6,6.1,10.5,210.2,80.4,45,286,9.1,5.39,4.92,2020,16,25664056.0,6416014.0,OverTheCap – Quarterback Contract History,2019.0,4.0,fractional first-down count
Drew Brees,NOR,41,15/01/1979,21/04/2001,12,12,75.0,75.0,275,390,70.5,2942,24,6.2,6,1.5,14.9,52,7.5,8.1,10.7,245.2,106.4,13,89,3.2,7.08,7.6,2020,16,50000000.0,25000000.0,OverTheCap – Quarterback Contract History,2020.0,2.0,fractional first-down count
Drew Lock,DEN,24,10/11/1996,25/04/2019,13,13,81.25,81.25,254,443,57.3,2933,16,3.6,15,3.4,14.5,92,6.6,5.8,11.5,225.6,75.4,19,123,4.1,6.08,5.31,2020,16,7010820.0,1752705.0,OverTheCap – Quarterback Contract History,2019.0,4.0,fractional first-down count
Lamar Jackson,BAL,23,07/01/1997,26/04/2018,15,15,93.75,93.75,242,376,64.4,2757,26,6.9,9,2.4,13.8,47,7.3,7.6,11.4,183.8,99.3,29,160,7.2,6.41,6.7,2020,16,9471652.0,2367913.0,OverTheCap – Quarterback Contract History,2018.0,4.0,fractional first-down count
Cam Newton,NWE,31,11/05/1989,28/04/2011,15,15,93.75,93.75,242,368,65.8,2657,8,2.2,10,2.7,13.3,50,7.2,6.4,11.0,177.1,82.9,31,195,7.8,6.17,5.44,2020,16,1750000.0,1750000.0,OverTheCap – Quarterback Contract History,2020.0,1.0,fractional first-down count
Gardner Minshew II,JAX,24,16/05/1996,25/04/2019,9,8,56.25,50.0,216,327,66.1,2259,16,4.9,5,1.5,11.7,51,6.9,7.2,10.5,251.0,95.9,27,147,7.6,5.97,6.23,2020,16,2711616.0,677904.0,OverTheCap – Quarterback Contract History,2019.0,4.0,fractional first-down count
Sam Darnold,NYJ,23,05/06/1997,26/04/2018,12,12,75.0,75.0,217,364,59.6,2208,9,2.5,11,3.0,10.9,69,6.1,5.2,10.2,184.0,72.7,35,234,8.8,4.95,4.16,2020,16,30247694.0,7561924.0,OverTheCap – Quarterback Contract History,2018.0,4.0,fractional first-down count
Andy Dalton,DAL,33,29/10/1987,28/04/2011,11,9,68.75,56.25,216,333,64.9,2170,14,4.2,8,2.4,11.6,69,6.5,6.3,10.0,197.3,87.3,24,184,6.7,5.56,5.34,2020,16,3000000.0,3000000.0,OverTheCap – Quarterback Contract History,2020.0,1.0,fractional first-down count
Ryan Fitzpatrick,MIA,38,24/11/1982,23/04/2005,9,7,56.25,43.75,183,267,68.5,2091,13,4.9,8,3.0,10.6,70,7.8,7.5,11.4,232.3,95.6,14,65,5.0,7.21,6.85,2020,16,11000000.0,5500000.0,OverTheCap – Quarterback Contract History,2019.0,2.0,fractional first-down count
Mitchell Trubisky,CHI,26,20/08/1994,27/04/2017,10,9,62.5,56.25,199,297,67.0,2055,16,5.4,8,2.7,12.4,53,6.9,6.8,10.3,205.5,93.5,18,125,5.7,6.13,6.0,2020,16,29032436.0,7258109.0,OverTheCap – Quarterback Contract History,2017.0,4.0,fractional first-down count
Dak Prescott,DAL,27,29/07/1993,28/04/2016,5,5,31.25,31.25,151,222,68.0,1856,9,4.1,4,1.8,9.3,58,8.4,8.4,12.3,371.2,99.6,10,66,4.3,7.72,7.72,2020,16,31409000.0,31409000.0,OverTheCap – Quarterback Contract History,2020.0,1.0,fractional first-down count
Nick Foles,CHI,31,20/01/1989,26/04/2012,9,7,56.25,43.75,202,312,64.7,1852,10,3.2,8,2.6,9.3,50,5.9,5.4,9.2,205.8,80.8,18,145,5.5,5.17,4.69,2020,16,24000000.0,8000000.0,OverTheCap – Quarterback Contract History,2020.0,3.0,fractional first-down count
Alex Smith,WAS,36,07/05/1984,23/04/2005,8,6,50.0,37.5,168,252,66.7,1582,6,2.4,8,3.2,7.3,68,6.3,5.3,9.4,197.8,78.5,22,139,8.0,5.27,4.39,2020,16,94000000.0,23500000.0,OverTheCap – Quarterback Contract History,2018.0,4.0,fractional first-down count
Dwayne Haskins,WAS,23,03/05/1997,25/04/2019,7,6,43.75,37.5,148,241,61.4,1439,5,2.1,7,2.9,7.3,50,6.0,5.1,9.7,205.6,73.0,20,141,7.7,4.97,4.15,2020,16,14416614.0,3604154.0,OverTheCap – Quarterback Contract History,2019.0,4.0,fractional first-down count
Jimmy Garoppolo,SFO,29,02/11/1991,08/05/2014,6,6,37.5,37.5,94,140,67.1,1096,7,5.0,5,3.6,5.5,76,7.8,7.2,11.7,182.7,92.4,11,77,7.3,6.75,6.19,2020,16,137500000.0,27500000.0,OverTheCap – Quarterback Contract History,2018.0,5.0,fractional first-down count
Mike Glennon,JAX,31,12/12/1989,25/04/2013,5,5,31.25,31.25,111,179,62.0,1072,7,3.9,5,2.8,5.7,46,6.0,5.5,9.7,214.4,80.1,9,53,4.8,5.42,4.97,2020,16,1187500.0,1187500.0,OverTheCap – Quarterback Contract History,2020.0,1.0,fractional first-down count
Jalen Hurts,PHI,22,07/08/1998,23/04/2020,15,4,93.75,25.0,77,148,52.0,1061,6,4.1,4,2.7,4.5,81,7.2,6.8,13.8,70.7,77.6,13,59,8.1,6.22,5.85,2020,16,6025176.0,1506294.0,OverTheCap – Quarterback Contract History,2020.0,4.0,fractional first-down count
Taysom Hill,NOR,30,23/08/1990,27/04/2017,16,8,100.0,50.0,88,121,72.7,928,4,3.3,2,1.7,4.5,44,7.7,7.6,10.5,58.0,98.8,14,87,10.4,6.23,6.16,2020,16,21000000.0,10500000.0,OverTheCap – Quarterback Contract History,2020.0,2.0,fractional first-down count
Brandon Allen,CIN,28,05/09/1992,26/04/2018,5,5,31.25,31.25,90,142,63.4,925,5,3.5,4,2.8,4.2,72,6.5,6.0,10.3,185.0,82.0,7,51,4.7,5.87,5.33,2020,16,825000.0,825000.0,OverTheCap – Quarterback Contract History,2020.0,1.0,fractional first-down count
Joe Flacco,NYJ,35,16/01/1985,26/04/2008,5,4,31.25,25.0,74,134,55.2,864,6,4.5,3,2.2,3.6,52,6.4,6.3,11.7,172.8,80.6,7,69,5.0,5.64,5.53,2020,16,1500000.0,1500000.0,OverTheCap – Quarterback Contract History,2020.0,1.0,fractional first-down count
C.J. Beathard,SFO,27,16/11/1993,27/04/2017,6,2,37.5,12.5,66,104,63.5,787,6,5.8,0,0.0,4.2,49,7.6,8.7,11.9,131.2,105.7,9,71,8.0,6.34,7.4,2020,16,3528646.0,882162.0,OverTheCap – Quarterback Contract History,2017.0,4.0,fractional first-down count
Jake Luton,JAX,24,11/04/1996,23/04/2020,3,3,18.75,18.75,60,110,54.5,624,2,1.8,6,5.5,3.1,73,5.7,3.6,10.4,208.0,54.5,7,52,6.0,4.89,2.92,2020,16,3476756.0,869189.0,OverTheCap – Quarterback Contract History,2020.0,4.0,fractional first-down count
Jeff Driskel,DEN,27,23/04/1993,26/04/2018,3,1,18.75,6.25,35,64,54.7,432,3,4.7,2,3.1,1.8,45,6.8,6.3,12.3,144.0,78.4,11,98,14.7,4.45,4.05,2020,16,5000000.0,2500000.0,OverTheCap – Quarterback Contract History,2020.0,2.0,fractional first-down count
Colt McCoy,NYG,34,05/09/1986,22/04/2010,4,2,25.0,12.5,40,66,60.6,375,1,1.5,1,1.5,1.9,35,5.7,5.3,9.4,93.8,75.0,5,24,7.0,4.94,4.59,2020,16,2250000.0,2250000.0,OverTheCap – Quarterback Contract History,2020.0,1.0,fractional first-down count
P.J. Walker,CAR,25,26/02/1995,23/04/2020,4,1,25.0,6.25,32,56,57.1,368,1,1.8,5,8.9,1.7,52,6.6,2.9,11.5,92.0,45.8,4,31,6.7,5.62,2.2,2020,16,28177087.3125,7044271.828125,Spotrac 2026 Rookie Scale – 1st-round average fallback (pick not found),2020.0,4.0,fractional first-down count
Mason Rudolph,PIT,25,17/07/1995,26/04/2018,5,1,31.25,6.25,25,43,58.1,324,2,4.7,1,2.3,1.3,47,7.5,7.4,13.0,64.8,87.7,1,8,2.3,7.18,7.07,2020,16,3921866.0,980467.0,OverTheCap – Quarterback Contract History,2018.0,4.0,fractional first-down count
Brett Rypien,DEN,24,09/07/1996,23/04/2020,3,1,18.75,6.25,27,40,67.5,295,2,5.0,4,10.0,1.2,48,7.4,3.9,10.9,98.3,66.1,1,0,2.4,7.2,3.78,2020,16,1525000.0,762500.0,OverTheCap – Quarterback Contract History,2020.0,2.0,fractional first-down count
Chase Daniel,DET,34,07/10/1986,25/04/2009,4,0,25.0,0.0,29,43,67.4,264,1,2.3,2,4.7,1.4,28,6.1,4.5,9.1,66.0,72.2,3,29,6.5,5.11,3.59,2020,16,13050000.0,4350000.0,OverTheCap – Quarterback Contract History,2020.0,3.0,fractional first-down count
Jarrett Stidham,NWE,24,08/08/1996,25/04/2019,5,0,31.25,0.0,22,44,50.0,256,2,4.5,3,6.8,1.2,38,5.8,3.7,11.6,51.2,54.7,4,21,8.3,4.9,2.92,2020,16,3156112.0,789028.0,OverTheCap – Quarterback Contract History,2019.0,4.0,fractional first-down count
Chad Henne,KAN,35,02/07/1985,26/04/2008,3,1,18.75,6.25,28,38,73.7,248,2,5.3,0,0.0,1.5,37,6.5,7.6,8.9,82.7,108.2,2,4,5.0,6.1,7.1,2020,16,3250000.0,1625000.0,OverTheCap – Quarterback Contract History,2020.0,2.0,fractional first-down count
John Wolford,LAR,25,16/10/1995,23/04/2020,1,1,6.25,6.25,22,38,57.9,231,0,0.0,1,2.6,1.2,38,6.1,4.9,10.5,231.0,64.7,2,8,5.0,5.58,4.45,2020,16,1260000.0,630000.0,OverTheCap – Quarterback Contract History,2020.0,2.0,fractional first-down count
Marcus Mariota,LVR,27,30/10/1993,30/04/2015,1,0,6.25,0.0,17,28,60.7,226,1,3.6,1,3.6,1.1,35,8.1,7.2,13.3,226.0,83.3,0,0,0.0,8.07,7.18,2020,16,17600000.0,8800000.0,OverTheCap – Quarterback Contract History,2020.0,2.0,fractional first-down count
Ben DiNucci,DAL,24,24/11/1996,23/04/2020,3,1,18.75,6.25,23,43,53.5,219,0,0.0,0,0.0,1.1,32,5.1,5.1,9.5,73.0,67.9,7,73,14.0,2.92,2.92,2020,16,3390148.0,847537.0,OverTheCap – Quarterback Contract History,2020.0,4.0,fractional first-down count
Matt Barkley,BUF,30,08/09/1990,25/04/2013,5,0,31.25,0.0,11,21,52.4,197,1,4.8,1,4.8,0.9,56,9.4,8.2,17.9,39.4,80.9,1,7,4.5,8.64,7.5,2020,16,,,,,,fractional first-down count
Ryan Finley,CIN,26,26/12/1994,25/04/2019,5,1,31.25,6.25,17,32,53.1,164,1,3.1,2,6.3,0.8,30,5.1,2.9,9.6,32.8,52.1,9,63,22.0,2.46,0.76,2020,16,3309656.0,827414.0,OverTheCap – Quarterback Contract History,2019.0,4.0,fractional first-down count
Blaine Gabbert,TAM,31,15/10/1989,28/04/2011,4,0,25.0,0.0,9,16,56.3,143,2,12.5,0,0.0,0.5,35,8.9,11.4,15.9,35.8,125.8,1,7,5.9,8.0,10.35,2020,16,1187500.0,1187500.0,OverTheCap – Quarterback Contract History,2020.0,1.0,fractional first-down count
Taylor Heinicke,WAS,27,15/03/1993,27/04/2017,1,0,6.25,0.0,12,19,63.2,137,1,5.3,0,0.0,0.6,29,7.2,8.3,11.4,137.0,102.3,1,7,5.0,6.5,7.5,2020,16,910000.0,910000.0,OverTheCap – Quarterback Contract History,2020.0,1.0,fractional first-down count
Brian Hoyer,NWE,35,31/10/1985,25/04/2009,1,1,6.25,6.25,15,24,62.5,130,0,0.0,1,4.2,0.8,25,5.4,3.5,8.7,130.0,59.4,2,18,7.7,4.31,2.58,2020,16,1050000.0,1050000.0,OverTheCap – Quarterback Contract History,2020.0,1.0,fractional first-down count
Chris Streveler,ARI,25,06/01/1995,23/04/2020,5,0,31.25,0.0,11,16,68.8,105,1,6.3,1,6.3,0.5,19,6.6,5.0,9.5,21.0,81.5,2,10,11.1,5.28,3.89,2020,16,1800000.0,600000.0,OverTheCap – Quarterback Contract History,2020.0,3.0,fractional first-down count
Trace McSorley,BAL,25,23/08/1995,25/04/2019,2,0,12.5,0.0,3,10,30.0,90,1,10.0,0,0.0,0.2,70,9.0,11.0,30.0,45.0,97.9,0,0,0.0,9.0,11.0,2020,16,2680688.0,670172.0,OverTheCap – Quarterback Contract History,2019.0,4.0,fractional first-down count
Jameis Winston,NOR,26,06/01/1994,30/04/2015,4,0,25.0,0.0,7,11,63.6,75,0,0.0,0,0.0,0.5,19,6.8,6.8,10.7,18.8,83.5,2,11,15.4,4.92,4.92,2020,16,1100000.0,1100000.0,OverTheCap – Quarterback Contract History,2020.0,1.0,fractional first-down count
Jarvis Landry,CLE,28,28/11/1992,08/05/2014,15,14,93.75,87.5,4,4,100.0,74,1,25.0,0,0.0,0.4,37,18.5,23.5,18.5,4.9,158.3,0,0,0.0,18.5,23.5,2020,16,,,,,,fractional first-down count
David Blough,DET,25,31/07/1995,25/04/2019,1,0,6.25,0.0,6,10,60.0,49,0,0.0,1,10.0,0.1,20,4.9,0.4,8.2,49.0,32.9,1,10,9.1,3.55,-0.55,2020,16,1525000.0,762500.0,OverTheCap – Quarterback Contract History,2020.0,2.0,fractional first-down count
Case Keenum,CLE,32,17/02/1988,26/04/2012,2,0,12.5,0.0,5,10,50.0,46,0,0.0,0,0.0,0.2,24,4.6,4.6,9.2,23.0,62.9,0,0,0.0,4.6,4.6,2020,16,18000000.0,6000000.0,OverTheCap – Quarterback Contract History,2020.0,3.0,fractional first-down count
Jamison Crowder,NYJ,27,17/06/1993,30/04/2015,12,7,75.0,43.75,1,1,100.0,43,1,100.0,0,0.0,0.1,43,43.0,63.0,43.0,3.6,158.3,0,0,0.0,43.0,63.0,2020,16,,,,,,fractional first-down count
Jakobi Meyers,NWE,24,09/11/1996,23/04/2020,14,9,87.5,56.25,2,2,100.0,43,2,100.0,0,0.0,0.2,24,21.5,41.5,21.5,3.1,158.3,0,0,0.0,21.5,41.5,2020,16,28177087.3125,7044271.828125,Spotrac 2026 Rookie Scale – 1st-round average fallback (pick not found),2020.0,4.0,fractional first-down count
Robert Griffin III,BAL,30,12/02/1990,26/04/2012,4,1,25.0,6.25,8,14,57.1,42,0,0.0,2,14.3,0.1,9,3.0,-3.4,5.3,10.5,22.6,3,20,17.6,1.29,-4.0,2020,16,4000000.0,2000000.0,OverTheCap – Quarterback Contract History,2019.0,2.0,fractional first-down count
Russell Gage,ATL,24,22/01/1996,26/04/2018,16,8,100.0,50.0,1,2,50.0,39,1,50.0,0,0.0,0.1,39,19.5,29.5,39.0,2.4,135.4,0,0,0.0,19.5,29.5,2020,16,,,,,,fractional first-down count
Julian Edelman,NWE,34,22/05/1986,25/04/2009,6,1,37.5,6.25,2,2,100.0,38,0,0.0,0,0.0,0.2,22,19.0,19.0,19.0,6.3,118.7,0,0,0.0,19.0,19.0,2020,16,,,,,,fractional first-down count
Geno Smith,SEA,30,10/10/1990,25/04/2013,1,0,6.25,0.0,4,5,80.0,33,0,0.0,0,0.0,0.3,14,6.6,6.6,8.3,33.0,94.2,1,3,16.7,5.0,5.0,2020,16,1187500.0,1187500.0,OverTheCap – Quarterback Contract History,2020.0,1.0,fractional first-down count
Lynn Bowden Jr.,MIA,23,14/10/1997,23/04/2020,10,4,62.5,25.0,1,2,50.0,32,0,0.0,0,0.0,0.1,32,16.0,16.0,32.0,3.2,95.8,0,0,0.0,16.0,16.0,2020,16,,,,,,fractional first-down count
Nate Sudfeld,PHI,27,07/10/1993,27/04/2017,1,0,6.25,0.0,5,12,41.7,32,0,0.0,1,8.3,0.1,10,2.7,-1.1,6.4,32.0,14.6,2,16,14.3,1.14,-2.07,2020,16,2000000.0,2000000.0,OverTheCap – Quarterback Contract History,2020.0,1.0,fractional first-down count
Zay Jones,LVR,25,30/03/1995,27/04/2017,16,2,100.0,12.5,1,1,100.0,29,0,0.0,0,0.0,0.1,29,29.0,29.0,29.0,1.8,118.7,0,0,0.0,29.0,29.0,2020,16,,,,,,fractional first-down count
Joseph Charlton,CAR,23,07/04/1997,23/04/2020,16,0,100.0,0.0,1,1,100.0,28,0,0.0,0,0.0,0.1,28,28.0,28.0,28.0,1.8,118.7,1,5,50.0,11.5,11.5,2020,16,28177087.3125,7044271.828125,Spotrac 2026 Rookie Scale – 1st-round average fallback (pick not found),2020.0,4.0,fractional first-down count
Logan Thomas,WAS,29,01/07/1991,08/05/2014,16,15,100.0,93.75,1,1,100.0,28,0,0.0,0,0.0,0.1,28,28.0,28.0,28.0,1.8,118.7,0,0,0.0,28.0,28.0,2020,16,,,,,,fractional first-down count
Andy Lee,ARI,38,11/08/1982,24/04/2004,16,0,100.0,0.0,1,1,100.0,26,0,0.0,0,0.0,0.1,26,26.0,26.0,26.0,1.6,118.7,0,0,0.0,26.0,26.0,2020,16,,,,,,fractional first-down count
Nathan Peterman,LVR,26,04/05/1994,27/04/2017,1,0,6.25,0.0,3,5,60.0,25,0,0.0,0,0.0,0.1,12,5.0,5.0,8.3,25.0,72.9,2,16,28.6,1.29,1.29,2020,16,2133000.0,2133000.0,OverTheCap – Quarterback Contract History,2020.0,1.0,fractional first-down count
Cedrick Wilson Jr.,DAL,25,20/11/1995,26/04/2018,16,0,100.0,0.0,2,2,100.0,23,1,50.0,0,0.0,0.1,12,11.5,21.5,11.5,1.4,154.2,0,0,0.0,11.5,21.5,2020,16,,,,,,fractional first-down count
Cole Beasley,BUF,31,26/04/1989,26/04/2012,15,10,93.75,62.5,1,1,100.0,20,1,100.0,0,0.0,0.1,20,20.0,40.0,20.0,1.3,158.3,0,0,0.0,20.0,40.0,2020,16,,,,,,fractional first-down count
A.J. McCarron,HOU,30,13/09/1990,08/05/2014,2,0,12.5,0.0,1,1,100.0,20,0,0.0,0,0.0,0.1,20,20.0,20.0,20.0,10.0,118.7,1,12,50.0,4.0,4.0,2020,16,4000000.0,4000000.0,OverTheCap – Quarterback Contract History,2020.0,1.0,fractional first-down count
Odell Beckham Jr.,CLE,28,05/11/1992,08/05/2014,7,7,43.75,43.75,1,1,100.0,18,0,0.0,0,0.0,0.1,18,18.0,18.0,18.0,2.6,118.7,0,0,0.0,18.0,18.0,2020,16,,,,,,fractional first-down count
Tyler Bray,CHI,29,27/12/1991,25/04/2013,1,0,6.25,0.0,1,5,20.0,18,0,0.0,0,0.0,0.1,18,3.6,3.6,18.0,18.0,42.1,0,0,0.0,3.6,3.6,2020,16,955000.0,955000.0,OverTheCap – Quarterback Contract History,2020.0,1.0,fractional first-down count
Golden Tate,NYG,32,02/08/1988,22/04/2010,12,4,75.0,25.0,1,2,50.0,18,0,0.0,0,0.0,0.1,18,9.0,9.0,18.0,1.5,81.2,0,0,0.0,9.0,9.0,2020,16,,,,,,fractional first-down count
Jacoby Brissett,IND,28,11/12/1992,28/04/2016,11,0,68.75,0.0,2,8,25.0,17,0,0.0,0,0.0,0.1,13,2.1,2.1,8.5,1.5,39.6,2,15,20.0,0.2,0.2,2020,16,,,,,,fractional first-down count
Tyler Boyd,CIN,26,15/11/1994,28/04/2016,15,8,93.75,50.0,1,2,50.0,16,0,0.0,0,0.0,0.1,16,8.0,8.0,16.0,1.1,77.1,0,0,0.0,8.0,8.0,2020,16,,,,,,fractional first-down count
Sam Koch,BAL,38,13/08/1982,29/04/2006,15,0,93.75,0.0,1,1,100.0,15,0,0.0,0,0.0,0.1,15,15.0,15.0,15.0,1.0,118.7,0,0,0.0,15.0,15.0,2020,16,,,,,,fractional first-down count
Greg Ward,PHI,25,12/07/1995,23/04/2020,16,10,100.0,62.5,1,1,100.0,15,0,0.0,0,0.0,0.1,15,15.0,15.0,15.0,0.9,118.7,0,0,0.0,15.0,15.0,2020,16,28177087.3125,7044271.828125,Spotrac 2026 Rookie Scale – 1st-round average fallback (pick not found),2020.0,4.0,fractional first-down count
Kendall Hinton,DEN,23,19/02/1997,23/04/2020,1,0,6.25,0.0,1,9,11.1,13,0,0.0,2,22.2,0.1,13,1.4,-8.6,13.0,13.0,0.0,1,1,10.0,1.2,-7.8,2020,16,28177087.3125,7044271.828125,Spotrac 2026 Rookie Scale – 1st-round average fallback (pick not found),2020.0,4.0,fractional first-down count
Jaquan Johnson,BUF,25,13/11/1995,25/04/2019,14,0,87.5,0.0,1,1,100.0,13,0,0.0,0,0.0,0.1,13,13.0,13.0,13.0,0.9,118.7,0,0,0.0,13.0,13.0,2020,16,,,,,,fractional first-down count
Tommy Townsend,KAN,24,12/11/1996,23/04/2020,16,0,100.0,0.0,1,1,100.0,13,0,0.0,0,0.0,0.1,13,13.0,13.0,13.0,0.8,118.7,0,0,0.0,13.0,13.0,2020,16,28177087.3125,7044271.828125,Spotrac 2026 Rookie Scale – 1st-round average fallback (pick not found),2020.0,4.0,fractional first-down count
Isaiah McKenzie,BUF,25,09/04/1995,27/04/2017,16,7,100.0,43.75,1,1,100.0,12,1,100.0,0,0.0,0.1,12,12.0,32.0,12.0,0.8,156.2,0,0,0.0,12.0,32.0,2020,16,,,,,,fractional first-down count
Logan Woodside,TEN,25,27/01/1995,26/04/2018,6,0,37.5,0.0,1,3,33.3,7,0,0.0,0,0.0,0.1,7,2.3,2.3,7.0,1.2,42.4,0,0,0.0,2.33,2.33,2020,16,1110000.0,555000.0,OverTheCap – Quarterback Contract History,2020.0,2.0,fractional first-down count
Travis Kelce,KAN,31,05/10/1989,25/04/2013,15,15,93.75,93.75,1,2,50.0,4,0,0.0,0,0.0,0.1,4,2.0,2.0,4.0,0.3,56.2,0,0,0.0,2.0,2.0,2020,16,,,,,,fractional first-down count
Tom Brady,TAM,44,03/08/1977,15/04/2000,17,17,100.0,100.0,485,719,67.5,5316,43,6.0,12,1.7,26.9,62,7.4,7.8,11.0,312.7,102.1,22,144,3.0,6.98,7.41,2021,17,25000000.0,25000000.0,OverTheCap – Quarterback Contract History,2021.0,1.0,fractional first-down count
Justin Herbert,LAC,23,10/03/1998,23/04/2020,17,17,100.0,100.0,443,672,65.9,5014,38,5.7,15,2.2,25.6,72,7.5,7.6,11.3,294.9,97.7,31,214,4.4,6.83,6.95,2021,17,26578754.0,6644689.0,OverTheCap – Quarterback Contract History,2020.0,4.0,fractional first-down count
Matthew Stafford,LAR,33,07/02/1988,25/04/2009,17,17,100.0,100.0,404,601,67.2,4886,41,6.8,17,2.8,23.3,79,8.1,8.2,12.1,287.4,102.9,30,243,4.8,7.36,7.45,2021,17,,,,,,fractional first-down count
Derek Carr,LVR,30,28/03/1991,08/05/2014,17,17,100.0,100.0,428,626,68.4,4804,23,3.7,14,2.2,21.7,61,7.7,7.4,11.2,282.6,94.0,40,241,6.0,6.85,6.6,2021,17,125025000.0,25005000.0,OverTheCap – Quarterback Contract History,2017.0,5.0,fractional first-down count
Joe Burrow,CIN,25,10/12/1996,23/04/2020,16,16,94.12,94.12,366,520,70.4,4611,34,6.5,14,2.7,20.2,82,8.9,9.0,12.6,288.2,108.3,51,370,8.9,7.43,7.51,2021,17,36190136.0,9047534.0,OverTheCap – Quarterback Contract History,2020.0,4.0,fractional first-down count
Dak Prescott,DAL,28,29/07/1993,28/04/2016,16,16,94.12,94.12,410,596,68.8,4449,37,6.2,10,1.7,22.7,51,7.5,8.0,10.9,278.1,104.2,30,144,4.8,6.88,7.34,2021,17,160000000.0,40000000.0,OverTheCap – Quarterback Contract History,2021.0,4.0,fractional first-down count
Josh Allen,BUF,25,21/05/1996,26/04/2018,17,17,100.0,100.0,409,646,63.3,4407,36,5.6,15,2.3,23.4,61,6.8,6.9,10.8,259.2,92.2,26,164,3.9,6.31,6.38,2021,17,258000000.0,43000000.0,OverTheCap – Quarterback Contract History,2021.0,6.0,fractional first-down count
Kirk Cousins,MIN,33,19/08/1988,26/04/2012,16,16,94.12,94.12,372,561,66.3,4221,33,5.9,7,1.2,19.2,64,7.5,8.1,11.3,263.8,103.1,28,197,4.8,6.83,7.42,2021,17,66000000.0,33000000.0,OverTheCap – Quarterback Contract History,2020.0,2.0,fractional first-down count
Aaron Rodgers,GNB,38,02/12/1983,23/04/2005,16,16,94.12,94.12,366,531,68.9,4115,37,7.0,4,0.8,21.3,75,7.7,8.8,11.2,257.2,111.9,30,188,5.3,7.0,8.0,2021,17,134000000.0,33500000.0,OverTheCap – Quarterback Contract History,2018.0,4.0,fractional first-down count
Matt Ryan,ATL,36,17/05/1985,26/04/2008,17,17,100.0,100.0,375,560,67.0,3968,20,3.6,12,2.1,19.5,64,7.1,6.8,10.6,233.4,90.4,40,274,6.7,6.16,5.92,2021,17,150000000.0,30000000.0,OverTheCap – Quarterback Contract History,2018.0,5.0,fractional first-down count
Jimmy Garoppolo,SFO,30,02/11/1991,08/05/2014,15,15,88.24,88.24,301,441,68.3,3810,20,4.5,12,2.7,17.2,83,8.6,8.3,12.7,254.0,98.7,29,201,6.2,7.68,7.38,2021,17,137500000.0,27500000.0,OverTheCap – Quarterback Contract History,2018.0,5.0,fractional first-down count
Mac Jones,NWE,23,05/09/1998,29/04/2021,17,17,100.0,100.0,352,521,67.6,3801,22,4.2,13,2.5,17.7,75,7.3,7.0,10.8,223.6,92.5,28,241,5.1,6.48,6.22,2021,17,15586340.0,3896585.0,OverTheCap – Quarterback Contract History,2021.0,4.0,fractional first-down count
Kyler Murray,ARI,24,07/08/1997,25/04/2019,14,14,82.35,82.35,333,481,69.2,3787,24,5.0,10,2.1,17.2,77,7.9,7.9,11.4,270.5,100.6,31,286,6.1,6.84,6.9,2021,17,35158644.0,8789661.0,OverTheCap – Quarterback Contract History,2019.0,4.0,fractional first-down count
Ben Roethlisberger,PIT,39,02/03/1982,24/04/2004,16,16,94.12,94.12,390,605,64.5,3740,22,3.6,10,1.7,18.8,59,6.2,6.2,9.6,233.8,86.8,38,239,5.9,5.44,5.43,2021,17,14000000.0,14000000.0,OverTheCap – Quarterback Contract History,2021.0,1.0,fractional first-down count
Ryan Tannehill,TEN,33,27/07/1988,26/04/2012,17,17,100.0,100.0,357,531,67.2,3734,21,4.0,14,2.6,19.2,57,7.0,6.6,10.5,219.6,89.6,47,327,8.1,5.89,5.53,2021,17,118000000.0,29500000.0,OverTheCap – Quarterback Contract History,2020.0,4.0,fractional first-down count
Trevor Lawrence,JAX,22,06/10/1999,29/04/2021,17,17,100.0,100.0,359,602,59.6,3641,12,2.0,17,2.8,17.7,58,6.0,5.2,10.1,214.2,71.9,32,238,5.0,5.37,4.54,2021,17,36793486.0,9198372.0,OverTheCap – Quarterback Contract History,2021.0,4.0,fractional first-down count
Carson Wentz,IND,29,30/12/1992,28/04/2016,17,17,100.0,100.0,322,516,62.4,3563,27,5.2,7,1.4,16.5,76,6.9,7.3,11.1,209.6,94.6,32,227,5.8,6.09,6.5,2021,17,128000000.0,32000000.0,OverTheCap – Quarterback Contract History,2019.0,4.0,fractional first-down count
Taylor Heinicke,WAS,28,15/03/1993,27/04/2017,16,15,94.12,88.24,321,494,65.0,3419,20,4.0,15,3.0,16.7,73,6.9,6.4,10.7,213.7,85.9,38,278,7.1,5.9,5.39,2021,17,4750000.0,2375000.0,OverTheCap – Quarterback Contract History,2021.0,2.0,fractional first-down count
Jared Goff,DET,27,14/10/1994,28/04/2016,14,14,82.35,82.35,332,494,67.2,3245,19,3.8,8,1.6,16.2,63,6.6,6.6,9.8,231.8,91.5,35,280,6.6,5.6,5.64,2021,17,134000000.0,33500000.0,OverTheCap – Quarterback Contract History,2019.0,4.0,fractional first-down count
Jalen Hurts,PHI,23,07/08/1998,23/04/2020,15,15,88.24,88.24,265,432,61.3,3144,16,3.7,9,2.1,14.3,91,7.3,7.1,11.9,209.6,87.2,26,150,5.7,6.54,6.35,2021,17,6025176.0,1506294.0,OverTheCap – Quarterback Contract History,2020.0,4.0,fractional first-down count
Russell Wilson,SEA,33,29/11/1988,26/04/2012,14,14,82.35,82.35,259,400,64.8,3113,25,6.3,6,1.5,13.5,69,7.8,8.4,12.0,222.4,103.1,33,266,7.6,6.58,7.11,2021,17,140000000.0,35000000.0,OverTheCap – Quarterback Contract History,2019.0,4.0,fractional first-down count
Teddy Bridgewater,DEN,29,10/11/1992,08/05/2014,14,14,82.35,82.35,285,426,66.9,3052,18,4.2,7,1.6,14.6,64,7.2,7.3,10.7,218.0,94.9,31,211,6.8,6.22,6.32,2021,17,11500000.0,11500000.0,OverTheCap – Quarterback Contract History,2021.0,1.0,fractional first-down count
Baker Mayfield,CLE,26,14/04/1995,26/04/2018,14,14,82.35,82.35,253,418,60.5,3010,17,4.1,13,3.1,14.3,71,7.2,6.6,11.9,215.0,83.1,43,269,9.3,5.95,5.41,2021,17,32682980.0,8170745.0,OverTheCap – Quarterback Contract History,2018.0,4.0,fractional first-down count
Lamar Jackson,BAL,24,07/01/1997,26/04/2018,12,12,70.59,70.59,246,382,64.4,2882,16,4.2,13,3.4,13.5,49,7.5,6.9,11.7,240.2,87.0,38,190,9.0,6.41,5.78,2021,17,9471652.0,2367913.0,OverTheCap – Quarterback Contract History,2018.0,4.0,fractional first-down count
Davis Mills,HOU,23,21/10/1998,29/04/2021,13,11,76.47,64.71,263,394,66.8,2664,16,4.1,10,2.5,11.8,67,6.8,6.4,10.1,204.9,88.8,31,206,7.3,5.78,5.48,2021,17,5222100.0,1305525.0,OverTheCap – Quarterback Contract History,2021.0,4.0,fractional first-down count
Tua Tagovailoa,MIA,23,02/03/1998,23/04/2020,13,12,76.47,70.59,263,388,67.8,2653,16,4.1,10,2.6,13.7,65,6.8,6.5,10.1,204.1,90.1,20,152,4.9,6.13,5.81,2021,17,30275436.0,7568859.0,OverTheCap – Quarterback Contract History,2020.0,4.0,fractional first-down count
Sam Darnold,CAR,24,05/06/1997,26/04/2018,12,11,70.59,64.71,243,406,59.9,2527,9,2.2,13,3.2,12.3,63,6.2,5.2,10.4,210.6,71.9,35,204,7.9,5.27,4.35,2021,17,30247694.0,7561924.0,OverTheCap – Quarterback Contract History,2018.0,4.0,fractional first-down count
Daniel Jones,NYG,24,27/05/1997,25/04/2019,11,11,64.71,64.71,232,361,64.3,2428,10,2.8,7,1.9,11.6,54,6.7,6.4,10.5,220.7,84.8,22,160,5.7,5.92,5.62,2021,17,25664056.0,6416014.0,OverTheCap – Quarterback Contract History,2019.0,4.0,fractional first-down count
Zach Wilson,NYJ,22,03/08/1999,29/04/2021,13,13,76.47,76.47,213,383,55.6,2334,9,2.3,11,2.9,11.2,54,6.1,5.3,11.0,179.5,69.7,44,370,10.3,4.6,3.86,2021,17,35150680.0,8787695.0,OverTheCap – Quarterback Contract History,2021.0,4.0,fractional first-down count
Justin Fields,CHI,22,05/03/1999,29/04/2021,12,10,70.59,58.82,159,270,58.9,1870,7,2.6,10,3.7,8.3,64,6.9,5.8,11.8,155.8,73.2,36,264,11.8,5.25,4.24,2021,17,18871952.0,4717988.0,OverTheCap – Quarterback Contract History,2021.0,4.0,fractional first-down count
Andy Dalton,CHI,34,29/10/1987,28/04/2011,8,6,47.06,35.29,149,236,63.1,1515,8,3.4,9,3.8,8.3,60,6.4,5.4,10.2,189.4,76.9,18,143,7.1,5.4,4.44,2021,17,10000000.0,10000000.0,OverTheCap – Quarterback Contract History,2021.0,1.0,fractional first-down count
Jacoby Brissett,MIA,29,11/12/1992,28/04/2016,11,5,64.71,29.41,141,225,62.7,1283,5,2.2,4,1.8,6.9,52,5.7,5.3,9.1,116.6,78.1,19,132,7.8,4.72,4.39,2021,17,5000000.0,5000000.0,OverTheCap – Quarterback Contract History,2021.0,1.0,fractional first-down count
Jameis Winston,NOR,27,06/01/1994,30/04/2015,7,7,41.18,41.18,95,161,59.0,1170,14,8.7,3,1.9,5.6,72,7.3,8.2,12.3,167.1,102.8,11,69,6.4,6.4,7.24,2021,17,5500000.0,5500000.0,OverTheCap – Quarterback Contract History,2021.0,1.0,fractional first-down count
Trevor Siemian,NOR,30,26/12/1991,30/04/2015,6,4,35.29,23.53,108,188,57.4,1154,11,5.9,3,1.6,6.1,46,6.1,6.6,10.7,192.3,88.4,9,64,4.6,5.53,5.96,2021,17,990000.0,990000.0,OverTheCap – Quarterback Contract History,2021.0,1.0,fractional first-down count
Tyler Huntley,BAL,23,03/02/1998,23/04/2020,7,4,41.18,23.53,122,188,64.9,1081,3,1.6,4,2.1,5.5,43,5.8,5.1,8.9,154.4,76.6,18,107,8.7,4.73,4.15,2021,17,780000.0,780000.0,OverTheCap – Quarterback Contract History,2021.0,1.0,fractional first-down count
Taysom Hill,NOR,31,23/08/1990,27/04/2017,12,9,70.59,52.94,78,134,58.2,978,4,3.0,5,3.7,4.3,70,7.3,6.2,12.5,81.5,75.4,9,64,6.3,6.39,5.38,2021,17,21000000.0,10500000.0,OverTheCap – Quarterback Contract History,2020.0,2.0,fractional first-down count
Tyrod Taylor,HOU,32,03/08/1989,28/04/2011,6,6,35.29,35.29,91,150,60.7,966,5,3.3,5,3.3,4.4,52,6.4,5.6,10.6,161.0,76.7,13,119,8.0,5.2,4.43,2021,17,5500000.0,5500000.0,OverTheCap – Quarterback Contract History,2021.0,1.0,fractional first-down count
Mike White,NYJ,26,25/03/1995,26/04/2018,4,3,23.53,17.65,88,132,66.7,953,5,3.8,8,6.1,4.9,28,7.2,5.3,10.8,238.3,75.1,4,18,2.9,6.88,4.96,2021,17,850000.0,850000.0,OverTheCap – Quarterback Contract History,2021.0,1.0,fractional first-down count
Mike Glennon,NYG,32,12/12/1989,25/04/2013,6,4,35.29,23.53,90,167,53.9,790,4,2.4,10,6.0,4.3,60,4.7,2.5,8.8,131.7,49.7,9,68,5.1,4.1,2.0,2021,17,1375000.0,1375000.0,OverTheCap – Quarterback Contract History,2021.0,1.0,fractional first-down count
Drew Lock,DEN,25,10/11/1996,25/04/2019,6,3,35.29,17.65,67,111,60.4,787,2,1.8,2,1.8,3.2,44,7.1,6.6,11.7,131.2,80.4,9,52,7.5,6.13,5.71,2021,17,7010820.0,1752705.0,OverTheCap – Quarterback Contract History,2019.0,4.0,fractional first-down count
Colt McCoy,ARI,35,05/09/1986,22/04/2010,8,3,47.06,17.65,74,99,74.7,740,3,3.0,1,1.0,3.9,50,7.5,7.6,10.0,92.5,101.4,6,40,5.7,6.67,6.81,2021,17,1212500.0,1212500.0,OverTheCap – Quarterback Contract History,2021.0,1.0,fractional first-down count
Geno Smith,SEA,31,10/10/1990,25/04/2013,4,3,23.53,17.65,65,95,68.4,702,5,5.3,1,1.1,3.1,84,7.4,8.0,10.8,175.5,103.0,13,117,12.0,5.42,5.93,2021,17,1212500.0,1212500.0,OverTheCap – Quarterback Contract History,2021.0,1.0,fractional first-down count
Cam Newton,CAR,32,11/05/1989,28/04/2011,8,5,47.06,29.41,69,126,54.8,684,4,3.2,5,4.0,3.2,64,5.4,4.3,9.9,85.5,64.4,10,83,7.4,4.42,3.35,2021,17,8250000.0,8250000.0,OverTheCap – Quarterback Contract History,2021.0,1.0,fractional first-down count
Josh Johnson,2TM,35,15/05/1986,26/04/2008,4,1,23.53,5.88,57,85,67.1,638,5,5.9,2,2.4,3.9,28,7.5,7.6,11.2,159.5,99.0,3,23,3.4,6.99,7.1,2021,17,1075000.0,1075000.0,OverTheCap – Quarterback Contract History,2021.0,1.0,fractional first-down count
Trey Lance,SFO,21,09/05/2000,29/04/2021,6,2,35.29,11.76,41,71,57.7,603,5,7.0,2,2.8,2.7,76,8.5,8.6,14.7,100.5,97.3,4,15,5.3,7.84,7.97,2021,17,34105258.0,8526315.0,OverTheCap – Quarterback Contract History,2021.0,4.0,fractional first-down count
Tim Boyle,DET,27,03/10/1994,26/04/2018,5,3,29.41,17.65,61,94,64.9,526,3,3.2,6,6.4,2.8,42,5.6,3.4,8.6,105.2,63.5,0,0,0.0,5.6,3.36,2021,17,2400000.0,2400000.0,OverTheCap – Quarterback Contract History,2021.0,1.0,fractional first-down count
Case Keenum,CLE,33,17/02/1988,26/04/2012,7,2,41.18,11.76,47,72,65.3,462,3,4.2,1,1.4,2.5,34,6.4,6.6,9.8,66.0,91.3,5,29,6.5,5.62,5.82,2021,17,18000000.0,6000000.0,OverTheCap – Quarterback Contract History,2020.0,3.0,fractional first-down count
Gardner Minshew II,PHI,25,16/05/1996,25/04/2019,4,2,23.53,11.76,41,60,68.3,439,4,6.7,1,1.7,2.4,36,7.3,7.9,10.7,109.8,104.8,5,31,7.7,6.28,6.82,2021,17,2711616.0,677904.0,OverTheCap – Quarterback Contract History,2019.0,4.0,fractional first-down count
Cooper Rush,DAL,28,21/11/1993,27/04/2017,5,1,29.41,5.88,30,47,63.8,422,3,6.4,1,2.1,1.8,73,9.0,9.3,14.1,84.4,105.1,3,19,6.0,8.06,8.36,2021,17,1955000.0,977500.0,OverTheCap – Quarterback Contract History,2021.0,2.0,fractional first-down count
Jordan Love,GNB,23,02/11/1998,29/04/2021,6,1,35.29,5.88,36,62,58.1,411,2,3.2,3,4.8,2.2,62,6.6,5.1,11.4,68.5,68.7,3,23,4.6,5.97,4.51,2021,17,12383470.0,3095868.0,OverTheCap – Quarterback Contract History,2020.0,4.0,fractional first-down count
P.J. Walker,CAR,26,26/02/1995,23/04/2020,5,1,29.41,5.88,36,66,54.5,362,1,1.5,3,4.5,1.9,24,5.5,3.7,10.1,72.4,56.5,7,47,9.6,4.32,2.74,2021,17,28177087.3125,7044271.828125,Spotrac 2026 Rookie Scale – 1st-round average fallback (pick not found),2020.0,4.0,fractional first-down count
Joe Flacco,NYJ,36,16/01/1985,26/04/2008,2,1,11.76,5.88,27,42,64.3,338,3,7.1,0,0.0,1.4,62,8.0,9.5,12.5,169.0,113.0,2,13,4.5,7.39,8.75,2021,17,3500000.0,3500000.0,OverTheCap – Quarterback Contract History,2021.0,1.0,fractional first-down count
Mason Rudolph,PIT,26,17/07/1995,26/04/2018,2,1,11.76,5.88,35,58,60.3,277,1,1.7,1,1.7,1.6,36,4.8,4.3,7.9,138.5,70.8,0,0,0.0,4.78,4.34,2021,17,4985199.0,4985199.0,OverTheCap – Quarterback Contract History,2021.0,1.0,fractional first-down count
Nick Foles,CHI,32,20/01/1989,26/04/2012,1,1,5.88,5.88,24,35,68.6,250,1,2.9,0,0.0,1.4,30,7.1,7.7,10.4,250.0,98.5,4,21,10.3,5.87,6.38,2021,17,24000000.0,8000000.0,OverTheCap – Quarterback Contract History,2020.0,3.0,fractional first-down count
Brian Hoyer,NWE,36,31/10/1985,25/04/2009,5,0,29.41,0.0,9,11,81.8,227,1,9.1,0,0.0,0.8,48,20.6,22.5,25.2,45.4,149.1,0,0,0.0,20.64,22.45,2021,17,1075000.0,1075000.0,OverTheCap – Quarterback Contract History,2021.0,1.0,fractional first-down count
Garrett Gilbert,WAS,30,01/07/1991,08/05/2014,1,1,5.88,5.88,20,31,64.5,194,0,0.0,0,0.0,0.8,46,6.3,6.3,9.7,194.0,81.9,2,20,6.1,5.27,5.27,2021,17,920000.0,920000.0,OverTheCap – Quarterback Contract History,2021.0,1.0,fractional first-down count
Sean Mannion,MIN,29,25/04/1992,30/04/2015,1,1,5.88,5.88,22,36,61.1,189,1,2.8,0,0.0,0.8,30,5.3,5.8,8.6,189.0,84.1,2,15,5.3,4.58,5.11,2021,17,1127500.0,1127500.0,OverTheCap – Quarterback Contract History,2021.0,1.0,fractional first-down count
Brandon Allen,CIN,29,05/09/1992,26/04/2018,6,1,35.29,5.88,17,34,50.0,149,2,5.9,0,0.0,0.5,26,4.4,5.6,8.8,24.8,81.6,4,33,10.5,3.05,4.11,2021,17,1500000.0,1500000.0,OverTheCap – Quarterback Contract History,2021.0,1.0,fractional first-down count
Nick Mullens,CLE,26,21/03/1995,26/04/2018,1,1,5.88,5.88,20,30,66.7,147,1,3.3,0,0.0,0.9,25,4.9,5.6,7.4,147.0,89.2,0,0,0.0,4.9,5.57,2021,17,970000.0,970000.0,OverTheCap – Quarterback Contract History,2021.0,1.0,fractional first-down count
Ian Book,NOR,23,30/03/1998,29/04/2021,1,1,5.88,5.88,12,20,60.0,135,0,0.0,2,10.0,0.5,56,6.8,2.3,11.3,135.0,40.6,8,54,28.6,2.89,-0.32,2021,17,4153580.0,1038395.0,OverTheCap – Quarterback Contract History,2021.0,4.0,fractional first-down count
Kyle Allen,WAS,25,08/03/1996,26/04/2018,2,0,11.76,0.0,12,19,63.2,120,1,5.3,0,0.0,0.6,19,6.3,7.4,10.0,60.0,98.6,2,5,9.5,5.48,6.43,2021,17,850000.0,850000.0,OverTheCap – Quarterback Contract History,2021.0,1.0,fractional first-down count
Cedrick Wilson Jr.,DAL,26,20/11/1995,26/04/2018,16,4,94.12,23.53,3,3,100.0,88,0,0.0,0,0.0,0.3,35,29.3,29.3,29.3,5.5,118.7,0,0,0.0,29.33,29.33,2021,17,,,,,,fractional first-down count
Chad Henne,KAN,36,02/07/1985,26/04/2008,4,0,23.53,0.0,11,16,68.8,82,0,0.0,0,0.0,0.6,17,5.1,5.1,7.5,20.5,80.7,0,0,0.0,5.13,5.13,2021,17,3250000.0,1625000.0,OverTheCap – Quarterback Contract History,2020.0,2.0,fractional first-down count
Tom Kennedy,DET,25,29/07/1996,29/04/2021,12,0,70.59,0.0,1,1,100.0,75,1,100.0,0,0.0,0.1,75,75.0,95.0,75.0,6.3,158.3,0,0,0.0,75.0,95.0,2021,17,28177087.3125,7044271.828125,Spotrac 2026 Rookie Scale – 1st-round average fallback (pick not found),2021.0,4.0,fractional first-down count
Blaine Gabbert,TAM,32,15/10/1989,28/04/2011,6,0,35.29,0.0,7,11,63.6,67,0,0.0,0,0.0,0.4,23,6.1,6.1,9.6,11.2,80.5,1,10,8.3,4.75,4.75,2021,17,2000000.0,2000000.0,OverTheCap – Quarterback Contract History,2021.0,1.0,fractional first-down count
Tyler Boyd,CIN,27,15/11/1994,28/04/2016,16,10,94.12,58.82,1,1,100.0,46,0,0.0,0,0.0,0.1,46,46.0,46.0,46.0,2.9,118.7,0,0,0.0,46.0,46.0,2021,17,,,,,,fractional first-down count
Jakobi Meyers,NWE,25,09/11/1996,23/04/2020,17,16,100.0,94.12,2,2,100.0,45,0,0.0,0,0.0,0.1,30,22.5,22.5,22.5,2.6,118.7,0,0,0.0,22.5,22.5,2021,17,28177087.3125,7044271.828125,Spotrac 2026 Rookie Scale – 1st-round average fallback (pick not found),2020.0,4.0,fractional first-down count
Mitchell Trubisky,BUF,27,20/08/1994,27/04/2017,6,0,35.29,0.0,6,8,75.0,43,0,0.0,1,12.5,0.2,15,5.4,-0.3,7.2,7.2,47.4,0,0,0.0,5.38,-0.25,2021,17,2500000.0,2500000.0,OverTheCap – Quarterback Contract History,2021.0,1.0,fractional first-down count
Jack Fox,DET,25,01/09/1996,29/04/2021,17,0,100.0,0.0,2,3,66.7,38,0,0.0,0,0.0,0.2,21,12.7,12.7,19.0,2.2,109.7,0,0,0.0,12.67,12.67,2021,17,28177087.3125,7044271.828125,Spotrac 2026 Rookie Scale – 1st-round average fallback (pick not found),2021.0,4.0,fractional first-down count
Chris Streveler,ARI,26,06/01/1995,23/04/2020,2,0,11.76,0.0,6,9,66.7,36,0,0.0,0,0.0,0.1,17,4.0,4.0,6.0,18.0,74.3,2,17,18.2,1.73,1.73,2021,17,165600.0,165600.0,OverTheCap – Quarterback Contract History,2021.0,1.0,fractional first-down count
Justin Jefferson,MIN,22,20/03/2003,29/04/2021,17,17,100.0,100.0,2,4,50.0,35,0,0.0,0,0.0,0.2,24,8.8,8.8,17.5,2.1,80.2,0,0,0.0,8.75,8.75,2021,17,20456656.0,5114164.0,Spotrac 2026 Rookie Scale – exact 1st-round draft slot,2020.0,4.0,fractional first-down count
C.J. Beathard,JAX,28,16/11/1993,27/04/2017,2,0,11.76,0.0,2,2,100.0,33,0,0.0,0,0.0,0.1,28,16.5,16.5,16.5,16.5,118.7,0,0,0.0,16.5,16.5,2021,17,5000000.0,2500000.0,OverTheCap – Quarterback Contract History,2021.0,2.0,fractional first-down count
Christian Kirk,ARI,25,18/11/1996,26/04/2018,17,11,100.0,64.71,1,1,100.0,33,0,0.0,0,0.0,0.1,33,33.0,33.0,33.0,1.9,118.7,0,0,0.0,33.0,33.0,2021,17,,,,,,fractional first-down count
Kendrick Bourne,NWE,26,04/08/1995,27/04/2017,17,5,100.0,29.41,1,1,100.0,25,1,100.0,0,0.0,0.1,25,25.0,45.0,25.0,1.5,158.3,0,0,0.0,25.0,45.0,2021,17,,,,,,fractional first-down count
Jacob Eason,IND,24,17/11/1997,29/04/2021,1,0,5.88,0.0,2,5,40.0,25,0,0.0,1,20.0,0.2,10,5.0,-4.0,12.5,25.0,16.7,0,0,0.0,5.0,-4.0,2021,17,4027264.0,1006816.0,OverTheCap – Quarterback Contract History,2020.0,4.0,fractional first-down count
Deebo Samuel,SFO,25,15/01/1996,25/04/2019,16,15,94.12,88.24,1,2,50.0,24,1,50.0,0,0.0,0.1,24,12.0,22.0,24.0,1.5,133.3,0,0,0.0,12.0,22.0,2021,17,,,,,,fractional first-down count
Chris Banjo,ARI,31,26/02/1990,25/04/2013,16,0,94.12,0.0,1,1,100.0,23,0,0.0,0,0.0,0.1,23,23.0,23.0,23.0,1.4,118.7,0,0,0.0,23.0,23.0,2021,17,,,,,,fractional first-down count
Josh Rosen,ATL,24,10/02/1997,26/04/2018,4,0,23.53,0.0,2,11,18.2,19,0,0.0,2,18.2,0.1,14,1.7,-6.5,9.5,4.8,0.0,0,0,0.0,1.73,-6.45,2021,17,850000.0,850000.0,OverTheCap – Quarterback Contract History,2021.0,1.0,fractional first-down count
Kadarius Toney,NYG,22,27/01/1999,29/04/2021,10,4,58.82,23.53,1,3,33.3,19,0,0.0,0,0.0,0.1,19,6.3,6.3,19.0,1.9,56.2,1,6,25.0,3.25,3.25,2021,17,20810658.0,5202664.5,Spotrac 2026 Rookie Scale – exact 1st-round draft slot,2021.0,4.0,fractional first-down count
Dante Pettis,NYG,26,23/10/1995,26/04/2018,3,0,17.65,0.0,1,1,100.0,16,0,0.0,0,0.0,0.1,16,16.0,16.0,16.0,5.3,118.7,0,0,0.0,16.0,16.0,2021,17,,,,,,fractional first-down count
Courtland Sutton,DEN,26,10/10/1995,26/04/2018,17,16,100.0,94.12,1,1,100.0,16,0,0.0,0,0.0,0.1,16,16.0,16.0,16.0,0.9,118.7,0,0,0.0,16.0,16.0,2021,17,,,,,,fractional first-down count
Tommy Townsend,KAN,25,12/11/1996,23/04/2020,16,0,94.12,0.0,1,1,100.0,16,0,0.0,0,0.0,0.1,16,16.0,16.0,16.0,1.0,118.7,0,0,0.0,16.0,16.0,2021,17,28177087.3125,7044271.828125,Spotrac 2026 Rookie Scale – 1st-round average fallback (pick not found),2020.0,4.0,fractional first-down count
Matthias Farley,TEN,29,15/07/1992,28/04/2016,17,0,100.0,0.0,1,1,100.0,6,0,0.0,0,0.0,0.1,6,6.0,6.0,6.0,0.4,91.7,0,0,0.0,6.0,6.0,2021,17,,,,,,fractional first-down count
Derrick Henry,TEN,27,04/01/1994,28/04/2016,8,8,47.06,47.06,1,1,100.0,5,1,100.0,0,0.0,0.1,5,5.0,25.0,5.0,0.6,127.1,0,0,0.0,5.0,25.0,2021,17,,,,,,fractional first-down count
Patrick Mahomes,KAN,27,17/09/1995,27/04/2017,17,17,100.0,100.0,435,648,67.1,5250,41,6.3,12,1.9,27.2,67,8.1,8.5,12.1,308.8,105.2,26,188,3.9,7.51,7.93,2022,17,450000000.0,45000000.0,OverTheCap – Quarterback Contract History,2020.0,10.0,fractional first-down count
Justin Herbert,LAC,24,10/03/1998,23/04/2020,17,17,100.0,100.0,477,699,68.2,4739,25,3.6,10,1.4,22.8,55,6.8,6.9,9.9,278.8,93.2,38,206,5.2,6.15,6.22,2022,17,26578754.0,6644689.0,OverTheCap – Quarterback Contract History,2020.0,4.0,fractional first-down count
Tom Brady,TAM,45,03/08/1977,15/04/2000,17,17,100.0,100.0,490,733,66.8,4694,25,3.4,9,1.2,23.7,63,6.4,6.5,9.6,276.1,90.7,22,160,2.9,6.01,6.13,2022,17,,,,,,fractional first-down count
Joe Burrow,CIN,26,10/12/1996,23/04/2020,16,16,94.12,94.12,414,606,68.3,4475,35,5.8,12,2.0,22.2,60,7.4,7.6,10.8,279.7,100.8,41,259,6.3,6.52,6.76,2022,17,36190136.0,9047534.0,OverTheCap – Quarterback Contract History,2020.0,4.0,fractional first-down count
Jared Goff,DET,28,14/10/1994,28/04/2016,17,17,100.0,100.0,382,587,65.1,4438,29,4.9,7,1.2,22.7,81,7.6,8.0,11.6,261.1,99.3,23,156,3.8,7.02,7.45,2022,17,134000000.0,33500000.0,OverTheCap – Quarterback Contract History,2019.0,4.0,fractional first-down count
Josh Allen,BUF,26,21/05/1996,26/04/2018,16,16,94.12,94.12,359,567,63.3,4283,35,6.2,14,2.5,21.4,98,7.6,7.7,11.9,267.7,96.6,33,162,5.5,6.87,6.99,2022,17,258000000.0,43000000.0,OverTheCap – Quarterback Contract History,2021.0,6.0,fractional first-down count
Geno Smith,SEA,32,10/10/1990,25/04/2013,17,17,100.0,100.0,399,572,69.8,4282,30,5.2,11,1.9,20.6,54,7.5,7.7,10.7,251.9,100.9,46,348,7.4,6.37,6.54,2022,17,3500000.0,3500000.0,OverTheCap – Quarterback Contract History,2022.0,1.0,fractional first-down count
Trevor Lawrence,JAX,23,06/10/1999,29/04/2021,17,17,100.0,100.0,387,584,66.3,4113,25,4.3,8,1.4,20.6,59,7.0,7.3,10.6,241.9,95.2,27,184,4.4,6.43,6.66,2022,17,36793486.0,9198372.0,OverTheCap – Quarterback Contract History,2021.0,4.0,fractional first-down count
Jalen Hurts,PHI,24,07/08/1998,23/04/2020,15,15,88.24,88.24,306,460,66.5,3701,22,4.8,6,1.3,16.5,68,8.0,8.4,12.1,246.7,101.5,38,231,7.6,6.97,7.31,2022,17,6025176.0,1506294.0,OverTheCap – Quarterback Contract History,2020.0,4.0,fractional first-down count
Aaron Rodgers,GNB,39,02/12/1983,23/04/2005,17,17,100.0,100.0,350,542,64.6,3695,26,4.8,12,2.2,17.7,58,6.8,6.8,10.6,217.4,91.1,32,258,5.6,5.99,5.95,2022,17,150815000.0,50271667.0,OverTheCap – Quarterback Contract History,2022.0,5.0,fractional first-down count
Tua Tagovailoa,MIA,24,02/03/1998,23/04/2020,13,13,76.47,76.47,259,400,64.8,3548,25,6.3,8,2.0,16.2,84,8.9,9.2,13.7,272.9,105.5,21,163,5.0,8.04,8.37,2022,17,30275436.0,7568859.0,OverTheCap – Quarterback Contract History,2020.0,4.0,fractional first-down count
Russell Wilson,DEN,34,29/11/1988,26/04/2012,15,15,88.24,88.24,292,483,60.5,3524,16,3.3,11,2.3,14.2,67,7.3,6.9,12.1,234.9,84.4,55,368,10.2,5.87,5.54,2022,17,245000000.0,49000000.0,OverTheCap – Quarterback Contract History,2022.0,5.0,fractional first-down count
Derek Carr,LVR,31,28/03/1991,08/05/2014,15,15,88.24,88.24,305,502,60.8,3522,24,4.8,14,2.8,16.1,60,7.0,6.7,11.5,234.8,86.3,27,191,5.1,6.3,6.01,2022,17,121422481.0,40474160.0,OverTheCap – Quarterback Contract History,2022.0,3.0,fractional first-down count
Daniel Jones,NYG,25,27/05/1997,25/04/2019,16,16,94.12,94.12,317,472,67.2,3205,15,3.2,5,1.1,15.6,65,6.8,6.9,10.1,200.3,92.5,44,243,8.5,5.74,5.89,2022,17,25664056.0,6416014.0,OverTheCap – Quarterback Contract History,2019.0,4.0,fractional first-down count
Davis Mills,HOU,24,21/10/1998,29/04/2021,15,15,88.24,88.24,292,479,61.0,3118,17,3.5,15,3.1,13.5,58,6.5,5.8,10.7,207.9,78.8,31,244,6.1,5.64,4.98,2022,17,5222100.0,1305525.0,OverTheCap – Quarterback Contract History,2021.0,4.0,fractional first-down count
Matt Ryan,IND,37,17/05/1985,26/04/2008,12,12,70.59,70.59,309,461,67.0,3057,14,3.0,13,2.8,15.6,45,6.6,6.0,9.9,254.8,83.9,38,287,7.6,5.55,4.94,2022,17,150000000.0,30000000.0,OverTheCap – Quarterback Contract History,2018.0,5.0,fractional first-down count
Mac Jones,NWE,24,05/09/1998,29/04/2021,14,14,82.35,82.35,288,442,65.2,2997,14,3.2,11,2.5,12.7,48,6.8,6.3,10.4,214.1,84.8,34,231,7.1,5.81,5.36,2022,17,15586340.0,3896585.0,OverTheCap – Quarterback Contract History,2021.0,4.0,fractional first-down count
Andy Dalton,NOR,35,29/10/1987,28/04/2011,14,14,82.35,82.35,252,378,66.7,2871,18,4.8,9,2.4,13.5,64,7.6,7.5,11.4,205.1,95.2,25,189,6.2,6.66,6.54,2022,17,3000000.0,3000000.0,OverTheCap – Quarterback Contract History,2022.0,1.0,fractional first-down count
Dak Prescott,DAL,29,29/07/1993,28/04/2016,12,12,70.59,70.59,261,394,66.2,2860,23,5.8,15,3.8,14.2,68,7.3,6.7,11.0,238.3,91.1,20,126,4.8,6.6,6.08,2022,17,160000000.0,40000000.0,OverTheCap – Quarterback Contract History,2021.0,4.0,fractional first-down count
Jacoby Brissett,CLE,30,11/12/1992,28/04/2016,16,11,94.12,64.71,236,369,64.0,2608,12,3.3,6,1.6,12.9,55,7.1,7.0,11.1,163.0,88.9,24,160,6.1,6.23,6.15,2022,17,4650000.0,4650000.0,OverTheCap – Quarterback Contract History,2022.0,1.0,fractional first-down count
Ryan Tannehill,TEN,34,27/07/1988,26/04/2012,12,12,70.59,70.59,212,325,65.2,2536,13,4.0,6,1.8,11.6,69,7.8,7.8,12.0,211.3,94.6,33,238,9.2,6.42,6.39,2022,17,118000000.0,29500000.0,OverTheCap – Quarterback Contract History,2020.0,4.0,fractional first-down count
Jimmy Garoppolo,SFO,31,02/11/1991,08/05/2014,11,10,64.71,58.82,207,308,67.2,2437,16,5.2,4,1.3,11.4,57,7.9,8.4,11.8,221.5,103.0,18,100,5.5,7.17,7.6,2022,17,7000000.0,7000000.0,OverTheCap – Quarterback Contract History,2022.0,1.0,fractional first-down count
Kenny Pickett,PIT,24,06/06/1998,28/04/2022,13,12,76.47,70.59,245,389,63.0,2404,7,1.8,9,2.3,12.3,57,6.2,5.5,9.8,184.9,76.7,27,182,6.5,5.34,4.7,2022,17,14067904.0,3516976.0,OverTheCap – Quarterback Contract History,2022.0,4.0,fractional first-down count
Kyler Murray,ARI,25,07/08/1997,25/04/2019,11,11,64.71,64.71,259,390,66.4,2368,14,3.6,7,1.8,11.9,38,6.1,6.0,9.1,215.3,87.2,25,192,6.0,5.24,5.16,2022,17,230500000.0,46100000.0,OverTheCap – Quarterback Contract History,2022.0,5.0,fractional first-down count
Justin Fields,CHI,23,05/03/1999,29/04/2021,15,15,88.24,88.24,192,318,60.4,2242,17,5.3,11,3.5,9.1,56,7.1,6.6,11.7,149.5,85.2,55,359,14.7,5.05,4.63,2022,17,18871952.0,4717988.0,OverTheCap – Quarterback Contract History,2021.0,4.0,fractional first-down count
Lamar Jackson,BAL,25,07/01/1997,26/04/2018,12,12,70.59,70.59,203,326,62.3,2242,17,5.2,7,2.1,10.5,75,6.9,7.0,11.0,186.8,91.1,26,114,7.4,6.05,6.12,2022,17,,,,,,fractional first-down count
Marcus Mariota,ATL,29,30/10/1993,30/04/2015,13,13,76.47,76.47,184,300,61.3,2219,15,5.0,9,3.0,11.1,75,7.4,7.0,12.1,170.7,88.2,28,195,8.5,6.17,5.85,2022,17,18750000.0,9375000.0,OverTheCap – Quarterback Contract History,2022.0,2.0,fractional first-down count
Baker Mayfield,2TM,27,14/04/1995,26/04/2018,12,10,70.59,58.82,201,335,60.0,2163,10,3.0,8,2.4,9.4,75,6.5,6.0,10.8,180.3,79.0,36,217,9.7,5.25,4.81,2022,17,15358000.0,15358000.0,OverTheCap – Quarterback Contract History,2022.0,1.0,fractional first-down count
Matthew Stafford,LAR,34,07/02/1988,25/04/2009,9,9,52.94,52.94,206,303,68.0,2087,10,3.3,8,2.6,10.5,75,6.9,6.4,10.1,231.9,87.4,29,208,8.7,5.66,5.18,2022,17,,,,,,fractional first-down count
Taylor Heinicke,WAS,29,15/03/1993,27/04/2017,9,9,52.94,52.94,161,259,62.2,1859,12,4.6,6,2.3,9.3,61,7.2,7.1,11.5,206.6,89.6,19,141,6.8,6.18,6.07,2022,17,4750000.0,2375000.0,OverTheCap – Quarterback Contract History,2021.0,2.0,fractional first-down count
Carson Wentz,WAS,30,30/12/1992,28/04/2016,8,7,47.06,41.18,172,276,62.3,1755,11,4.0,9,3.3,8.5,75,6.4,5.7,10.2,219.4,80.2,26,159,8.6,5.28,4.67,2022,17,128000000.0,32000000.0,OverTheCap – Quarterback Contract History,2019.0,4.0,fractional first-down count
Zach Wilson,NYJ,23,03/08/1999,29/04/2021,9,9,52.94,52.94,132,242,54.5,1688,6,2.5,7,2.9,7.3,79,7.0,6.2,12.8,187.6,72.8,23,175,8.7,5.71,4.97,2022,17,35150680.0,8787695.0,OverTheCap – Quarterback Contract History,2021.0,4.0,fractional first-down count
Brock Purdy,SFO,23,27/12/1999,28/04/2022,9,5,52.94,29.41,114,170,67.1,1374,13,7.6,4,2.4,6.6,54,8.1,8.6,12.1,152.7,107.3,11,84,6.1,7.13,7.57,2022,17,3737012.0,934253.0,OverTheCap – Quarterback Contract History,2022.0,4.0,fractional first-down count
Mitchell Trubisky,PIT,28,20/08/1994,27/04/2017,7,5,41.18,29.41,117,180,65.0,1252,4,2.2,5,2.8,6.5,45,7.0,6.2,10.7,178.9,81.1,11,68,5.8,6.2,5.44,2022,17,14285000.0,7412500.0,OverTheCap – Quarterback Contract History,2022.0,2.0,fractional first-down count
Mike White,NYJ,27,25/03/1995,26/04/2018,4,4,23.53,23.53,103,175,58.9,1192,3,1.7,4,2.3,5.6,60,6.8,6.1,11.6,298.0,75.7,9,76,4.9,6.07,5.41,2022,17,2540000.0,2540000.0,OverTheCap – Quarterback Contract History,2022.0,1.0,fractional first-down count
Sam Darnold,CAR,25,05/06/1997,26/04/2018,6,6,35.29,35.29,82,140,58.6,1143,7,5.0,3,2.1,5.7,52,8.2,8.2,13.9,190.5,92.6,10,78,6.7,7.1,7.13,2022,17,,,,,,fractional first-down count
Deshaun Watson,CLE,27,14/09/1995,27/04/2017,6,6,35.29,35.29,99,170,58.2,1102,7,4.1,5,2.9,5.3,46,6.5,6.0,11.1,183.7,79.1,20,106,10.5,5.24,4.79,2022,17,230000000.0,46000000.0,OverTheCap – Quarterback Contract History,2022.0,5.0,fractional first-down count
Joe Flacco,NYJ,37,16/01/1985,26/04/2008,5,4,29.41,23.53,110,191,57.6,1051,5,2.6,3,1.6,5.5,66,5.5,5.3,9.6,210.2,75.2,10,66,5.0,4.9,4.73,2022,17,3500000.0,3500000.0,OverTheCap – Quarterback Contract History,2022.0,1.0,fractional first-down count
Cooper Rush,DAL,29,21/11/1993,27/04/2017,9,5,52.94,29.41,94,162,58.0,1051,5,3.1,3,1.9,5.2,46,6.5,6.3,11.2,116.8,80.0,7,49,4.1,5.93,5.72,2022,17,1035000.0,1035000.0,OverTheCap – Quarterback Contract History,2022.0,1.0,fractional first-down count
Jameis Winston,NOR,28,06/01/1994,30/04/2015,3,3,17.65,17.65,73,115,63.5,858,4,3.5,5,4.3,3.5,51,7.5,6.2,11.8,286.0,79.5,11,74,8.7,6.22,5.07,2022,17,28000000.0,14000000.0,OverTheCap – Quarterback Contract History,2022.0,2.0,fractional first-down count
Bailey Zappe,NWE,23,26/04/1999,28/04/2022,4,2,23.53,11.76,65,92,70.7,781,5,5.4,3,3.3,3.7,53,8.5,8.1,12.0,195.3,100.9,6,40,6.1,7.56,7.2,2022,17,4307072.0,1076768.0,OverTheCap – Quarterback Contract History,2022.0,4.0,fractional first-down count
Colt McCoy,ARI,36,05/09/1986,22/04/2010,4,3,23.53,17.65,90,132,68.2,780,1,0.8,3,2.3,3.4,47,5.9,5.0,8.7,195.0,76.6,13,97,9.0,4.71,3.92,2022,17,7500000.0,3250000.0,OverTheCap – Quarterback Contract History,2022.0,2.0,fractional first-down count
Desmond Ridder,ATL,23,31/08/1999,28/04/2022,4,4,23.53,23.53,73,115,63.5,708,2,1.7,0,0.0,3.7,40,6.2,6.5,9.7,177.0,86.4,9,33,7.3,5.44,5.77,2022,17,5362962.0,1340741.0,OverTheCap – Quarterback Contract History,2022.0,4.0,fractional first-down count
Teddy Bridgewater,MIA,30,10/11/1992,08/05/2014,5,2,29.41,11.76,49,79,62.0,683,4,5.1,4,5.1,3.2,64,8.6,7.4,13.9,136.6,85.6,7,45,8.1,7.42,6.26,2022,17,6500000.0,6500000.0,OverTheCap – Quarterback Contract History,2022.0,1.0,fractional first-down count
Tyler Huntley,BAL,24,03/02/1998,23/04/2020,6,4,35.29,23.53,75,112,67.0,658,2,1.8,3,2.7,3.1,40,5.9,5.0,8.8,109.7,77.2,7,34,5.9,5.24,4.45,2022,17,895000.0,895000.0,OverTheCap – Quarterback Contract History,2022.0,1.0,fractional first-down count
Jarrett Stidham,LVR,26,08/08/1996,25/04/2019,5,2,29.41,11.76,53,83,63.9,656,4,4.8,3,3.6,3.2,60,7.9,7.2,12.4,131.2,89.2,7,47,7.8,6.77,6.16,2022,17,3156112.0,789028.0,OverTheCap – Quarterback Contract History,2019.0,4.0,fractional first-down count
Sam Ehlinger,IND,24,30/09/1998,28/04/2022,4,3,23.53,17.65,64,101,63.4,573,3,3.0,3,3.0,2.8,47,5.7,4.9,9.0,143.3,76.1,14,87,12.2,4.23,3.57,2022,17,3610704.0,902676.0,OverTheCap – Quarterback Contract History,2021.0,4.0,fractional first-down count
Skylar Thompson,MIA,25,04/06/1997,28/04/2022,7,2,41.18,11.76,60,105,57.1,534,1,1.0,3,2.9,2.6,32,5.1,4.0,8.9,76.3,62.2,6,40,5.4,4.45,3.41,2022,17,3742208.0,935552.0,OverTheCap – Quarterback Contract History,2022.0,4.0,fractional first-down count
Brett Rypien,DEN,26,09/07/1996,23/04/2020,4,2,23.53,11.76,53,88,60.2,483,2,2.3,4,4.5,2.4,45,5.5,3.9,9.1,120.8,63.8,8,47,8.3,4.54,3.08,2022,17,965000.0,965000.0,OverTheCap – Quarterback Contract History,2022.0,1.0,fractional first-down count
Kyle Allen,HOU,26,08/03/1996,26/04/2018,2,2,11.76,11.76,46,78,59.0,416,2,2.6,4,5.1,1.9,39,5.3,3.5,9.0,208.0,60.6,5,41,6.0,4.52,2.83,2022,17,2500000.0,2500000.0,OverTheCap – Quarterback Contract History,2022.0,1.0,fractional first-down count
Trace McSorley,ARI,27,23/08/1995,25/04/2019,6,1,35.29,5.88,45,83,54.2,412,0,0.0,5,6.0,1.7,47,5.0,2.3,9.2,68.7,42.8,3,27,3.5,4.48,1.86,2022,17,965000.0,965000.0,OverTheCap – Quarterback Contract History,2022.0,1.0,fractional first-down count
Joshua Dobbs,TEN,27,26/01/1995,26/04/2018,2,2,11.76,11.76,40,68,58.8,411,2,2.9,2,2.9,2.5,39,6.0,5.3,10.3,205.5,73.8,6,26,8.1,5.2,4.53,2022,17,1187500.0,1187500.0,OverTheCap – Quarterback Contract History,2022.0,1.0,fractional first-down count
David Blough,ARI,27,31/07/1995,25/04/2019,2,2,11.76,11.76,38,58,65.5,402,2,3.4,2,3.4,1.8,77,6.9,6.1,10.6,201.0,82.7,5,24,7.9,6.0,5.21,2022,17,1150000.0,1150000.0,OverTheCap – Quarterback Contract History,2022.0,1.0,fractional first-down count
John Wolford,LAR,27,16/10/1995,23/04/2020,3,3,17.65,17.65,38,62,61.3,390,1,1.6,3,4.8,1.9,30,6.3,4.4,10.3,130.0,64.6,7,49,10.1,4.94,3.28,2022,17,895000.0,895000.0,OverTheCap – Quarterback Contract History,2022.0,1.0,fractional first-down count
Anthony Brown,BAL,24,27/07/1998,28/04/2016,2,1,11.76,5.88,22,49,44.9,302,0,0.0,2,4.1,1.3,47,6.2,4.3,13.7,151.0,48.2,5,14,9.3,5.33,3.67,2022,17,2580000.0,860000.0,OverTheCap – Quarterback Contract History,2022.0,3.0,fractional first-down count
Malik Willis,TEN,23,25/05/1999,28/04/2022,8,3,47.06,17.65,31,61,50.8,276,0,0.0,3,4.9,1.1,48,4.5,2.3,8.9,34.5,42.8,10,49,14.1,3.2,1.3,2022,17,5160100.0,1290025.0,OverTheCap – Quarterback Contract History,2022.0,4.0,fractional first-down count
Taysom Hill,NOR,32,23/08/1990,27/04/2017,16,8,94.12,47.06,13,19,68.4,240,2,10.5,0,0.0,1.1,68,12.6,14.7,18.5,15.0,146.3,2,14,9.5,10.76,12.67,2022,17,,,,,,fractional first-down count
Nick Foles,IND,33,20/01/1989,26/04/2012,3,2,17.65,11.76,25,42,59.5,224,0,0.0,4,9.5,0.9,49,5.3,1.0,9.0,74.7,34.3,8,48,16.0,3.52,-0.08,2022,17,6200000.0,3100000.0,OverTheCap – Quarterback Contract History,2022.0,2.0,fractional first-down count
Nick Mullens,MIN,27,21/03/1995,26/04/2018,4,0,23.53,0.0,21,25,84.0,224,1,4.0,1,4.0,1.1,37,9.0,8.0,10.7,56.0,100.7,0,0,0.0,8.96,7.96,2022,17,2000000.0,2000000.0,OverTheCap – Quarterback Contract History,2022.0,1.0,fractional first-down count
Jordan Love,GNB,24,02/11/1998,29/04/2021,4,0,23.53,0.0,14,21,66.7,195,1,4.8,0,0.0,0.9,63,9.3,10.2,13.9,48.8,112.2,0,0,0.0,9.29,10.24,2022,17,12383470.0,3095868.0,OverTheCap – Quarterback Contract History,2020.0,4.0,fractional first-down count
Trey Lance,SFO,22,09/05/2000,29/04/2021,2,2,11.76,11.76,15,31,48.4,194,0,0.0,1,3.2,0.6,44,6.3,4.8,12.9,97.0,55.0,2,9,6.1,5.61,4.24,2022,17,34105258.0,8526315.0,OverTheCap – Quarterback Contract History,2021.0,4.0,fractional first-down count
Trevor Siemian,CHI,31,26/12/1991,30/04/2015,2,1,11.76,5.88,15,26,57.7,184,1,3.8,1,3.8,0.7,33,7.1,6.1,12.3,92.0,76.4,2,14,7.1,6.07,5.18,2022,17,4000000.0,2000000.0,OverTheCap – Quarterback Contract History,2022.0,2.0,fractional first-down count
Sam Howell,WAS,22,16/09/2000,28/04/2022,1,1,5.88,5.88,11,19,57.9,169,1,5.3,1,5.3,0.6,52,8.9,7.6,15.4,169.0,83.0,3,11,13.6,7.18,6.05,2022,17,4021600.0,1005400.0,OverTheCap – Quarterback Contract History,2022.0,4.0,fractional first-down count
Davis Webb,NYG,27,22/01/1995,26/04/2018,1,1,5.88,5.88,23,40,57.5,168,1,2.5,0,0.0,1.1,25,4.2,4.7,7.3,168.0,75.8,0,0,0.0,4.2,4.7,2022,17,945000.0,945000.0,OverTheCap – Quarterback Contract History,2022.0,1.0,fractional first-down count
Nathan Peterman,CHI,28,04/05/1994,27/04/2017,3,1,17.65,5.88,14,25,56.0,139,1,4.0,1,4.0,0.9,28,5.6,4.6,9.9,46.3,68.6,1,6,3.8,5.12,4.15,2022,17,1035000.0,1035000.0,OverTheCap – Quarterback Contract History,2022.0,1.0,fractional first-down count
Jeff Driskel,HOU,29,23/04/1993,26/04/2018,7,2,41.18,11.76,14,20,70.0,108,1,5.0,0,0.0,0.5,28,5.4,6.4,7.7,15.4,99.6,2,13,9.1,4.32,5.23,2022,17,1187500.0,1187500.0,OverTheCap – Quarterback Contract History,2022.0,1.0,fractional first-down count
Chris Streveler,NYJ,27,06/01/1995,23/04/2020,2,1,11.76,5.88,10,15,66.7,90,0,0.0,0,0.0,0.5,30,6.0,6.0,9.0,45.0,82.6,0,0,0.0,6.0,6.0,2022,17,895000.0,895000.0,OverTheCap – Quarterback Contract History,2022.0,1.0,fractional first-down count
Jacob Eason,CAR,25,17/11/1997,29/04/2021,1,0,5.88,0.0,3,5,60.0,59,0,0.0,1,20.0,0.2,49,11.8,2.8,19.7,59.0,61.7,0,0,0.0,11.8,2.8,2022,17,283444.0,283444.0,OverTheCap – Quarterback Contract History,2022.0,1.0,fractional first-down count
Tyrod Taylor,NYG,33,03/08/1989,28/04/2011,3,0,17.65,0.0,6,8,75.0,58,1,12.5,1,12.5,0.3,19,7.3,4.1,9.7,19.3,94.8,3,18,27.3,3.64,1.36,2022,17,11000000.0,5500000.0,OverTheCap – Quarterback Contract History,2022.0,2.0,fractional first-down count
Chase Daniel,LAC,36,07/10/1986,25/04/2009,4,0,23.53,0.0,8,12,66.7,52,1,8.3,0,0.0,0.4,13,4.3,6.0,6.5,13.0,103.5,1,1,7.7,3.92,5.46,2022,17,2000000.0,2000000.0,OverTheCap – Quarterback Contract History,2022.0,1.0,fractional first-down count
Brian Hoyer,NWE,37,31/10/1985,25/04/2009,1,1,5.88,5.88,5,6,83.3,37,0,0.0,0,0.0,0.2,27,6.2,6.2,7.4,37.0,92.4,1,8,14.3,4.14,4.14,2022,17,4000000.0,2000000.0,OverTheCap – Quarterback Contract History,2022.0,2.0,fractional first-down count
C.J. Beathard,JAX,29,16/11/1993,27/04/2017,4,0,23.53,0.0,7,11,63.6,35,0,0.0,1,9.1,0.2,11,3.2,-0.9,5.0,8.8,30.5,1,5,8.3,2.5,-1.25,2022,17,5000000.0,2500000.0,OverTheCap – Quarterback Contract History,2021.0,2.0,fractional first-down count
Justin Jefferson,MIN,23,20/03/2003,29/04/2021,17,17,100.0,100.0,2,2,100.0,34,0,0.0,0,0.0,0.2,23,17.0,17.0,17.0,2.0,118.7,0,0,0.0,17.0,17.0,2022,17,20456656.0,5114164.0,Spotrac 2026 Rookie Scale – exact 1st-round draft slot,2020.0,4.0,fractional first-down count
Christian McCaffrey,2TM,26,07/06/1996,27/04/2017,17,16,100.0,94.12,1,1,100.0,34,1,100.0,0,0.0,0.1,34,34.0,54.0,34.0,2.0,158.3,0,0,0.0,34.0,54.0,2022,17,,,,,,fractional first-down count
Tim Boyle,CHI,28,03/10/1994,26/04/2018,1,0,5.88,0.0,2,8,25.0,33,0,0.0,2,25.0,0.2,17,4.1,-7.1,16.5,33.0,4.7,0,0,0.0,4.13,-7.13,2022,17,2000000.0,2000000.0,OverTheCap – Quarterback Contract History,2022.0,1.0,fractional first-down count
Blaine Gabbert,TAM,33,15/10/1989,28/04/2011,1,0,5.88,0.0,6,8,75.0,29,1,12.5,0,0.0,0.2,13,3.6,6.1,4.8,29.0,119.3,0,0,0.0,3.63,6.13,2022,17,2250000.0,2250000.0,OverTheCap – Quarterback Contract History,2022.0,1.0,fractional first-down count
Tyler Boyd,CIN,28,15/11/1994,28/04/2016,16,14,94.12,82.35,1,1,100.0,23,0,0.0,0,0.0,0.1,23,23.0,23.0,23.0,1.4,118.7,1,12,50.0,5.5,5.5,2022,17,,,,,,fractional first-down count
Kyle Trask,TAM,24,06/03/1998,28/04/2022,1,0,5.88,0.0,3,9,33.3,23,0,0.0,0,0.0,0.1,9,2.6,2.6,7.7,23.0,42.4,0,0,0.0,2.56,2.56,2022,17,5535336.0,1383834.0,OverTheCap – Quarterback Contract History,2021.0,4.0,fractional first-down count
Brandon Allen,CIN,30,05/09/1992,26/04/2018,1,0,5.88,0.0,3,3,100.0,22,0,0.0,0,0.0,0.1,13,7.3,7.3,7.3,22.0,97.2,1,0,25.0,5.5,5.5,2022,17,1500000.0,1500000.0,OverTheCap – Quarterback Contract History,2022.0,1.0,fractional first-down count
Riley Dixon,LAR,29,24/08/1993,28/04/2016,17,0,100.0,0.0,2,2,100.0,18,0,0.0,0,0.0,0.2,12,9.0,9.0,9.0,1.1,104.2,0,0,0.0,9.0,9.0,2022,17,,,,,,fractional first-down count
Braden Mann,NYJ,25,24/11/1997,28/04/2022,17,0,100.0,0.0,1,2,50.0,17,0,0.0,0,0.0,0.1,17,8.5,8.5,17.0,1.0,79.2,0,0,0.0,8.5,8.5,2022,17,,,,,,fractional first-down count
Ryan Wright,MIN,22,01/06/2000,28/04/2022,17,0,100.0,0.0,1,2,50.0,13,0,0.0,0,0.0,0.1,13,6.5,6.5,13.0,0.8,70.8,0,0,0.0,6.5,6.5,2022,17,28177087.3125,7044271.828125,Spotrac 2026 Rookie Scale – 1st-round average fallback (pick not found),2022.0,4.0,fractional first-down count
Josh Johnson,SFO,36,15/05/1986,26/04/2008,2,0,11.76,0.0,1,2,50.0,10,0,0.0,0,0.0,0.1,10,5.0,5.0,10.0,5.0,64.6,0,0,0.0,5.0,5.0,2022,17,1220000.0,1220000.0,OverTheCap – Quarterback Contract History,2022.0,1.0,fractional first-down count
Jack Fox,DET,26,01/09/1996,29/04/2021,17,0,100.0,0.0,1,1,100.0,6,0,0.0,0,0.0,0.1,6,6.0,6.0,6.0,0.4,91.7,0,0,0.0,6.0,6.0,2022,17,28177087.3125,7044271.828125,Spotrac 2026 Rookie Scale – 1st-round average fallback (pick not found),2021.0,4.0,fractional first-down count
Derrick Henry,TEN,28,04/01/1994,28/04/2016,16,16,94.12,94.12,2,2,100.0,4,1,50.0,0,0.0,0.1,3,2.0,12.0,2.0,0.3,118.7,0,0,0.0,2.0,12.0,2022,17,,,,,,fractional first-down count
Andy Lee,ARI,40,11/08/1982,24/04/2004,17,0,100.0,0.0,1,1,100.0,4,0,0.0,0,0.0,0.1,4,4.0,4.0,4.0,0.2,83.3,0,0,0.0,4.0,4.0,2022,17,,,,,,fractional first-down count
Braxton Berrios,NYJ,27,06/10/1995,26/04/2018,17,2,100.0,11.76,1,1,100.0,2,1,100.0,0,0.0,0.1,2,2.0,22.0,2.0,0.1,118.7,0,0,0.0,2.0,22.0,2022,17,,,,,,fractional first-down count
Chase Claypool,2TM,24,07/07/1998,28/04/2022,15,11,88.24,64.71,1,1,100.0,1,1,100.0,0,0.0,0.1,1,1.0,21.0,1.0,0.1,118.7,0,0,0.0,1.0,21.0,2022,17,,,,,,fractional first-down count
Tua Tagovailoa,MIA,25,02/03/1998,23/04/2020,17,17,100.0,100.0,388,560,69.3,4624,29,5.2,14,2.5,22.2,78,8.3,8.2,11.9,272.0,101.1,29,171,4.9,7.56,7.48,2023,17,30275436.0,7568859.0,OverTheCap – Quarterback Contract History,2020.0,4.0,fractional first-down count
Jared Goff,DET,29,14/10/1994,28/04/2016,17,17,100.0,100.0,407,605,67.3,4575,30,5.0,12,2.0,22.7,70,7.6,7.7,11.2,269.1,97.9,30,197,4.7,6.89,6.99,2023,17,,,,,,fractional first-down count
Dak Prescott,DAL,30,29/07/1993,28/04/2016,17,17,100.0,100.0,410,590,69.5,4516,36,6.1,9,1.5,22.2,92,7.7,8.2,11.0,265.6,105.9,39,255,6.2,6.77,7.28,2023,17,160000000.0,40000000.0,OverTheCap – Quarterback Contract History,2021.0,4.0,fractional first-down count
Josh Allen,BUF,27,21/05/1996,26/04/2018,17,17,100.0,100.0,385,579,66.5,4306,29,5.0,18,3.1,19.9,81,7.4,7.0,11.2,253.3,92.2,24,152,4.0,6.89,6.51,2023,17,258000000.0,43000000.0,OverTheCap – Quarterback Contract History,2021.0,6.0,fractional first-down count
Brock Purdy,SFO,24,27/12/1999,28/04/2022,16,16,94.12,94.12,308,444,69.4,4280,31,7.0,11,2.5,19.2,76,9.6,9.9,13.9,267.5,113.0,28,153,5.9,8.74,9.01,2023,17,3737012.0,934253.0,OverTheCap – Quarterback Contract History,2022.0,4.0,fractional first-down count
Patrick Mahomes,KAN,28,17/09/1995,27/04/2017,16,16,94.12,94.12,401,597,67.2,4183,27,4.5,14,2.3,20.6,67,7.0,6.9,10.4,261.4,92.6,27,186,4.3,6.41,6.26,2023,17,450000000.0,45000000.0,OverTheCap – Quarterback Contract History,2020.0,10.0,fractional first-down count
Jordan Love,GNB,25,02/11/1998,29/04/2021,17,17,100.0,100.0,372,579,64.2,4159,32,5.5,11,1.9,20.9,77,7.2,7.4,11.2,244.6,96.1,30,242,4.9,6.43,6.67,2023,17,13500000.0,13500000.0,OverTheCap – Quarterback Contract History,2023.0,1.0,fractional first-down count
C.J. Stroud,HOU,22,03/10/2001,27/04/2023,15,15,88.24,88.24,319,499,63.9,4108,23,4.6,5,1.0,18.8,75,8.2,8.7,12.9,273.9,100.8,38,331,7.1,7.03,7.47,2023,17,36279244.0,9069811.0,OverTheCap – Quarterback Contract History,2023.0,4.0,fractional first-down count
Baker Mayfield,TAM,28,14/04/1995,26/04/2018,17,17,100.0,100.0,364,566,64.3,4044,28,4.9,10,1.8,18.8,75,7.1,7.3,11.1,237.9,94.6,40,232,6.6,6.29,6.47,2023,17,4000000.0,4000000.0,OverTheCap – Quarterback Contract History,2023.0,1.0,fractional first-down count
Trevor Lawrence,JAX,24,06/10/1999,29/04/2021,16,16,94.12,94.12,370,564,65.6,4016,21,3.7,14,2.5,17.9,65,7.1,6.7,10.9,251.0,88.5,35,224,5.8,6.33,5.98,2023,17,36793486.0,9198372.0,OverTheCap – Quarterback Contract History,2021.0,4.0,fractional first-down count
Matthew Stafford,LAR,35,07/02/1988,25/04/2009,15,15,88.24,88.24,326,521,62.6,3965,24,4.6,11,2.1,18.7,80,7.6,7.6,12.2,264.3,92.5,30,205,5.4,6.82,6.8,2023,17,,,,,,fractional first-down count
Derek Carr,NOR,32,28/03/1991,08/05/2014,17,17,100.0,100.0,375,548,68.4,3878,25,4.6,8,1.5,18.5,58,7.1,7.3,10.3,228.1,97.7,31,218,5.4,6.32,6.56,2023,17,150000000.0,37500000.0,OverTheCap – Quarterback Contract History,2023.0,4.0,fractional first-down count
Jalen Hurts,PHI,25,07/08/1998,23/04/2020,17,17,100.0,100.0,352,538,65.4,3858,23,4.3,15,2.8,18.5,63,7.2,6.8,11.0,226.9,89.1,36,222,6.3,6.33,5.96,2023,17,255000000.0,51000000.0,OverTheCap – Quarterback Contract History,2023.0,5.0,fractional first-down count
Lamar Jackson,BAL,26,07/01/1997,26/04/2018,16,16,94.12,94.12,307,457,67.2,3678,24,5.3,7,1.5,16.7,80,8.0,8.4,12.0,229.9,102.7,37,218,7.5,7.0,7.34,2023,17,260000000.0,52000000.0,OverTheCap – Quarterback Contract History,2023.0,5.0,fractional first-down count
Geno Smith,SEA,33,10/10/1990,25/04/2013,15,15,88.24,88.24,323,499,64.7,3624,20,4.0,9,1.8,16.9,73,7.3,7.3,11.2,241.6,92.1,31,231,5.8,6.4,6.39,2023,17,75000000.0,25000000.0,OverTheCap – Quarterback Contract History,2023.0,3.0,fractional first-down count
Gardner Minshew II,IND,27,16/05/1996,25/04/2019,17,13,100.0,76.47,305,490,62.2,3305,15,3.1,9,1.8,14.7,75,6.7,6.5,10.8,194.4,84.6,34,187,6.5,5.95,5.75,2023,17,3500000.0,3500000.0,OverTheCap – Quarterback Contract History,2023.0,1.0,fractional first-down count
Russell Wilson,DEN,35,29/11/1988,26/04/2012,15,15,88.24,88.24,297,447,66.4,3070,26,5.8,8,1.8,13.5,60,6.9,7.2,10.3,204.7,98.0,45,258,9.1,5.72,6.04,2023,17,245000000.0,49000000.0,OverTheCap – Quarterback Contract History,2022.0,5.0,fractional first-down count
Bryce Young,CAR,22,25/07/2001,27/04/2023,16,16,94.12,94.12,315,527,59.8,2877,11,2.1,10,1.9,13.3,48,5.5,5.0,9.1,179.8,73.7,62,477,10.5,4.07,3.68,2023,17,37955074.0,9488769.0,OverTheCap – Quarterback Contract History,2023.0,4.0,fractional first-down count
Desmond Ridder,ATL,24,31/08/1999,28/04/2022,15,13,88.24,76.47,249,388,64.2,2836,12,3.1,12,3.1,13.6,71,7.3,6.5,11.4,189.1,83.4,31,197,7.4,6.3,5.58,2023,17,5362962.0,1340741.0,OverTheCap – Quarterback Contract History,2022.0,4.0,fractional first-down count
Justin Fields,CHI,24,05/03/1999,29/04/2021,13,13,76.47,76.47,227,370,61.4,2562,16,4.3,9,2.4,12.1,58,6.9,6.7,11.3,197.1,86.3,44,285,10.6,5.5,5.29,2023,17,18871952.0,4717988.0,OverTheCap – Quarterback Contract History,2021.0,4.0,fractional first-down count
Joshua Dobbs,2TM,28,26/01/1995,26/04/2018,13,12,76.47,70.59,262,417,62.8,2464,13,3.1,10,2.4,12.6,69,5.9,5.5,9.4,189.5,79.5,30,217,6.7,5.03,4.6,2023,17,2000000.0,2000000.0,OverTheCap – Quarterback Contract History,2023.0,1.0,fractional first-down count
Kirk Cousins,MIN,35,19/08/1988,26/04/2012,8,8,47.06,47.06,216,311,69.5,2331,18,5.8,5,1.6,11.2,62,7.5,7.9,10.8,291.4,103.8,17,110,5.2,6.77,7.18,2023,17,,,,,,fractional first-down count
Joe Burrow,CIN,27,10/12/1996,23/04/2020,10,10,58.82,58.82,244,365,66.8,2309,15,4.1,6,1.6,11.5,64,6.3,6.4,9.5,230.9,91.0,24,180,6.2,5.47,5.55,2023,17,275000000.0,55000000.0,OverTheCap – Quarterback Contract History,2023.0,5.0,fractional first-down count
Zach Wilson,NYJ,24,03/08/1999,29/04/2021,12,11,70.59,64.71,221,368,60.1,2271,8,2.2,7,1.9,10.4,68,6.2,5.8,10.3,189.3,77.2,46,340,11.1,4.66,4.29,2023,17,35150680.0,8787695.0,OverTheCap – Quarterback Contract History,2021.0,4.0,fractional first-down count
Aidan O'Connell,LVR,25,01/09/1998,27/04/2023,11,10,64.71,58.82,213,343,62.1,2218,12,3.5,7,2.0,10.7,50,6.5,6.2,10.4,201.6,83.9,24,173,6.5,5.57,5.37,2023,17,4349380.0,1087345.0,OverTheCap – Quarterback Contract History,2023.0,4.0,fractional first-down count
Kenny Pickett,PIT,25,06/06/1998,28/04/2022,12,12,70.59,70.59,201,324,62.0,2070,6,1.9,4,1.2,9.1,72,6.4,6.2,10.3,172.5,81.4,23,173,6.6,5.47,5.29,2023,17,14067904.0,3516976.0,OverTheCap – Quarterback Contract History,2022.0,4.0,fractional first-down count
Jake Browning,CIN,27,11/04/1996,27/04/2023,9,7,52.94,41.18,171,243,70.4,1936,12,4.9,7,2.9,9.3,80,8.0,7.7,11.3,215.1,98.4,24,169,9.0,6.62,6.34,2023,17,750000.0,750000.0,OverTheCap – Quarterback Contract History,2023.0,1.0,fractional first-down count
Will Levis,TEN,24,27/06/1999,27/04/2023,9,9,52.94,52.94,149,255,58.4,1808,8,3.1,4,1.6,8.1,61,7.1,7.0,12.1,200.9,84.2,28,185,9.9,5.73,5.66,2023,17,9542162.0,2385541.0,OverTheCap – Quarterback Contract History,2023.0,4.0,fractional first-down count
Kyler Murray,ARI,26,07/08/1997,25/04/2019,8,8,47.06,47.06,176,268,65.7,1799,10,3.7,5,1.9,8.8,48,6.7,6.6,10.2,224.9,89.4,18,119,6.3,5.87,5.79,2023,17,230500000.0,46100000.0,OverTheCap – Quarterback Contract History,2022.0,5.0,fractional first-down count
Ryan Tannehill,TEN,35,27/07/1988,26/04/2012,10,8,58.82,47.06,149,230,64.8,1616,4,1.7,7,3.0,7.4,70,7.0,6.0,10.8,161.6,78.5,32,230,12.2,5.29,4.39,2023,17,118000000.0,29500000.0,OverTheCap – Quarterback Contract History,2020.0,4.0,fractional first-down count
Tyrod Taylor,NYG,34,03/08/1989,28/04/2011,11,5,64.71,29.41,116,180,64.4,1341,5,2.8,3,1.7,5.2,80,7.5,7.3,11.6,121.9,89.1,17,94,8.6,6.33,6.15,2023,17,11000000.0,5500000.0,OverTheCap – Quarterback Contract History,2022.0,2.0,fractional first-down count
Nick Mullens,MIN,28,21/03/1995,26/04/2018,5,3,29.41,17.65,100,148,67.6,1306,7,4.7,8,5.4,5.7,47,8.8,7.3,13.1,261.2,88.4,12,105,7.5,7.51,6.13,2023,17,4000000.0,2000000.0,OverTheCap – Quarterback Contract History,2023.0,2.0,fractional first-down count
Bailey Zappe,NWE,24,26/04/1999,28/04/2022,10,6,58.82,35.29,127,212,59.9,1272,6,2.8,9,4.2,5.3,48,6.0,4.7,10.0,127.2,68.7,25,191,10.5,4.56,3.36,2023,17,2955000.0,985000.0,OverTheCap – Quarterback Contract History,2023.0,3.0,fractional first-down count
Easton Stick,LAC,28,15/09/1995,25/04/2019,5,4,29.41,23.53,111,174,63.8,1129,3,1.7,1,0.6,5.3,79,6.5,6.6,10.2,225.8,85.6,14,122,7.4,5.36,5.44,2023,17,1800000.0,1800000.0,OverTheCap – Quarterback Contract History,2023.0,1.0,fractional first-down count
Deshaun Watson,CLE,28,14/09/1995,27/04/2017,6,6,35.29,35.29,105,171,61.4,1115,7,4.1,4,2.3,5.2,59,6.5,6.3,10.6,185.8,84.3,17,85,9.0,5.48,5.27,2023,17,230000000.0,46000000.0,OverTheCap – Quarterback Contract History,2022.0,5.0,fractional first-down count
Tommy DeVito,NYG,25,07/08/1998,27/04/2023,9,6,52.94,35.29,114,178,64.0,1101,8,4.5,3,1.7,4.6,41,6.2,6.3,9.7,122.3,89.2,37,196,17.2,4.21,4.33,2023,17,2705000.0,901667.0,OverTheCap – Quarterback Contract History,2023.0,3.0,fractional first-down count
Daniel Jones,NYG,26,27/05/1997,25/04/2019,6,6,35.29,35.29,108,160,67.5,909,2,1.3,6,3.8,4.3,58,5.7,4.2,8.4,151.5,70.5,30,167,15.8,3.91,2.69,2023,17,160000000.0,40000000.0,OverTheCap – Quarterback Contract History,2023.0,4.0,fractional first-down count
Taylor Heinicke,ATL,30,15/03/1993,27/04/2017,5,4,29.41,23.53,74,136,54.4,890,5,3.7,4,2.9,4.1,75,6.5,6.0,12.0,178.0,74.7,8,47,5.6,5.85,5.3,2023,17,14000000.0,7000000.0,OverTheCap – Quarterback Contract History,2023.0,2.0,fractional first-down count
Tyson Bagent,CHI,23,08/06/2000,27/04/2023,5,4,29.41,23.53,94,143,65.7,859,3,2.1,6,4.2,4.8,41,6.0,4.5,9.1,171.8,71.4,5,35,3.4,5.57,4.15,2023,17,2720000.0,906667.0,OverTheCap – Quarterback Contract History,2023.0,3.0,fractional first-down count
Trevor Siemian,NYJ,32,26/12/1991,30/04/2015,5,3,29.41,17.65,86,153,56.2,724,2,1.3,4,2.6,3.5,30,4.7,3.8,8.4,144.8,62.1,8,40,5.0,4.25,3.38,2023,17,1317500.0,1317500.0,OverTheCap – Quarterback Contract History,2023.0,1.0,fractional first-down count
Mason Rudolph,PIT,28,17/07/1995,26/04/2018,4,3,23.53,17.65,55,74,74.3,719,3,4.1,0,0.0,2.6,86,9.7,10.5,13.1,179.8,118.0,6,43,7.5,8.45,9.2,2023,17,1080000.0,1080000.0,OverTheCap – Quarterback Contract History,2023.0,1.0,fractional first-down count
P.J. Walker,CLE,28,26/02/1995,23/04/2020,6,2,35.29,11.76,54,111,48.6,674,1,0.9,5,4.5,2.7,58,6.1,4.2,12.5,112.3,52.2,11,90,9.0,4.79,3.11,2023,17,28177087.3125,7044271.828125,Spotrac 2026 Rookie Scale – 1st-round average fallback (pick not found),2020.0,4.0,fractional first-down count
Mitchell Trubisky,PIT,29,20/08/1994,27/04/2017,5,2,29.41,11.76,67,107,62.6,632,4,3.7,5,4.7,3.6,26,5.9,4.6,9.4,126.4,71.9,7,42,6.1,5.18,3.9,2023,17,11250000.0,5625000.0,OverTheCap – Quarterback Contract History,2023.0,2.0,fractional first-down count
Anthony Richardson,IND,21,22/05/2002,27/04/2023,4,4,23.53,23.53,50,84,59.5,577,3,3.6,1,1.2,3.1,39,6.9,7.0,11.5,144.3,87.3,7,29,7.7,6.02,6.19,2023,17,33994030.0,8498508.0,OverTheCap – Quarterback Contract History,2023.0,4.0,fractional first-down count
Jarrett Stidham,DEN,27,08/08/1996,25/04/2019,3,2,17.65,11.76,40,66,60.6,496,2,3.0,1,1.5,1.9,54,7.5,7.4,12.4,165.3,87.7,7,46,9.6,6.16,6.1,2023,17,10000000.0,5000000.0,OverTheCap – Quarterback Contract History,2023.0,2.0,fractional first-down count
Dorian Thompson-Robinson,CLE,24,14/11/1999,27/04/2023,8,3,47.06,17.65,60,112,53.6,440,1,0.9,4,3.6,2.6,23,3.9,2.5,7.3,55.0,51.2,6,60,5.1,3.22,1.86,2023,17,4182268.0,1045567.0,OverTheCap – Quarterback Contract History,2023.0,4.0,fractional first-down count
Andy Dalton,CAR,36,29/10/1987,28/04/2011,3,1,17.65,5.88,34,58,58.6,361,2,3.4,0,0.0,1.7,47,6.2,6.9,10.6,120.3,88.4,3,27,4.9,5.48,6.13,2023,17,10000000.0,5000000.0,OverTheCap – Quarterback Contract History,2023.0,2.0,fractional first-down count
Tim Boyle,NYJ,29,03/10/1994,26/04/2018,3,2,17.65,11.76,48,77,62.3,360,1,1.3,4,5.2,1.6,36,4.7,2.6,7.5,120.0,56.2,9,64,10.5,3.44,1.58,2023,17,1155000.0,1155000.0,OverTheCap – Quarterback Contract History,2023.0,1.0,fractional first-down count
C.J. Beathard,JAX,30,16/11/1993,27/04/2017,7,1,41.18,5.88,40,53,75.5,349,1,1.9,0,0.0,1.9,48,6.6,7.0,8.7,49.9,98.7,6,27,10.2,5.46,5.8,2023,17,4500000.0,2250000.0,OverTheCap – Quarterback Contract History,2023.0,2.0,fractional first-down count
Sam Darnold,SFO,26,05/06/1997,26/04/2018,10,1,58.82,5.88,28,46,60.9,297,2,4.3,1,2.2,1.5,48,6.5,6.3,10.6,29.7,85.1,6,40,11.5,4.94,4.85,2023,17,4500000.0,4500000.0,OverTheCap – Quarterback Contract History,2023.0,1.0,fractional first-down count
Case Keenum,HOU,35,17/02/1988,26/04/2012,2,2,11.76,11.76,34,53,64.2,291,1,1.9,3,5.7,1.4,41,5.5,3.3,8.6,145.5,61.1,6,60,10.2,3.92,1.97,2023,17,6250000.0,3125000.0,OverTheCap – Quarterback Contract History,2023.0,2.0,fractional first-down count
Brian Hoyer,LVR,38,31/10/1985,25/04/2009,3,1,17.65,5.88,23,42,54.8,231,0,0.0,2,4.8,1.4,48,5.5,3.4,10.0,77.0,50.8,1,8,2.3,5.19,3.09,2023,17,4500000.0,2250000.0,OverTheCap – Quarterback Contract History,2023.0,2.0,fractional first-down count
Tyler Huntley,BAL,25,03/02/1998,23/04/2020,5,1,29.41,5.88,21,37,56.8,203,3,8.1,0,0.0,1.3,27,5.5,7.1,9.7,40.6,99.3,4,28,9.8,4.27,5.73,2023,17,2627000.0,2627000.0,OverTheCap – Quarterback Contract History,2023.0,1.0,fractional first-down count
Blaine Gabbert,KAN,34,15/10/1989,28/04/2011,2,1,11.76,5.88,18,35,51.4,185,0,0.0,3,8.6,0.8,37,5.3,1.4,10.3,92.5,31.2,1,9,2.8,4.89,1.14,2023,17,1317500.0,1317500.0,OverTheCap – Quarterback Contract History,2023.0,1.0,fractional first-down count
Davis Mills,HOU,25,21/10/1998,29/04/2021,6,0,35.29,0.0,18,39,46.2,173,2,5.1,0,0.0,1.2,19,4.4,5.5,9.6,28.8,76.1,2,13,4.9,3.9,4.88,2023,17,5222100.0,1305525.0,OverTheCap – Quarterback Contract History,2021.0,4.0,fractional first-down count
Brett Rypien,LAR,27,09/07/1996,23/04/2020,2,1,11.76,5.88,18,38,47.4,172,0,0.0,1,2.6,0.8,34,4.5,3.3,9.6,86.0,49.5,2,18,5.0,3.85,2.73,2023,17,1080000.0,1080000.0,OverTheCap – Quarterback Contract History,2023.0,1.0,fractional first-down count
Jaren Hall,MIN,25,24/03/1998,27/04/2023,3,2,17.65,11.76,13,20,65.0,168,0,0.0,1,5.0,0.7,47,8.4,6.2,12.9,56.0,70.4,4,28,16.7,5.83,3.96,2023,17,4119272.0,1029818.0,OverTheCap – Quarterback Contract History,2023.0,4.0,fractional first-down count
Jeff Driskel,CLE,30,23/04/1993,26/04/2018,1,1,5.88,5.88,13,26,50.0,166,2,7.7,2,7.7,0.8,31,6.4,4.5,12.8,166.0,63.9,3,26,10.3,4.83,3.1,2023,17,1140000.0,1140000.0,OverTheCap – Quarterback Contract History,2023.0,1.0,fractional first-down count
Carson Wentz,LAR,31,30/12/1992,28/04/2016,2,1,11.76,5.88,17,24,70.8,163,2,8.3,1,4.2,1.1,29,6.8,6.6,9.6,81.5,99.8,2,14,7.7,5.73,5.54,2023,17,1315000.0,1315000.0,OverTheCap – Quarterback Contract History,2023.0,1.0,fractional first-down count
Cooper Rush,DAL,30,21/11/1993,27/04/2017,7,0,41.18,0.0,18,24,75.0,144,0,0.0,1,4.2,0.7,29,6.0,4.1,8.0,20.6,72.2,1,8,4.0,5.44,3.64,2023,17,5000000.0,2500000.0,OverTheCap – Quarterback Contract History,2023.0,2.0,fractional first-down count
Taysom Hill,NOR,33,23/08/1990,27/04/2017,16,7,94.12,41.18,6,11,54.5,83,1,9.1,0,0.0,0.4,44,7.5,9.4,13.8,5.2,109.3,2,4,15.4,6.08,7.62,2023,17,,,,,,fractional first-down count
Mike White,MIA,28,25/03/1995,26/04/2018,6,0,35.29,0.0,5,6,83.3,74,1,16.7,1,16.7,0.1,68,12.3,8.2,14.8,12.3,118.1,0,0,0.0,12.33,8.17,2023,17,8000000.0,4000000.0,OverTheCap – Quarterback Contract History,2023.0,2.0,fractional first-down count
Malik Willis,TEN,24,25/05/1999,28/04/2022,3,0,17.65,0.0,4,5,80.0,74,0,0.0,0,0.0,0.1,48,14.8,14.8,18.5,24.7,118.7,4,30,44.4,4.89,4.89,2023,17,5160100.0,1290025.0,OverTheCap – Quarterback Contract History,2022.0,4.0,fractional first-down count
Clayton Tune,ARI,24,23/03/1999,27/04/2023,7,1,41.18,5.88,12,21,57.1,62,0,0.0,2,9.5,0.3,14,3.0,-1.3,5.2,8.9,22.6,7,41,25.0,0.75,-2.46,2023,17,4190624.0,1047656.0,OverTheCap – Quarterback Contract History,2023.0,4.0,fractional first-down count
Keenan Allen,LAC,31,27/04/1992,25/04/2013,13,13,76.47,76.47,1,2,50.0,49,1,50.0,0,0.0,0.1,49,24.5,34.5,49.0,3.8,135.4,0,0,0.0,24.5,34.5,2023,17,,,,,,fractional first-down count
Sean Clifford,GNB,25,14/07/1998,27/04/2023,2,0,11.76,0.0,1,1,100.0,37,0,0.0,0,0.0,0.1,37,37.0,37.0,37.0,18.5,118.7,0,0,0.0,37.0,37.0,2023,17,4164180.0,1041045.0,OverTheCap – Quarterback Contract History,2023.0,4.0,fractional first-down count
Jalen Reeves-Maybin,DET,28,31/01/1995,27/04/2017,17,0,100.0,0.0,1,1,100.0,31,0,0.0,0,0.0,0.1,31,31.0,31.0,31.0,1.8,118.7,0,0,0.0,31.0,31.0,2023,17,,,,,,fractional first-down count
Braden Mann,PHI,26,24/11/1997,28/04/2022,15,0,88.24,0.0,1,1,100.0,28,0,0.0,0,0.0,0.1,28,28.0,28.0,28.0,1.9,118.7,0,0,0.0,28.0,28.0,2023,17,,,,,,fractional first-down count
Logan Woodside,ATL,28,27/01/1995,26/04/2018,1,0,5.88,0.0,3,4,75.0,27,0,0.0,1,25.0,0.3,12,6.8,-4.5,9.0,27.0,53.1,1,7,20.0,4.0,-5.0,2023,17,1905000.0,952500.0,OverTheCap – Quarterback Contract History,2022.0,2.0,fractional first-down count
Drake London,ATL,22,24/07/2001,27/04/2023,16,16,94.12,94.12,1,1,100.0,22,0,0.0,0,0.0,0.1,22,22.0,22.0,22.0,1.4,118.7,0,0,0.0,22.0,22.0,2023,17,32492288.0,8123072.0,Spotrac 2026 Rookie Scale – exact 1st-round draft slot,2022.0,4.0,fractional first-down count
Thomas Morstead,NYJ,37,08/03/1986,25/04/2009,17,0,100.0,0.0,1,1,100.0,18,0,0.0,0,0.0,0.1,18,18.0,18.0,18.0,1.1,118.7,0,0,0.0,18.0,18.0,2023,17,,,,,,fractional first-down count
Kenneth Gainwell,PHI,24,14/03/1999,27/04/2023,16,2,94.12,11.76,1,1,100.0,17,0,0.0,0,0.0,0.1,17,17.0,17.0,17.0,1.1,118.7,0,0,0.0,17.0,17.0,2023,17,,,,,,fractional first-down count
Derrick Henry,TEN,29,04/01/1994,28/04/2016,17,17,100.0,100.0,2,3,66.7,14,2,66.7,0,0.0,0.2,12,4.7,18.0,7.0,0.8,116.7,0,0,0.0,4.67,18.0,2023,17,,,,,,fractional first-down count
Dontayvion Wicks,GNB,22,16/06/2001,27/04/2023,15,6,88.24,35.29,1,1,100.0,14,0,0.0,0,0.0,0.1,14,14.0,14.0,14.0,0.9,118.7,0,0,0.0,14.0,14.0,2023,17,28177087.3125,7044271.828125,Spotrac 2026 Rookie Scale – 1st-round average fallback (pick not found),2023.0,4.0,fractional first-down count
Logan Cooke,JAX,28,28/07/1995,26/04/2018,17,0,100.0,0.0,1,1,100.0,13,0,0.0,0,0.0,0.1,13,13.0,13.0,13.0,0.8,118.7,0,0,0.0,13.0,13.0,2023,17,,,,,,fractional first-down count
Jakobi Meyers,LVR,27,09/11/1996,23/04/2020,16,16,94.12,94.12,2,3,66.7,12,1,33.3,0,0.0,0.1,9,4.0,10.7,6.0,0.8,113.9,0,0,0.0,4.0,10.67,2023,17,28177087.3125,7044271.828125,Spotrac 2026 Rookie Scale – 1st-round average fallback (pick not found),2020.0,4.0,fractional first-down count
Tommy Townsend,KAN,27,12/11/1996,23/04/2020,17,0,100.0,0.0,1,1,100.0,11,0,0.0,0,0.0,0.1,11,11.0,11.0,11.0,0.6,112.5,0,0,0.0,11.0,11.0,2023,17,28177087.3125,7044271.828125,Spotrac 2026 Rookie Scale – 1st-round average fallback (pick not found),2020.0,4.0,fractional first-down count
Devin Singletary,HOU,26,03/09/1997,25/04/2019,17,10,100.0,58.82,1,1,100.0,6,1,100.0,0,0.0,0.1,6,6.0,26.0,6.0,0.4,131.2,0,0,0.0,6.0,26.0,2023,17,,,,,,fractional first-down count
Jerick McKinnon,KAN,31,03/05/1992,08/05/2014,12,0,70.59,0.0,1,1,100.0,4,1,100.0,0,0.0,0.1,4,4.0,24.0,4.0,0.3,122.9,0,0,0.0,4.0,24.0,2023,17,,,,,,fractional first-down count
Brett Favre,GNB,32,01/07/1973,21/04/1991,16,16,100.0,100.0,314,510,61.6,3921,32,6.3,15,2.9,18.7,67,7.7,7.6,12.5,245.1,94.1,22,151,4.1,7.09,7.02,2001,16,80600000.0,11514286.0,OverTheCap – Quarterback Contract History,2001.0,7.0,birth year vs age differs by more than one
Jon Kitna,CIN,29,01/11/1977,19/04/1997,16,15,100.0,93.75,313,581,53.9,3216,12,2.1,22,3.8,17.2,49,5.5,4.2,10.3,201.0,61.1,25,185,4.1,5.0,3.76,2001,16,,,,,,birth year vs age differs by more than one
Elvis Grbac,BAL,31,06/10/1975,25/04/1993,14,14,87.5,87.5,265,467,56.7,3033,15,3.2,18,3.9,15.1,77,6.5,5.4,11.4,216.6,71.1,28,215,5.7,5.69,4.66,2001,16,,,,,,birth year vs age differs by more than one
Michael Vick,ATL,21,16/02/1982,21/04/2001,8,2,50.0,12.5,50,113,44.2,785,2,1.8,3,2.7,3.4,52,6.9,6.1,15.7,98.1,62.7,21,113,15.7,5.01,4.31,2001,16,37300000.0,6216667.0,OverTheCap – Quarterback Contract History,2001.0,6.0,birth year vs age differs by more than one
Ryan Leaf,DAL,25,11/05/1978,18/04/1998,4,3,25.0,18.75,45,88,51.1,494,1,1.1,3,3.4,2.4,38,5.6,4.3,11.0,123.5,57.7,12,82,12.0,4.12,2.97,2001,16,54675584.0,13668896.0,Spotrac 2026 Rookie Scale – exact 1st-round draft slot,1998.0,4.0,birth year vs age differs by more than one
Spergon Wynn,MIN,23,17/12/1982,15/04/2000,3,2,18.75,12.5,48,98,49.0,418,1,1.0,6,6.1,2.0,47,4.3,1.7,8.7,139.3,38.6,10,65,9.3,3.27,0.95,2001,16,,,,,,birth year vs age differs by more than one
Jeff George,WAS,34,04/04/1975,21/04/2001,2,2,12.5,12.5,23,42,54.8,168,0,0.0,3,7.1,0.6,17,4.0,0.8,7.3,84.0,34.6,6,38,12.5,2.71,-0.1,2001,16,,,,,,birth year vs age differs by more than one
Brett Favre,GNB,33,01/07/1973,21/04/1991,16,16,100.0,100.0,341,551,61.9,3658,27,4.9,16,2.9,18.9,85,6.6,6.3,10.7,228.6,85.6,26,188,4.5,6.01,5.7,2002,16,80600000.0,11514286.0,OverTheCap – Quarterback Contract History,2001.0,7.0,birth year vs age differs by more than one
Jon Kitna,CIN,30,01/11/1977,19/04/1997,14,12,87.5,75.0,294,473,62.2,3178,16,3.4,16,3.4,15.9,72,6.7,5.9,10.8,227.0,79.1,24,159,4.8,6.07,5.27,2002,16,,,,,,birth year vs age differs by more than one
Michael Vick,ATL,22,16/02/1982,21/04/2001,15,15,93.75,93.75,231,421,54.9,2936,16,3.8,8,1.9,14.0,74,7.0,6.9,12.7,195.7,81.6,33,206,7.3,6.01,5.93,2002,16,37300000.0,6216667.0,OverTheCap – Quarterback Contract History,2001.0,6.0,birth year vs age differs by more than one
James Allen,HOU,27,11/11/1979,20/04/2002,16,5,100.0,31.25,1,2,50.0,5,1,50.0,0,0.0,0.1,5,2.5,12.5,5.0,0.3,95.8,0,0,0.0,2.5,12.5,2002,16,,,,,,birth year vs age differs by more than one
Wayne Chrebet,NYJ,29,12/03/1970,22/04/1995,15,15,93.75,93.75,0,1,0.0,0,0,0.0,0,0.0,0.0,0,0.0,0.0,0.0,0.0,39.6,0,0,0.0,0.0,0.0,2002,16,,,,,,birth year vs age differs by more than one
Matt Turk,NYJ,34,16/06/1970,22/04/1995,16,0,100.0,0.0,0,1,0.0,0,0,0.0,1,100.0,0.0,0,0.0,-45.0,0.0,0.0,0.0,0,0,0.0,0.0,-45.0,2002,16,,,,,,birth year vs age differs by more than one
Jon Kitna,CIN,31,01/11/1977,19/04/1997,16,16,100.0,100.0,324,520,62.3,3591,26,5.0,15,2.9,18.4,82,6.9,6.6,11.1,224.4,87.4,37,249,6.6,6.0,5.72,2003,16,,,,,,birth year vs age differs by more than one
Brett Favre,GNB,34,01/07/1973,21/04/1991,16,16,100.0,100.0,308,471,65.4,3361,32,6.8,21,4.5,16.8,66,7.1,6.5,10.9,210.1,90.4,19,137,3.9,6.58,5.96,2003,16,80600000.0,11514286.0,OverTheCap – Quarterback Contract History,2001.0,7.0,birth year vs age differs by more than one
Michael Vick,ATL,23,16/02/1982,21/04/2001,5,4,31.25,25.0,50,100,50.0,585,4,4.0,3,3.0,3.2,49,5.9,5.3,11.7,117.0,69.0,9,64,8.3,4.78,4.28,2003,16,37300000.0,6216667.0,OverTheCap – Quarterback Contract History,2001.0,6.0,birth year vs age differs by more than one
Jerry Rice,OAK,41,13/04/1978,26/04/2003,16,15,100.0,93.75,0,1,0.0,0,0,0.0,0,0.0,0.0,0,0.0,0.0,0.0,0.0,39.6,0,0,0.0,0.0,0.0,2003,16,,,,,,birth year vs age differs by more than one
Brett Favre,GNB,35,01/07/1973,21/04/1991,16,16,100.0,100.0,346,540,64.1,4088,30,5.6,17,3.1,20.5,79,7.6,7.3,11.8,255.5,92.4,12,93,2.2,7.24,6.94,2004,16,80600000.0,11514286.0,OverTheCap – Quarterback Contract History,2001.0,7.0,birth year vs age differs by more than one
Michael Vick,ATL,24,16/02/1982,21/04/2001,15,15,93.75,93.75,181,321,56.4,2313,14,4.4,12,3.7,10.2,62,7.2,6.4,12.8,154.2,78.1,46,266,12.5,5.58,4.87,2004,16,91000000.0,13000000.0,OverTheCap – Quarterback Contract History,2004.0,7.0,birth year vs age differs by more than one
Jon Kitna,CIN,32,01/11/1977,19/04/1997,4,3,25.0,18.75,61,104,58.7,623,5,4.8,4,3.8,3.2,30,6.0,5.2,10.2,155.8,75.9,6,41,5.5,5.29,4.56,2004,16,,,,,,birth year vs age differs by more than one
Steve Smith Sr.,CAR,25,06/05/1985,24/04/2004,1,1,6.25,6.25,0,1,0.0,0,0,0.0,0,0.0,0.0,0,0.0,0.0,0.0,0.0,39.6,0,0,0.0,0.0,0.0,2004,16,,,,,,birth year vs age differs by more than one
Brett Favre,GNB,36,01/07/1973,21/04/1991,16,16,100.0,100.0,372,607,61.3,3881,20,3.3,29,4.8,20.2,59,6.4,4.9,10.4,242.6,70.9,24,170,3.8,5.88,4.45,2005,16,80600000.0,11514286.0,OverTheCap – Quarterback Contract History,2001.0,7.0,birth year vs age differs by more than one
Michael Vick,ATL,25,16/02/1982,21/04/2001,15,15,93.75,93.75,214,387,55.3,2412,15,3.9,13,3.4,12.6,58,6.2,5.5,11.3,160.8,73.1,33,201,7.9,5.26,4.59,2005,16,91000000.0,13000000.0,OverTheCap – Quarterback Contract History,2004.0,7.0,birth year vs age differs by more than one
Jon Kitna,CIN,33,01/11/1977,19/04/1997,3,0,18.75,0.0,17,29,58.6,99,0,0.0,2,6.9,0.6,16,3.4,0.3,5.8,33.0,36.4,2,10,6.5,2.87,-0.03,2005,16,,,,,,birth year vs age differs by more than one
Chris Gardocki,PIT,35,14/08/1972,21/04/1991,16,0,100.0,0.0,0,1,0.0,0,0,0.0,0,0.0,0.0,0,0.0,0.0,0.0,0.0,39.6,0,0,0.0,0.0,0.0,2005,16,,,,,,birth year vs age differs by more than one
Jon Kitna,DET,34,01/11/1977,19/04/1997,16,16,100.0,100.0,372,596,62.4,4208,21,3.5,22,3.7,20.9,60,7.1,6.1,11.3,263.0,79.9,63,388,9.6,5.8,4.93,2006,16,,,,,,birth year vs age differs by more than one
Brett Favre,GNB,37,01/07/1973,21/04/1991,16,16,100.0,100.0,343,613,56.0,3885,18,2.9,18,2.9,18.3,82,6.3,5.6,11.3,242.8,72.7,21,134,3.3,5.92,5.21,2006,16,80600000.0,11514286.0,OverTheCap – Quarterback Contract History,2001.0,7.0,birth year vs age differs by more than one
Michael Vick,ATL,26,16/02/1982,21/04/2001,16,16,100.0,100.0,204,388,52.6,2474,20,5.2,13,3.4,12.2,55,6.4,5.9,12.1,154.6,75.7,45,303,10.4,5.01,4.59,2006,16,91000000.0,13000000.0,OverTheCap – Quarterback Contract History,2004.0,7.0,birth year vs age differs by more than one
Brett Favre,NYJ,39,01/07/1973,21/04/1991,16,16,100.0,100.0,343,522,65.7,3472,22,4.2,22,4.2,18.6,56,6.7,5.6,10.1,217.0,81.0,30,213,5.4,5.9,4.91,2008,16,,,,,,birth year vs age differs by more than one
Jon Kitna,DET,36,01/11/1977,19/04/1997,4,4,25.0,25.0,68,120,56.7,758,5,4.2,5,4.2,3.3,47,6.3,5.3,11.1,189.5,72.2,15,89,11.1,4.96,4.03,2008,16,,,,,,birth year vs age differs by more than one
Matt Turk,HOU,40,16/06/1970,22/04/1995,16,0,100.0,0.0,0,1,0.0,0,0,0.0,0,0.0,0.0,0,0.0,0.0,0.0,0.0,39.6,0,0,0.0,0.0,0.0,2008,16,,,,,,birth year vs age differs by more than one
Brett Favre,MIN,40,01/07/1973,21/04/1991,16,16,100.0,100.0,363,531,68.4,4202,33,6.2,7,1.3,21.4,63,7.9,8.6,11.6,262.6,107.2,34,247,6.0,7.0,7.61,2009,16,25000000.0,12500000.0,OverTheCap – Quarterback Contract History,2009.0,2.0,birth year vs age differs by more than one
Michael Vick,PHI,29,16/02/1982,21/04/2001,12,1,75.0,6.25,6,13,46.2,86,1,7.7,0,0.0,0.3,43,6.6,8.2,14.3,7.2,93.7,0,0,0.0,6.62,8.15,2009,16,6875000.0,3437500.0,OverTheCap – Quarterback Contract History,2009.0,2.0,birth year vs age differs by more than one
Chris Johnson,TEN,24,09/11/2004,26/04/2008,16,16,100.0,100.0,0,1,0.0,0,0,0.0,0,0.0,0.0,0,0.0,0.0,0.0,0.0,39.6,0,0,0.0,0.0,0.0,2009,16,19748678.0,4937169.5,Spotrac 2026 Rookie Scale – exact 1st-round draft slot,2008.0,4.0,birth year vs age differs by more than one
Michael Vick,PHI,30,16/02/1982,21/04/2001,12,12,75.0,75.0,233,372,62.6,3018,21,5.6,6,1.6,11.9,91,8.1,8.5,13.0,251.5,100.2,34,210,8.4,6.92,7.29,2010,16,6875000.0,3437500.0,OverTheCap – Quarterback Contract History,2009.0,2.0,birth year vs age differs by more than one
Brett Favre,MIN,41,01/07/1973,21/04/1991,13,13,81.25,81.25,217,358,60.6,2509,11,3.1,19,5.3,11.2,53,7.0,5.2,11.6,193.0,69.9,22,139,5.8,6.24,4.57,2010,16,16000000.0,16000000.0,OverTheCap – Quarterback Contract History,2010.0,1.0,birth year vs age differs by more than one
Jon Kitna,DAL,38,01/11/1977,19/04/1997,10,9,62.5,56.25,209,318,65.7,2365,16,5.0,12,3.8,9.7,71,7.4,6.7,11.3,236.5,88.9,21,100,6.2,6.68,6.03,2010,16,,,,,,birth year vs age differs by more than one
Michael Vick,PHI,31,16/02/1982,21/04/2001,13,13,81.25,81.25,253,423,59.8,3303,18,4.3,14,3.3,15.4,73,7.8,7.2,13.1,254.1,84.9,23,126,5.2,7.12,6.52,2011,16,80000000.0,16000000.0,OverTheCap – Quarterback Contract History,2011.0,5.0,birth year vs age differs by more than one
Jon Kitna,DAL,39,01/11/1977,19/04/1997,3,0,18.75,0.0,6,10,60.0,87,1,10.0,2,20.0,0.4,33,8.7,1.7,14.5,29.0,82.1,0,0,0.0,8.7,1.7,2011,16,,,,,,birth year vs age differs by more than one
Brandon Banks,WAS,24,13/07/1994,22/04/2010,16,0,100.0,0.0,1,1,100.0,49,1,100.0,0,0.0,0.1,49,49.0,69.0,49.0,3.1,158.3,0,0,0.0,49.0,69.0,2011,16,28177087.3125,7044271.828125,Spotrac 2026 Rookie Scale – 1st-round average fallback (pick not found),2010.0,4.0,birth year vs age differs by more than one
Michael Vick,PHI,32,16/02/1982,21/04/2001,10,10,62.5,62.5,204,351,58.1,2362,12,3.4,10,2.8,11.5,77,6.7,6.1,11.6,236.2,78.1,28,153,7.4,5.83,5.27,2012,16,80000000.0,16000000.0,OverTheCap – Quarterback Contract History,2011.0,5.0,birth year vs age differs by more than one
Thaddeus Lewis,CLE,27,19/11/1987,28/04/2011,1,1,6.25,6.25,22,32,68.8,204,1,3.1,1,3.1,1.2,23,6.4,5.6,9.3,204.0,83.3,3,14,8.6,5.43,4.71,2012,16,28177087.3125,7044271.828125,Spotrac 2026 Rookie Scale – 1st-round average fallback (pick not found),2011.0,4.0,birth year vs age differs by more than one
Danario Alexander,SDG,26,17/08/1988,22/04/2010,10,6,62.5,37.5,0,1,0.0,0,0,0.0,0,0.0,0.0,0,0.0,0.0,0.0,0.0,39.6,0,0,0.0,0.0,0.0,2012,16,28177087.3125,7044271.828125,Spotrac 2026 Rookie Scale – 1st-round average fallback (pick not found),2010.0,4.0,birth year vs age differs by more than one
Michael Vick,PHI,33,16/02/1982,21/04/2001,7,6,43.75,37.5,77,141,54.6,1215,5,3.5,3,2.1,5.2,70,8.6,8.4,15.8,173.6,86.5,15,99,9.6,7.15,6.93,2013,16,7500000.0,7500000.0,OverTheCap – Quarterback Contract History,2013.0,1.0,birth year vs age differs by more than one
Thaddeus Lewis,BUF,28,19/11/1987,28/04/2011,6,5,37.5,31.25,93,157,59.2,1092,4,2.5,3,1.9,4.9,57,7.0,6.6,11.7,182.0,81.0,18,100,10.3,5.67,5.35,2013,16,28177087.3125,7044271.828125,Spotrac 2026 Rookie Scale – 1st-round average fallback (pick not found),2011.0,4.0,birth year vs age differs by more than one
Michael Vick,NYJ,34,16/02/1982,21/04/2001,10,3,62.5,18.75,64,121,52.9,604,3,2.5,2,1.7,3.3,67,5.0,4.7,9.4,60.4,68.3,19,85,13.6,3.71,3.49,2014,16,4000000.0,4000000.0,OverTheCap – Quarterback Contract History,2014.0,1.0,birth year vs age differs by more than one
Michael Vick,PIT,35,16/02/1982,21/04/2001,5,3,31.25,18.75,40,66,60.6,371,2,3.0,1,1.5,1.4,72,5.6,5.5,9.3,74.2,79.8,10,53,13.2,4.18,4.12,2015,16,970000.0,970000.0,OverTheCap – Quarterback Contract History,2015.0,1.0,birth year vs age differs by more than one
Chris Jones,DAL,31,13/08/1995,25/04/2019,8,0,50.0,0.0,0,1,0.0,0,0,0.0,0,0.0,0.0,0,0.0,0.0,0.0,0.0,39.6,0,0,0.0,0.0,0.0,2020,16,,,,,,birth year vs age differs by more than one
Justin Jefferson,MIN,22,20/03/2003,29/04/2021,17,17,100.0,100.0,2,4,50.0,35,0,0.0,0,0.0,0.2,24,8.8,8.8,17.5,2.1,80.2,0,0,0.0,8.75,8.75,2021,17,20456656.0,5114164.0,Spotrac 2026 Rookie Scale – exact 1st-round draft slot,2020.0,4.0,birth year vs age differs by more than one
Justin Jefferson,MIN,23,20/03/2003,29/04/2021,17,17,100.0,100.0,2,2,100.0,34,0,0.0,0,0.0,0.2,23,17.0,17.0,17.0,2.0,118.7,0,0,0.0,17.0,17.0,2022,17,20456656.0,5114164.0,Spotrac 2026 Rookie Scale – exact 1st-round draft slot,2020.0,4.0,birth year vs age differs by more than one
Justin Jefferson,MIN,24,20/03/2003,29/04/2021,10,9,58.82,52.94,0,1,0.0,0,0,0.0,0,0.0,0.0,0,0.0,0.0,0.0,0.0,39.6,0,0,0.0,0.0,0.0,2023,17,20456656.0,5114164.0,Spotrac 2026 Rookie Scale – exact 1st-round draft slot,2020.0,4.0,birth year vs age differs by more than one
